4.759331126376989745e-06,1.069817143204705187e-05,7.362105585735791718e-06,-1.906917252243807015e-07,-9.180073439225072213e-06,4.159923382094082685e-07,-1.277883278306582289e-06,7.298953778880546396e-06,3.861867299684859483e-06,-1.777795761733081949e-05,2.219222405109913673e-06,7.641815148496156049e-06,2.677316358403769613e-06,5.606308337518947516e-07,-3.684651754279991571e-06,-1.123063325740858533e-05,8.720819302471803846e-07,6.403590500089782776e-06,5.281435334122807083e-07,1.301115543212927093e-05,-2.698718624777288148e-06,-8.892403241635682540e-07,-2.670512223131184300e-06,-2.708247374397812786e-05,6.914958264198171065e-05,9.764397571012544720e-05,-5.160019492451489102e-05,1.558866253407835750e-05,-4.683168230413138606e-05,2.834274386081137793e-05,5.305656081504138878e-06,8.566189855611928340e-06,-1.906468411467631806e-05,1.266153183511073198e-05,4.653847818579578534e-07,-2.423061743234771238e-06,1.254199511137826045e-05,2.088530966745431224e-06,9.655446833540152777e-06,2.036630539724824262e-05,2.582754454961073805e-05,1.151163798560750852e-07,2.362655055587754415e-03,-2.384461146861583704e-03,-2.423780807996511657e-03,-2.409980032151970257e-03,-2.391602152473625790e-03,-2.390926053653270010e-03,-2.404679950893272820e-03,-2.420016444940878073e-03
4.760178818998850685e-06,1.071138296371354795e-05,7.352587963953031689e-06,-1.750694085780524883e-07,-9.179713440807028442e-06,4.175519429712021345e-07,-1.276440873771254525e-06,7.282992502749844909e-06,3.860288204046984179e-06,-1.776745352258493247e-05,2.217750431667864348e-06,7.609078934780750657e-06,2.677909778289431493e-06,5.633736042331387701e-07,-3.659715081774629684e-06,-1.122528011457431416e-05,8.801903898548543739e-07,6.398826435969808583e-06,5.522778909469582068e-07,1.301274213105290185e-05,-2.687399464776342599e-06,-8.503905195053973058e-07,-2.670666568850346927e-06,-2.708229438008964005e-05,6.917531078847250002e-05,9.764856678106542415e-05,-5.155840804636203608e-05,1.561838450681430926e-05,-4.685904337836373988e-05,2.834794136956325205e-05,5.302616530407440943e-06,8.576803227471157569e-06,-1.908228227029211253e-05,1.261923716876676171e-05,4.453090234448904085e-07,-2.410074227732623587e-06,1.254221686852557521e-05,2.070812416221562512e-06,9.643793905423639416e-06,2.038053325722580605e-05,2.583560759987595971e-05,1.382732104598395799e-07,2.362677144672529692e-03,-2.384492039292832218e-03,-2.423718178308781421e-03,-2.409979861671521489e-03,-2.391643809305150394e-03,-2.390926777362733461e-03,-2.404722222301887598e-03,-2.420082253748788090e-03
4.758045112575274466e-06,1.070973123584394725e-05,7.367833330259746454e-06,-2.082703895590679302e-07,-9.186658970649518090e-06,4.288137731086513659e-07,-1.294324834322653191e-06,7.286299238666509903e-06,3.853233347365851912e-06,-1.778404303770728654e-05,2.220119977109596402e-06,7.636023038936260414e-06,2.676026808371765860e-06,5.520242591620437359e-07,-3.671670637684311178e-06,-1.122378737083951187e-05,8.783133505489130944e-07,6.396768160040162928e-06,5.517327110684400687e-07,1.301790715502299284e-05,-2.685879204818655158e-06,-8.691934041885711098e-07,-2.682950502344468177e-06,-2.708821734598349147e-05,6.916513865138395928e-05,9.767701121341177068e-05,-5.160899027643969810e-05,1.561793103324349849e-05,-4.683357347143368086e-05,2.835303500497879207e-05,5.296418047769666385e-06,8.589838577218808914e-06,-1.904992986167301186e-05,1.265974413689604070e-05,4.899768108913296136e-07,-2.386628685116166252e-06,1.257891483805127832e-05,2.085178113375051020e-06,9.681328609673288570e-06,2.040422709264278603e-05,2.584490630649503008e-05,1.127853587656378741e-07,2.362659018768975116e-03,-2.384449857671932464e-03,-2.423718064580575315e-03,-2.409979687656289577e-03,-2.391623233167179414e-03,-2.390930239344014972e-03,-2.404718690599778452e-03,-2.420018319040868719e-03
4.766761951589951227e-06,1.069468915897264383e-05,7.354474959971788156e-06,-2.008888631383892479e-07,-9.160113462378461624e-06,4.260552391019182658e-07,-1.306664679915784926e-06,7.298121774182494151e-06,3.857073437653044596e-06,-1.778168235654028451e-05,2.200472770593923038e-06,7.626523988230342076e-06,2.659157589679495004e-06,5.430886265292235054e-07,-3.683358776439240928e-06,-1.123220462761714117e-05,8.734263936703119089e-07,6.393254356895304795e-06,5.474730455295130113e-07,1.302441996015160933e-05,-2.693859551571000655e-06,-8.700540316602820314e-07,-2.670944150687228303e-06,-2.708013280870025710e-05,6.916179859371491721e-05,9.766323662855689431e-05,-5.158679412493577651e-05,1.561354954340488633e-05,-4.684757462169590906e-05,2.835632145629806390e-05,5.291106583538152108e-06,8.565516304327338681e-06,-1.905559503231538839e-05,1.264382600403841957e-05,4.845199260202094085e-07,-2.407092415263505083e-06,1.255697264093971113e-05,2.076844304851908842e-06,9.637816798316970341e-06,2.035480214052981239e-05,2.584853813454469088e-05,1.352685875584809854e-07,2.362619479603432320e-03,-2.384455050472126213e-03,-2.423780414263579548e-03,-2.409979496674241259e-03,-2.391645744425498210e-03,-2.390943903870903445e-03,-2.404684348560465895e-03,-2.420097367686292831e-03
4.763188154867402817e-06,1.070275343992359670e-05,7.363703651696055377e-06,-1.903115124949097511e-07,-9.187943131795859894e-06,4.174410304402464217e-07,-1.298540065542699201e-06,7.290879570422491720e-06,3.859722673658884963e-06,-1.779403853729454358e-05,2.228111463434080322e-06,7.637678404002335017e-06,2.669135980177332766e-06,5.643578535210586170e-07,-3.667449594035030679e-06,-1.122841596458004459e-05,8.671574541641275292e-07,6.394369212124324793e-06,5.363377547288002792e-07,1.301620934828234871e-05,-2.673029401992523878e-06,-8.557586987305142709e-07,-2.672606301700879454e-06,-2.708143843756876908e-05,6.914392961175832447e-05,9.763145275523116133e-05,-5.159301117586164690e-05,1.560829574926964178e-05,-4.682719047542123350e-05,2.834598954723943805e-05,5.306874245824765748e-06,8.567194119307689225e-06,-1.905716274874624303e-05,1.262544868737683773e-05,4.532354113942294925e-07,-2.421930138527088599e-06,1.256992898597448190e-05,2.115078188555407076e-06,9.681328818680035416e-06,2.040776466348088677e-05,2.583145005069050189e-05,1.262319307104352518e-07,2.362665251970718500e-03,-2.384501582063682651e-03,-2.423771954897320849e-03,-2.409979278894273155e-03,-2.391663769083183459e-03,-2.390913370477809607e-03,-2.404743924986278963e-03,-2.420068746625042653e-03
4.764337878774458142e-06,1.069360815383060286e-05,7.362329478241330065e-06,-1.883634239315971199e-07,-9.171864525008689047e-06,4.218164083976007009e-07,-1.290390437975090247e-06,7.291514243352241703e-06,3.864510114508985556e-06,-1.777160848231325172e-05,2.208923067603757532e-06,7.622905551378271169e-06,2.685953273940084600e-06,5.608871982838370765e-07,-3.671415825665207404e-06,-1.122339588262155963e-05,8.739439450458359896e-07,6.384574258405703625e-06,5.351170220225689682e-07,1.301921889802059174e-05,-2.705400722570670916e-06,-8.635546520156143252e-07,-2.671283801824184815e-06,-2.708130689088210903e-05,6.916154517449181092e-05,9.764442895359160262e-05,-5.158286239293716099e-05,1.563940363360093565e-05,-4.682909382265543674e-05,2.836623501097030518e-05,5.314832382619595566e-06,8.585215241302527239e-06,-1.908239242566231664e-05,1.264576220646888655e-05,4.478596405862781484e-07,-2.432633826097119422e-06,1.261058853824791103e-05,2.045703244012122388e-06,9.654550337126206654e-06,2.041004464083867652e-05,2.586194031827207759e-05,1.161032414526935077e-07,2.362655038508337541e-03,-2.384505253302770123e-03,-2.423740563907505509e-03,-2.409979048454931501e-03,-2.391647284061805979e-03,-2.390877665480137595e-03,-2.404737355604197237e-03,-2.420025746289822168e-03
4.752465867844233273e-06,1.069276113447469354e-05,7.363928184799944356e-06,-2.021672081388373820e-07,-9.181314800606012248e-06,4.110032362965216711e-07,-1.285094069018314935e-06,7.279980213578193877e-06,3.853654510433849001e-06,-1.778543053934701916e-05,2.209650343617605779e-06,7.627154443193430587e-06,2.681370657101369551e-06,5.490108336188616156e-07,-3.669187951394176921e-06,-1.122390161956795027e-05,8.712727556702128944e-07,6.393550808747511168e-06,5.362774650851802250e-07,1.300558767261635348e-05,-2.694848832356612007e-06,-8.530026281130065092e-07,-2.671577821161048791e-06,-2.709817240196104798e-05,6.914572999390212148e-05,9.764310372398668871e-05,-5.156623365151439674e-05,1.559406576632160827e-05,-4.682481781470104152e-05,2.836224448217200561e-05,5.323288296855746617e-06,8.557507514874167394e-06,-1.904719508029354549e-05,1.266728609561474252e-05,4.661671724633934181e-07,-2.428062976245454949e-06,1.254488465188020389e-05,2.108938951025032143e-06,9.705268539644527247e-06,2.039952907383505505e-05,2.584119729542315485e-05,1.300985947506830972e-07,2.362679120610210962e-03,-2.384460973303136142e-03,-2.423759143482063626e-03,-2.409978797607172703e-03,-2.391630045422495684e-03,-2.390945207784284793e-03,-2.404685453141877476e-03,-2.420106490424289280e-03
4.766936658111548140e-06,1.070309001885807578e-05,7.331339837976534960e-06,-1.997251709868936292e-07,-9.191556235062728686e-06,4.092650903548922345e-07,-1.290374449853319757e-06,7.288726236897969350e-06,3.845573075141124928e-06,-1.778190481272408192e-05,2.220365233682875357e-06,7.616197965059981953e-06,2.682646082717785069e-06,5.431274669745363270e-07,-3.682049737224705101e-06,-1.122343509773058087e-05,8.706076998552825746e-07,6.405713908426498433e-06,5.380122900308669197e-07,1.301696211584458497e-05,-2.689282014957582186e-06,-8.649691031656380580e-07,-2.672588578846117207e-06,-2.707959057474961886e-05,6.915262009755731849e-05,9.765755556160101304e-05,-5.158322568347299198e-05,1.561752454552516251e-05,-4.682698328738474434e-05,2.835896601052746523e-05,5.299494993862737556e-06,8.584637282163668228e-06,-1.905567702528085529e-05,1.264876461906612490e-05,4.520191868793122138e-07,-2.438039221308585609e-06,1.255633921819955347e-05,2.126254339794961532e-06,9.656456633139815833e-06,2.040920013129534253e-05,2.585159534171147623e-05,1.096469970337429651e-07,2.362651200197080168e-03,-2.384458527391989779e-03,-2.423779232855575137e-03,-2.409978532473786971e-03,-2.391608699078521996e-03,-2.390920099578274817e-03,-2.404673861130862764e-03,-2.420016938982209789e-03
4.752408348202718509e-06,1.069208598651844120e-05,7.345558709376462584e-06,-1.890103482245126090e-07,-9.177018007848491716e-06,4.213908457404736463e-07,-1.291514473313080452e-06,7.290170456407198884e-06,3.846798680173456716e-06,-1.778441255325427213e-05,2.213183460957486018e-06,7.625913012247084903e-06,2.674889729397763193e-06,5.560812849376890169e-07,-3.679289711815147792e-06,-1.123401976065416527e-05,8.745205795263515221e-07,6.385802722115408498e-06,5.323464650714580954e-07,1.301970823984179063e-05,-2.688302499310042451e-06,-8.592619895014432350e-07,-2.672220040761856447e-06,-2.708022763760822442e-05,6.915432295488215225e-05,9.763885307831331477e-05,-5.159256313816982034e-05,1.561062434320485999e-05,-4.683511963168513408e-05,2.834868970962785045e-05,5.285250943862751822e-06,8.560859390449260267e-06,-1.904521889477522862e-05,1.266406159122526303e-05,4.761932656157561229e-07,-2.420146737774366359e-06,1.256515799094953395e-05,2.114620154514302413e-06,9.636567456022525029e-06,2.036954765273655955e-05,2.588089671660482916e-05,9.703476290215292007e-08,2.362694877477322826e-03,-2.384479745744069908e-03,-2.423763222941644532e-03,-2.409978226266926322e-03,-2.391650528031706840e-03,-2.390954975101884043e-03,-2.404697842686218893e-03,-2.420018466691484411e-03
4.761625643391473455e-06,1.069262989154071452e-05,7.354479498506749757e-06,-1.941478762826249830e-07,-9.191072960262098394e-06,4.107747851070605821e-07,-1.295862122391592417e-06,7.298553916647998841e-06,3.857631821449387661e-06,-1.778024287267317448e-05,2.206972201841756844e-06,7.616489000642248078e-06,2.684444311886028640e-06,5.470706966371310076e-07,-3.687297464457247816e-06,-1.121982240002401049e-05,8.797907801915331439e-07,6.379009870917583858e-06,5.284754308441242598e-07,1.299280870167794701e-05,-2.677263200507305920e-06,-8.726242246213318180e-07,-2.685617569754498256e-06,-2.710172194705499124e-05,6.916140811050792319e-05,9.763542407718784515e-05,-5.159073119177975047e-05,1.562143392330272065e-05,-4.683137495809471039e-05,2.835316023566576422e-05,5.304367713232922698e-06,8.583820380173671089e-06,-1.904671078864950302e-05,1.263725408515096785e-05,4.638332883281508415e-07,-2.442370517531520157e-06,1.252558241107532984e-05,2.140027861803439976e-06,9.661676828660775885e-06,2.045499123324084418e-05,2.584379899105067888e-05,1.390930148623147299e-07,2.362632716918942107e-03,-2.384483144522414610e-03,-2.423716950867821351e-03,-2.409977923568491429e-03,-2.391657065770329878e-03,-2.390925156576573663e-03,-2.404686223739025200e-03,-2.420087861091731792e-03
4.752117587064577951e-06,1.069998967814042121e-05,7.343445155339914609e-06,-1.816827187508896876e-07,-9.177185443542873385e-06,4.070373646951435723e-07,-1.299942280657313334e-06,7.294145095568021108e-06,3.856301740480380965e-06,-1.779091799193492017e-05,2.218794274527298786e-06,7.630321067785047820e-06,2.665947477450990331e-06,5.509800916483542627e-07,-3.679257432425293371e-06,-1.123123537997926903e-05,8.670785793954229712e-07,6.394025274983568826e-06,5.344895252836216117e-07,1.301506103308302841e-05,-2.694347347999814074e-06,-8.704719561987000461e-07,-2.673139591307506013e-06,-2.705716284483277760e-05,6.914564897973464680e-05,9.764274474011614552e-05,-5.156457298932150686e-05,1.557738630582913250e-05,-4.682226265305519577e-05,2.834286437094590992e-05,5.294369497986725908e-06,8.561932963231477548e-06,-1.906543738929026424e-05,1.267771253272759274e-05,4.598466580658171914e-07,-2.411859407646625764e-06,1.257191142399874788e-05,2.103325046047053372e-06,9.681199419687929096e-06,2.035065421725978932e-05,2.583472681805788776e-05,1.123492913288414761e-07,2.362607153231091519e-03,-2.384480115715950296e-03,-2.423718693418166689e-03,-2.409977591694339571e-03,-2.391665421171120399e-03,-2.390988326708097349e-03,-2.404699032263033116e-03,-2.420008349994059744e-03
4.747848855864479678e-06,1.069056877072951197e-05,7.329801593224909122e-06,-1.976947839955252921e-07,-9.182137849514905516e-06,4.079861120915784169e-07,-1.304603995326402196e-06,7.284779260934527060e-06,3.839585941588616939e-06,-1.778792558017092238e-05,2.217348999059740712e-06,7.627102536620488995e-06,2.670005306078823017e-06,5.485092560681068824e-07,-3.680988983650837616e-06,-1.124212814929004001e-05,8.699297399528629522e-07,6.390929451484927508e-06,5.429679199596718312e-07,1.301224622405222347e-05,-2.676051413006219261e-06,-8.710352084498894044e-07,-2.673812286912323537e-06,-2.708020726823887604e-05,6.915924325975377764e-05,9.763654245605237890e-05,-5.157804788643642027e-05,1.560794036963882156e-05,-4.682101398660175085e-05,2.834668930899107066e-05,5.312938270289623969e-06,8.572034392396957412e-06,-1.906658368092664706e-05,1.263681394279098376e-05,4.689418248693066462e-07,-2.410101492518541210e-06,1.258209182312261975e-05,2.084412779886236793e-06,9.691378731670061619e-06,2.041095399899637343e-05,2.584007584094900954e-05,1.261986753584125845e-07,2.362656552180910242e-03,-2.384508492250373302e-03,-2.423716554378477391e-03,-2.409977246943563467e-03,-2.391652458754182399e-03,-2.390913533286475896e-03,-2.404716905503572182e-03,-2.420018721261862644e-03
4.748868474975426369e-06,1.069615256271001589e-05,7.336901293432093885e-06,-2.186763687678770867e-07,-9.186424431847104992e-06,4.065114387534161994e-07,-1.300555570735016299e-06,7.270423179504127118e-06,3.836024923098341457e-06,-1.778509348953573370e-05,2.206162899172766277e-06,7.625353746409100405e-06,2.681542902632157266e-06,5.609513800371492043e-07,-3.693261838973996114e-06,-1.122365527976191872e-05,8.636921538828165968e-07,6.381162210503674506e-06,5.476574744491011739e-07,1.300744202204324647e-05,-2.704797377180981336e-06,-8.598773595894958052e-07,-2.687554708465925223e-06,-2.708016947304500122e-05,6.915203996037191665e-05,9.763859401198035355e-05,-5.157401428464699689e-05,1.559760685789128381e-05,-4.682381843597188957e-05,2.835146622415992218e-05,5.281868293600599997e-06,8.569763647586060870e-06,-1.903315478207959804e-05,1.263039719743336335e-05,4.580286365139681653e-07,-2.394854017005116603e-06,1.256335442970165037e-05,2.099722588409259403e-06,9.674449832688009708e-06,2.042168226127692344e-05,2.582749466709056887e-05,1.647040650926009650e-07,2.362631322967689938e-03,-2.384449232692016987e-03,-2.423747152027089236e-03,-2.409976872953406481e-03,-2.391618764161479622e-03,-2.390928366840788279e-03,-2.404688967653764286e-03,-2.420020085167746277e-03
4.743580372989719190e-06,1.069856988212332647e-05,7.328662565876278739e-06,-1.940049484543221280e-07,-9.184707028383218034e-06,3.953594231066340226e-07,-1.290812143304059517e-06,7.284097394255116934e-06,3.819441357615427253e-06,-1.778711452235586340e-05,2.208188543638297279e-06,7.609883412979760624e-06,2.670022843506974437e-06,5.529984059012579581e-07,-3.693844974792326039e-06,-1.123630879614364115e-05,8.572776899814246691e-07,6.381844047930628157e-06,5.429832974364074724e-07,1.299732253560012216e-05,-2.699081037405850598e-06,-8.630833936646419213e-07,-2.683964513696546076e-06,-2.708025215048616812e-05,6.914736254635156271e-05,9.765196719897758289e-05,-5.158020384359992893e-05,1.561794413517206428e-05,-4.684543345729223838e-05,2.834849956476291944e-05,5.305676427722082898e-06,8.584070029335164290e-06,-1.906482901378891049e-05,1.264674074992133455e-05,4.698224694564680840e-07,-2.456421818143125327e-06,1.256447426995726273e-05,2.115280383736974131e-06,9.667279444710400751e-06,2.034673297009388545e-05,2.586419357924336882e-05,1.296546125720089203e-07,2.362674759174334012e-03,-2.384442194521539573e-03,-2.423717092395665049e-03,-2.409976496341277846e-03,-2.391648676113126114e-03,-2.390925673275242757e-03,-2.404704443850614812e-03,-2.420088015586214104e-03
4.746216401203139749e-06,1.068231158587084408e-05,7.325245360411652065e-06,-2.274415989476470183e-07,-9.187127736837622747e-06,4.139899841831286405e-07,-1.293065206093362246e-06,7.268304957885635226e-06,3.841237081716497444e-06,-1.779556257806248214e-05,2.194718077153352100e-06,7.605886091545168977e-06,2.671518884561755279e-06,5.600022848547539291e-07,-3.696303379520235943e-06,-1.123329383566554032e-05,8.399173157919284983e-07,6.388876811606975119e-06,5.360999214265416195e-07,1.299863699205057452e-05,-2.699245568326067077e-06,-8.776030193411911343e-07,-2.686026200380910244e-06,-2.708064544999341504e-05,6.915342277442632773e-05,9.765389097205993279e-05,-5.155984003450079373e-05,1.561086635191901161e-05,-4.684238711023091118e-05,2.834705985156413599e-05,5.292095454647794215e-06,8.584703189315750772e-06,-1.902637458406754048e-05,1.260930582222228333e-05,4.697643987716994365e-07,-2.410175345988915256e-06,1.258789642850443646e-05,2.076746962342918167e-06,9.655076580522935548e-06,2.035075282233009573e-05,2.585787941887186784e-05,1.193680120439083130e-07,2.362655319189847693e-03,-2.384461777954550651e-03,-2.423803158216841086e-03,-2.409976112858181873e-03,-2.391603647865572346e-03,-2.390935058386170747e-03,-2.404725838863182395e-03,-2.420095193136545531e-03
4.740574001265052709e-06,1.068365483060666758e-05,7.316165253413862407e-06,-2.017225598126584982e-07,-9.179869289500711523e-06,4.006098288572359323e-07,-1.295807993018595371e-06,7.275449366311900797e-06,3.829165600644281479e-06,-1.780436528631302253e-05,2.196278328595182305e-06,7.608950200624249831e-06,2.667656080474800316e-06,5.526372488678223389e-07,-3.694017908320475625e-06,-1.123839253465002925e-05,8.457056820023350321e-07,6.377477525382244824e-06,5.399645908424406520e-07,1.300410417340716401e-05,-2.693053103005930419e-06,-8.696449010268165744e-07,-2.682108675027506480e-06,-2.709609756217768963e-05,6.915084182656554214e-05,9.765895495045644474e-05,-5.156481108939182684e-05,1.561559850184238740e-05,-4.683974219621245109e-05,2.834944908404784101e-05,5.302829767136967299e-06,8.581352378548049329e-06,-1.902880446192035192e-05,1.264200277327639875e-05,4.731535519954287144e-07,-2.408732239231680947e-06,1.258726502662328214e-05,2.154741432493087779e-06,9.688392357654815313e-06,2.041215008201346441e-05,2.585479756268908633e-05,1.318043684874792320e-07,2.362670389542952890e-03,-2.384452448446760641e-03,-2.423757471765804281e-03,-2.409975723957964722e-03,-2.391618489332491496e-03,-2.390931542300376699e-03,-2.404728351751315215e-03,-2.420024532956973045e-03
4.733997790948234474e-06,1.068490452430857227e-05,7.330475108425078689e-06,-2.082399973076122236e-07,-9.194930141895507595e-06,3.925379859468720220e-07,-1.309507893437046407e-06,7.278878805938415918e-06,3.842308623189927744e-06,-1.779681764487486524e-05,2.194002917786037230e-06,7.607622866117949714e-06,2.669976040532779666e-06,5.539377791267461316e-07,-3.700926058014197418e-06,-1.124454333144155429e-05,8.516562107140466640e-07,6.378512427353548457e-06,5.323349722871231914e-07,1.299433638221006532e-05,-2.707925434322946647e-06,-8.831944991864080470e-07,-2.680738817604690156e-06,-2.710139573592804289e-05,6.914451869723581192e-05,9.764825271101124006e-05,-5.155683426095928441e-05,1.560389137539717921e-05,-4.684727072982617854e-05,2.834705576853782324e-05,5.301855840780528910e-06,8.573303279969083060e-06,-1.906721387677770679e-05,1.264061001100530554e-05,4.692724684760362472e-07,-2.422268374171760840e-06,1.257012993247368696e-05,2.075791295442248998e-06,9.709874371696785694e-06,2.041327166304702397e-05,2.586756097856782971e-05,1.312490653152790405e-07,2.362665032648627195e-03,-2.384464534031951674e-03,-2.423718203018765047e-03,-2.409975357168532128e-03,-2.391638989958342048e-03,-2.390934331996802820e-03,-2.404675226071992071e-03,-2.420023777995367227e-03
4.749511676111889256e-06,1.067185005045611635e-05,7.312748785150679252e-06,-2.126121030784347758e-07,-9.198787536973882504e-06,3.816597991200261599e-07,-1.317067917683434716e-06,7.284109796971230658e-06,3.832427147626313360e-06,-1.780331959836609825e-05,2.189811129529851943e-06,7.598934867647595391e-06,2.677447352833776259e-06,5.400183377314184988e-07,-3.701035657608426176e-06,-1.125075642827690084e-05,8.453523027716954764e-07,6.375940691525077129e-06,5.187575108606165381e-07,1.299838790357608128e-05,-2.705186415136049067e-06,-8.998291962374739188e-07,-2.683420496149411771e-06,-2.708258452961543445e-05,6.914457968445575191e-05,9.765894086054892711e-05,-5.158167329478020565e-05,1.561537491716747365e-05,-4.683627303980603243e-05,2.833420775607270114e-05,5.294548582783509000e-06,8.588987605051890176e-06,-1.906270643608767520e-05,1.261073237536556633e-05,4.792282046907462964e-07,-2.427095141421308336e-06,1.257703432822355575e-05,2.057319102131773154e-06,9.710157109582020861e-06,2.042075415241631492e-05,2.585382662100781009e-05,1.541622613358588552e-07,2.362626019873448856e-03,-2.384475813425395666e-03,-2.423734997742643584e-03,-2.409975036815275185e-03,-2.391631802178377942e-03,-2.390947928425507085e-03,-2.404704440617372145e-03,-2.420035399936071741e-03
4.714264371108362139e-06,1.066525377985370113e-05,7.313513751980743830e-06,-2.267465783448393319e-07,-9.194960184900517614e-06,3.807193809055470004e-07,-1.311645457352058134e-06,7.260622800760999077e-06,3.803800312437257652e-06,-1.781494029858974305e-05,2.187519845310184428e-06,7.609081756055459499e-06,2.649312038522521528e-06,5.390895925340453736e-07,-3.709243175786969857e-06,-1.125072806712721416e-05,8.252552850428498767e-07,6.346871087125587035e-06,5.244326266290832056e-07,1.299456026863492016e-05,-2.717010637078804064e-06,-8.763349342773359153e-07,-2.686815364655356682e-06,-2.708505706551242665e-05,6.914044015295155382e-05,9.763558663950065860e-05,-5.155578020093405417e-05,1.561258741970320720e-05,-4.685062260991262141e-05,2.833834200883572350e-05,5.315065271134417417e-06,8.560297122874070615e-06,-1.906310707069419950e-05,1.264410168449900104e-05,4.513644882224537361e-07,-2.432581213176248652e-06,1.255043055074950071e-05,2.102054677204351335e-06,9.670509111271990440e-06,2.037309816862353901e-05,2.585751529792059870e-05,1.055713764635547816e-07,2.362633991307997328e-03,-2.384480944284338242e-03,-2.423716787898125887e-03,-2.409974759261730801e-03,-2.391626876405200577e-03,-2.390919773797690450e-03,-2.404756668105524978e-03,-2.420100269613177819e-03
4.710085947236462767e-06,1.066941141395502676e-05,7.307380721005438335e-06,-2.284644346291293404e-07,-9.215228587557999817e-06,3.657207701902311682e-07,-1.311919160400253913e-06,7.270453921419405955e-06,3.816400164809404105e-06,-1.781703085364278689e-05,2.188442384015595670e-06,7.598597462733228015e-06,2.647486531325151822e-06,5.365019835735259688e-07,-3.725181721035499579e-06,-1.125385090382722364e-05,8.428746281421545576e-07,6.359981041077756178e-06,5.286019934254249830e-07,1.299924450959628449e-05,-2.720300761903685192e-06,-8.914574640150635567e-07,-2.698146517043336027e-06,-2.708776739592899828e-05,6.913475767517298775e-05,9.761599572889192392e-05,-5.156026515102156237e-05,1.560142551327316468e-05,-4.684060346089607990e-05,2.833498461452728739e-05,5.295694393684972948e-06,8.567145546739499088e-06,-1.904839085953291544e-05,1.264466869685286242e-05,4.671794055407009845e-07,-2.402974028903743845e-06,1.255047146584604243e-05,2.108473203504614907e-06,9.651428035519971278e-06,2.043901090569739818e-05,2.586467763989892110e-05,1.338039394013382811e-07,2.362606972597838806e-03,-2.384455587109058153e-03,-2.423802920833738762e-03,-2.409974576258887453e-03,-2.391596977477849703e-03,-2.390948947388977109e-03,-2.404692662286132994e-03,-2.420123064195495860e-03
4.698251107036557272e-06,1.064133886542698585e-05,7.298771987965727281e-06,-2.359600421399131108e-07,-9.206025191926440633e-06,3.728295150087580278e-07,-1.333836638735754594e-06,7.238032187935328470e-06,3.801535159360620996e-06,-1.783584052834212935e-05,2.173295519646982780e-06,7.599207744624749638e-06,2.645310285714031665e-06,5.311714503837373481e-07,-3.738463631493178338e-06,-1.126384869862344747e-05,8.263734377417691267e-07,6.344469843662204395e-06,5.143461053470524297e-07,1.298747858654071597e-05,-2.710532582680133107e-06,-9.091299100509525057e-07,-2.697030570558241624e-06,-2.709165551785734690e-05,6.913084265557760952e-05,9.760152851695889236e-05,-5.156890491790877925e-05,1.561711777615910164e-05,-4.684653462534255032e-05,2.832899721871906662e-05,5.313005103702279441e-06,8.577066059707333734e-06,-1.905411956644460279e-05,1.265478216243698751e-05,4.731758958859092095e-07,-2.424025815650655288e-06,1.253165475885248722e-05,2.100430775785670255e-06,9.715268743702846533e-06,2.044083773730502335e-05,2.584499918437485220e-05,1.456006693931888808e-07,2.362613303041453863e-03,-2.384472023842730635e-03,-2.423717033050469191e-03,-2.409907988580112931e-03,-2.391635378787340064e-03,-2.390927803504738595e-03,-2.404716873166244922e-03,-2.420061156274863970e-03
4.689963352397930182e-06,1.063538473196535884e-05,7.287895611812797985e-06,-2.572774965765094778e-07,-9.217400049484226405e-06,3.492058600637385994e-07,-1.334692528951264276e-06,7.254582079596282256e-06,3.798340557365485577e-06,-1.784143715018044539e-05,2.163345060998459654e-06,7.572643249400328740e-06,2.642208689465693158e-06,5.204510703768003785e-07,-3.742531397050819040e-06,-1.128529408089177904e-05,8.300074463639447577e-07,6.336675134519737344e-06,5.020477076840546688e-07,1.296917252316845264e-05,-2.718978609898430002e-06,-9.236975678040633974e-07,-2.704400211673815895e-06,-2.709717764129489456e-05,6.910099591724797475e-05,9.762505029538434079e-05,-5.155750498958981188e-05,1.561239240140094948e-05,-4.683752985720472135e-05,2.832078387609383635e-05,5.309528695530420670e-06,8.572437034710433379e-06,-1.907734930969571507e-05,1.263054426583860453e-05,4.713579259345552177e-07,-2.397702310436805201e-06,1.255032405846850891e-05,2.099879281554602147e-06,9.703244685900284963e-06,2.041544855941945991e-05,2.585241184105113293e-05,9.817364962743085459e-08,2.362592723290098985e-03,-2.384463158728978606e-03,-2.423775270404606667e-03,-2.409974626027607848e-03,-2.391659545931458866e-03,-2.390919743613983788e-03,-2.404714116972490358e-03,-2.419992936194000511e-03
4.664736969877527142e-06,1.062286165305264912e-05,7.269659084430531025e-06,-2.752427402421492048e-07,-9.234925802449393841e-06,3.411739763649200055e-07,-1.346639320800123907e-06,7.225067264800590467e-06,3.767404122082632349e-06,-1.785039916729716739e-05,2.148498083308744975e-06,7.572247842723837736e-06,2.622977568547408666e-06,4.933562519695183828e-07,-3.734765480861337580e-06,-1.129333652540531054e-05,8.084283980679922404e-07,6.326158013633613403e-06,5.009513657468535375e-07,1.295776578434044141e-05,-2.730313229283858060e-06,-9.034784235317533988e-07,-2.713778140404127540e-06,-2.711251638806988167e-05,6.910200145548043367e-05,9.760262017813038605e-05,-5.153604963468556507e-05,1.559957133893261685e-05,-4.684647604458526019e-05,2.831455456262577444e-05,5.287842836123801877e-06,8.573228538831826487e-06,-1.903839558332520758e-05,1.261614164226964052e-05,4.664182161805361299e-07,-2.426031208792760860e-06,1.254248032206626271e-05,2.106642784411460293e-06,9.715316482921271404e-06,2.039919475698382401e-05,2.584551241036955459e-05,1.230332786904901313e-07,2.362662543132074654e-03,-2.384455580204657057e-03,-2.423777221779858156e-03,-2.409974942915690897e-03,-2.391630878063245001e-03,-2.390929045912821259e-03,-2.404668811081657129e-03,-2.420072527989308633e-03
4.651416990138118949e-06,1.061779966740929984e-05,7.237015953179834490e-06,-2.785266836988313824e-07,-9.267611204306819463e-06,3.242492005067640544e-07,-1.362541008967857301e-06,7.218750205496869448e-06,3.749657646664286606e-06,-1.786879686148331559e-05,2.140766498266043864e-06,7.559244165118457126e-06,2.612424165817923453e-06,4.907934209487656089e-07,-3.771720764316934920e-06,-1.129354088298712819e-05,7.982162979924823456e-07,6.296843517160919103e-06,4.676654084214142671e-07,1.295373943597261253e-05,-2.757127740284781451e-06,-9.404272150054614236e-07,-2.727532281008521822e-06,-2.711301615591236175e-05,6.910224073227430109e-05,9.758756226422046580e-05,-5.156191343016781745e-05,1.560196725970199952e-05,-4.684606790210705152e-05,2.832915557878164134e-05,5.309680416317398773e-06,8.566577228233460326e-06,-1.905349490112797124e-05,1.262073183423818672e-05,4.620001940666383022e-07,-2.400354541294130158e-06,1.256053391047462034e-05,2.083518758758765026e-06,9.693785261258533142e-06,2.041640004357141196e-05,2.585275782924995801e-05,1.392215737147671515e-07,2.362653422533827954e-03,-2.384448206044403277e-03,-2.423737559357103197e-03,-2.409931479041568271e-03,-2.391603623038108042e-03,-2.390925393644524003e-03,-2.404762975174928180e-03,-2.420092093035580531e-03
4.609777627801696935e-06,1.059009848532628890e-05,7.228747868309445200e-06,-3.099871905003643412e-07,-9.278542818884777873e-06,2.994767293446513785e-07,-1.390510100526925082e-06,7.181930791508995015e-06,3.732989448582365572e-06,-1.788570208063834568e-05,2.117540896892415029e-06,7.526326735577747983e-06,2.595617597282728550e-06,4.445279590110417945e-07,-3.787134184090196768e-06,-1.133582364679266145e-05,7.605285936480343350e-07,6.280790591456740846e-06,4.563574788766325681e-07,1.293105794560886589e-05,-2.773575102992988693e-06,-9.558205033353441191e-07,-2.741120139714389916e-06,-2.713977447979216303e-05,6.908695237707994526e-05,9.756594624645909593e-05,-5.154154346811218101e-05,1.560378335274236272e-05,-4.686765552684948768e-05,2.831965390113745529e-05,5.281799254827572393e-06,8.541018164183612472e-06,-1.905967944855052124e-05,1.262942647769118392e-05,4.931193155588431833e-07,-2.384669576538545641e-06,1.255177540652344495e-05,2.103401177895414605e-06,9.681667459352764446e-06,2.045589168432196062e-05,2.582245058374240711e-05,1.082381105549159617e-07,2.362652987636480652e-03,-2.384512950705297996e-03,-2.423740113879596907e-03,-2.409907334818810459e-03,-2.391616953203213897e-03,-2.390936453701224783e-03,-2.404679728303055295e-03,-2.420076856540556969e-03
4.585503806043390972e-06,1.055479030387335134e-05,7.189519439789521365e-06,-3.325197813224585232e-07,-9.299823502511084654e-06,2.783596092650114333e-07,-1.417104130802775797e-06,7.167131362156477909e-06,3.697031583000708791e-06,-1.792086302507305473e-05,2.088383838509354173e-06,7.502827923632158629e-06,2.584202169661340772e-06,4.385668261158005904e-07,-3.805870627877143827e-06,-1.135400972064218031e-05,7.442041809188469706e-07,6.266091103076012359e-06,4.450699106384766460e-07,1.290010808178819755e-05,-2.798316016006525575e-06,-9.678202215095143005e-07,-2.761468131069077509e-06,-2.713725520192113711e-05,6.906797556113107226e-05,9.755914010830544277e-05,-5.157929923505245591e-05,1.557573220769949024e-05,-4.688442367100522067e-05,2.830914215212704409e-05,5.279905613668238668e-06,8.555003072929445404e-06,-1.906348794809633010e-05,1.261044361567238399e-05,4.767982253248169665e-07,-2.396900579871493524e-06,1.258289565682898412e-05,2.089165070997578624e-06,9.697886923547211272e-06,2.041191569559374727e-05,2.585010008364240465e-05,1.168013300648398369e-07,2.362612771576134193e-03,-2.384462847140712133e-03,-2.423753506249841806e-03,-2.409894477271078660e-03,-2.391642297822235436e-03,-2.390934566084878133e-03,-2.404725394186061314e-03,-2.420066554101438141e-03
4.552217728123356954e-06,1.052068151059315004e-05,7.164756403544750529e-06,-3.770285874101600261e-07,-9.336576039063373001e-06,2.388632445836087955e-07,-1.449560800975649562e-06,7.121232430825121696e-06,3.662805851422533543e-06,-1.793879401274449365e-05,2.050649783469193324e-06,7.466136500163720696e-06,2.541506870099207755e-06,4.009477861117315496e-07,-3.863304295818975769e-06,-1.139753429478715262e-05,7.282827595883069551e-07,6.224013205155802795e-06,4.041172759375468448e-07,1.287473536365315664e-05,-2.800533127577217919e-06,-1.005609801278015519e-06,-2.784944634290708619e-06,-2.716722075383129413e-05,6.904289579773786141e-05,9.755724593154547466e-05,-5.158713433861956662e-05,1.556681530164385102e-05,-4.689273256185842113e-05,2.827806467649419768e-05,5.269118791440153217e-06,8.537785136841363008e-06,-1.906103707214568959e-05,1.261247387849273627e-05,4.348204933580014532e-07,-2.395028116728559582e-06,1.258525285260423020e-05,2.094053126135507482e-06,9.671383564145678174e-06,2.041322850596343817e-05,2.585447507210213413e-05,1.151144246418055566e-07,2.362642245612569646e-03,-2.384484384608838350e-03,-2.423742941595329915e-03,-2.409979956015160726e-03,-2.391608659826115549e-03,-2.390969101325283834e-03,-2.404671322545742871e-03,-2.420062183435657023e-03
4.496903213215030109e-06,1.047990907401898446e-05,7.102913503229217878e-06,-4.206399033872276288e-07,-9.376502241283102878e-06,1.931492846945922714e-07,-1.505596693526977316e-06,7.065202405931697985e-06,3.611728116836270127e-06,-1.798942855925671623e-05,2.014194399466756905e-06,7.430725447437043108e-06,2.491604500134614938e-06,3.571029141534255896e-07,-3.896167016682998091e-06,-1.144193436321871483e-05,6.562208519719300720e-07,6.178713999796588202e-06,3.673928042095747084e-07,1.283541848411462695e-05,-2.830948140054386719e-06,-1.016209292352003326e-06,-2.815597438497041908e-06,-2.718702264339796233e-05,6.901016962898513904e-05,9.752632995537538756e-05,-5.161015908761919935e-05,1.552964448567144116e-05,-4.690935660728555174e-05,2.827744487163279493e-05,5.252163022376668979e-06,8.529358379325690867e-06,-1.908571298408335794e-05,1.258197831729499193e-05,4.737295985919838807e-07,-2.402787368982473111e-06,1.256500864381036753e-05,2.096555545006458164e-06,9.662204642053768918e-06,2.041122931618897428e-05,2.585239943751027847e-05,1.293225470437179882e-07,2.362624836729693579e-03,-2.384481556627879133e-03,-2.423789435204126621e-03,-2.409913619927146148e-03,-2.391610117059411386e-03,-2.390949844597623896e-03,-2.404731645143211218e-03,-2.420052604005282649e-03
4.438560766326031804e-06,1.041352781087838946e-05,7.041421606409629222e-06,-4.903602812595708298e-07,-9.430213611871380352e-06,1.375621691387794419e-07,-1.526581248972660509e-06,7.030447438783868836e-06,3.554772428802723145e-06,-1.803881472923362137e-05,1.966729672046122013e-06,7.389550795654701269e-06,2.448000197130539930e-06,3.254505209867828746e-07,-3.922674769728208625e-06,-1.149038951001727141e-05,6.306521001800799923e-07,6.133657524706340674e-06,3.144450719548187637e-07,1.279672679231092759e-05,-2.880641726699858385e-06,-1.066349292853397701e-06,-2.853677885337992852e-06,-2.721897733599253397e-05,6.897397455296705817e-05,9.749774158935302804e-05,-5.163180280914432465e-05,1.552001510312796709e-05,-4.693802500689434531e-05,2.825402115755063707e-05,5.237828052097190856e-06,8.510566240887848738e-06,-1.908771016184420907e-05,1.257591863350899596e-05,4.520872466610157068e-07,-2.428333017989141279e-06,1.257980546170262954e-05,2.071364731657054306e-06,9.649809464487716433e-06,2.040951571013325906e-05,2.584192641416447958e-05,1.028356998319621683e-07,2.362622903219872145e-03,-2.384481312565035413e-03,-2.423750117959097474e-03,-2.409916570130527652e-03,-2.391627028102256535e-03,-2.390945096773530384e-03,-2.404736421901692602e-03,-2.420103706722989429e-03
4.375056999514202596e-06,1.036053546503628981e-05,6.973623668129931800e-06,-5.328925831592193263e-07,-9.496755948369465757e-06,6.495783990667553148e-08,-1.602933143788602060e-06,6.956954618683250622e-06,3.484401562108675169e-06,-1.810253616103624379e-05,1.905621973896737473e-06,7.325954392602339927e-06,2.398866208467724654e-06,2.741816937587258295e-07,-3.994912434536511163e-06,-1.153993717199156693e-05,5.505820054043519476e-07,6.072686508659518570e-06,2.546776574415562363e-07,1.276742836063384270e-05,-2.924168617465242029e-06,-1.117831497163873693e-06,-2.919741085313140493e-06,-2.725923455313600905e-05,6.893171605438761266e-05,9.745650797920467671e-05,-5.164711111501036971e-05,1.549978370603066958e-05,-4.695896651957134731e-05,2.821967454876480192e-05,5.242619326877958557e-06,8.520659413214841068e-06,-1.911777084284593779e-05,1.255303153687205342e-05,4.316619462419153166e-07,-2.448739370244235002e-06,1.251487030922883950e-05,2.074084699352740783e-06,9.658087067211277655e-06,2.034924826615053839e-05,2.585750641377638495e-05,1.000634902893374069e-07,2.362618325536574183e-03,-2.384512996675402455e-03,-2.423798634951730094e-03,-2.409942330807189788e-03,-2.391641113224364686e-03,-2.390960862734109980e-03,-2.404797732369741425e-03,-2.420096287655969843e-03
4.282265427180882733e-06,1.028387962508428826e-05,6.903074633741084177e-06,-6.297994069344103820e-07,-9.577889217973234481e-06,-1.148709055027830373e-09,-1.692214204539240802e-06,6.882090772856601581e-06,3.400304555209558896e-06,-1.817008248384896840e-05,1.825423923317663388e-06,7.256865921169618636e-06,2.333323440036718954e-06,2.097436457411133678e-07,-4.063366470228864545e-06,-1.160572977056444148e-05,4.811910073656923232e-07,5.999404662692635648e-06,2.030355254826792268e-07,1.266568403519858553e-05,-3.007557782807561391e-06,-1.189423995314233029e-06,-2.959984507159878584e-06,-2.729332288789912100e-05,6.886930170296743975e-05,9.739837600162216307e-05,-5.168743315254083475e-05,1.545883866061733558e-05,-4.701323721914174879e-05,2.818161762619009693e-05,5.198071927757060009e-06,8.455299139671207240e-06,-1.911728596786333191e-05,1.253423956641312502e-05,4.141586573010410114e-07,-2.431860643299466403e-06,1.253594722639312971e-05,2.006348005675081585e-06,9.626457607116283360e-06,2.036126218584052660e-05,2.583040217456778620e-05,7.804976114267252962e-08,2.362630053571090384e-03,-2.384449605991920563e-03,-2.423801190092784563e-03,-2.409933714200818231e-03,-2.391652388800209663e-03,-2.390974092294109558e-03,-2.404774493072261120e-03,-2.420093847747429444e-03
4.182371838343851846e-06,1.017173266312941982e-05,6.805845356541530095e-06,-7.103887335916891547e-07,-9.668204942199906934e-06,-9.821974514748011276e-08,-1.754511805878139639e-06,6.780749483631596229e-06,3.307532831876878442e-06,-1.826419190142741339e-05,1.713064553099719932e-06,7.157253496557321354e-06,2.250289575413571310e-06,1.004968176609832467e-07,-4.154726946741556514e-06,-1.169057772500897592e-05,4.004260326168533307e-07,5.899807085316227053e-06,1.170358946614916003e-07,1.259730255490117299e-05,-3.061518228299897400e-06,-1.245720288595445633e-06,-3.024283731717829461e-06,-2.737027285998932033e-05,6.881723763545305179e-05,9.734552889640727183e-05,-5.170371550667715062e-05,1.541600246102938252e-05,-4.702083684502138695e-05,2.814552034656355223e-05,5.168534402105280908e-06,8.446163360017292800e-06,-1.914846275862439577e-05,1.254009535498997007e-05,4.038035669522750650e-07,-2.436075050742375863e-06,1.248851397361627293e-05,2.069809031126918896e-06,9.629333243579068846e-06,2.038972584922736297e-05,2.582887850922485339e-05,8.292709788567490117e-08,2.362638242060106572e-03,-2.384503264086088991e-03,-2.423767026095622473e-03,-2.409945929378827078e-03,-2.391646188807682472e-03,-2.390947537881432574e-03,-2.404714154269902045e-03,-2.420098608733241199e-03
4.058333305042981598e-06,1.005558090177350962e-05,6.694487599707965846e-06,-8.290052886120065466e-07,-9.772041648589712049e-06,-2.197488353071788822e-07,-1.878514869504360618e-06,6.680384287762107612e-06,3.207944692223921357e-06,-1.836894483674954371e-05,1.629852431912175899e-06,7.057251535853420658e-06,2.146986635067994147e-06,-3.731795190992970100e-09,-4.254607523636186297e-06,-1.180400048347355085e-05,2.916828814644577554e-07,5.822890182209171335e-06,2.839710122921295728e-08,1.250882265432499278e-05,-3.158840841276653628e-06,-1.347062585273886304e-06,-3.103044556742629395e-06,-2.743680835177580505e-05,6.873884258390525366e-05,9.728375715079659212e-05,-5.176481481083092961e-05,1.536742957127292189e-05,-4.709962127585589953e-05,2.811372751764399454e-05,5.147975480583694301e-06,8.397112243786199973e-06,-1.916856887713452347e-05,1.249057509261505536e-05,3.804025156046319264e-07,-2.500539096073563514e-06,1.247325092276600506e-05,2.036473160120604732e-06,9.625737350239586845e-06,2.038061877734945274e-05,2.579470042117823803e-05,5.026961521033508830e-08,2.362611791369621014e-03,-2.384475573392247361e-03,-2.423784288263064468e-03,-2.409923362254929192e-03,-2.391692647131542313e-03,-2.391003104568111600e-03,-2.404747908477806919e-03,-2.420091512383723206e-03
3.930303197418910241e-06,9.939221200349428504e-06,6.559804502643667843e-06,-9.667370110541799296e-07,-9.905420991893087480e-06,-3.419161526549356667e-07,-1.996653851649530561e-06,6.564486639326044076e-06,3.064491340355193080e-06,-1.848511115110886889e-05,1.502177585444604308e-06,6.934012115623335807e-06,2.040566322840981757e-06,-1.049149336710333762e-07,-4.356083521721131176e-06,-1.191300427485180530e-05,2.040139636228790593e-07,5.712976018931079172e-06,-6.847466091919330550e-08,1.240418838595081087e-05,-3.255711701863527648e-06,-1.446857022265286931e-06,-3.218919615129229600e-06,-2.752564554937937536e-05,6.866009575185465675e-05,9.719426812182653086e-05,-5.181800172741851229e-05,1.529187569714276942e-05,-4.713916021571309614e-05,2.804291361189554843e-05,5.097564575690648688e-06,8.381359114895626849e-06,-1.920708359031098080e-05,1.245599708831427492e-05,3.545424608861391088e-07,-2.508429771105233348e-06,1.248206170226113908e-05,2.021894665782397653e-06,9.628227548424919978e-06,2.037944277042987430e-05,2.579190853243398533e-05,4.190228192394377098e-08,2.362572191003552667e-03,-2.384545817080795885e-03,-2.423806977414963339e-03,-2.409938851323342908e-03,-2.391689881748709865e-03,-2.390989445762165509e-03,-2.404753612191869606e-03,-2.420099816389297952e-03
3.771837601716506399e-06,9.800414137747815048e-06,6.417082928632965540e-06,-1.097187597297791649e-06,-1.002810424478241906e-05,-4.835157990611847223e-07,-2.120050431822819779e-06,6.417647588769157178e-06,2.924309155406760432e-06,-1.863591419893653362e-05,1.374421671381288779e-06,6.807665019286157702e-06,1.908433832442574424e-06,-2.223326359038818638e-07,-4.494770338374209325e-06,-1.203063027988422436e-05,7.679154608805493582e-08,5.583074433942284203e-06,-1.950603083610556089e-07,1.229070821309486764e-05,-3.366975912619273396e-06,-1.534032664337428235e-06,-3.325197352002880838e-06,-2.760274938553758969e-05,6.854361737753417064e-05,9.712738228684399274e-05,-5.188088064549317891e-05,1.523758207408269456e-05,-4.721071281135509753e-05,2.800599392907383790e-05,5.048344227292095964e-06,8.317146191862331963e-06,-1.923565012244291822e-05,1.245427922166968398e-05,3.253257320997896843e-07,-2.505576045294854307e-06,1.246334138760530420e-05,1.994123839383676141e-06,9.631475546287566038e-06,2.033377401458553863e-05,2.582854501714946431e-05,3.808469470015793875e-08,2.362600333148309143e-03,-2.384526935376737530e-03,-2.423835571191063250e-03,-2.409946690613015176e-03,-2.391632306782363708e-03,-2.390996034993060800e-03,-2.404789673054116839e-03,-2.420129366871156314e-03
3.599474710467170821e-06,9.648879342040482123e-06,6.251412173972204075e-06,-1.258408043801475861e-06,-1.017413386233947973e-05,-6.312843269432524967e-07,-2.274559036802167998e-06,6.267223658009390162e-06,2.783957603937853503e-06,-1.877043449265542485e-05,1.229328168704743624e-06,6.663712549288146984e-06,1.762374130962858162e-06,-3.643374098052577223e-07,-4.646579057477786995e-06,-1.217159210804112962e-05,-7.357267917435755661e-08,5.451332948652867893e-06,-3.113402394097025846e-07,1.216936388997760359e-05,-3.458037008351146997e-06,-1.662661456597200078e-06,-3.401720153177561527e-06,-2.770306742970632155e-05,6.845748234872275678e-05,9.701365825310033031e-05,-5.195543176943935446e-05,1.516491657979294265e-05,-4.726843755003503126e-05,2.795310122328934472e-05,4.998523069802845161e-06,8.272685339075777980e-06,-1.926685388471639096e-05,1.240419277000817259e-05,3.032568039408465317e-07,-2.572068749955453526e-06,1.247842094442123667e-05,1.961962882878891391e-06,9.571544942930410997e-06,2.035641860189390739e-05,2.578803555493737945e-05,7.537459706177284780e-08,2.362580768843347036e-03,-2.384501758669437411e-03,-2.423824348604457137e-03,-2.409954808292889827e-03,-2.391693196683276727e-03,-2.391004645125534116e-03,-2.404789971599254235e-03,-2.420177507346363624e-03
3.431930245409213094e-06,9.482225264109962439e-06,6.081806013948120028e-06,-1.417183550132701901e-06,-1.034514284118273480e-05,-7.979916797566916059e-07,-2.429620129937992916e-06,6.102037483108073676e-06,2.614225910765981705e-06,-1.893163794224361930e-05,1.065347442247914823e-06,6.518441928919659856e-06,1.624994366573695842e-06,-4.925508637676072043e-07,-4.769424961730841035e-06,-1.231414082644898511e-05,-2.129515685206571051e-07,5.316446895245108468e-06,-4.612620077425408621e-07,1.204989181935406369e-05,-3.597263749065574280e-06,-1.777391074448062576e-06,-3.514299815720905328e-06,-2.781287333068036371e-05,6.835843859266530409e-05,9.695255252092586506e-05,-5.201515981208477865e-05,1.508376536820843962e-05,-4.734003571499476786e-05,2.787398093020254287e-05,4.932813044443064202e-06,8.220544556819907306e-06,-1.931003586259822343e-05,1.235538436145125577e-05,2.713345892540226452e-07,-2.583799097605074752e-06,1.242359757048908468e-05,1.986259042771547295e-06,9.601360713163784185e-06,2.033376050363912830e-05,2.576060152834808812e-05,2.404233042326583505e-08,2.362569032484901181e-03,-2.384578323073383195e-03,-2.423847733504834803e-03,-2.409963227488277557e-03,-2.391666010142223624e-03,-2.391013378359140885e-03,-2.404804748036237956e-03,-2.420157471102494726e-03
3.259028898517565142e-06,9.319938494475899106e-06,5.908318345474709226e-06,-1.590542482019140619e-06,-1.050198286715585427e-05,-9.726738201406228488e-07,-2.585462394037990930e-06,5.943817742944102861e-06,2.458701383637554395e-06,-1.909329618151642437e-05,9.133354140437877241e-07,6.359330740583267264e-06,1.471072564502033027e-06,-6.513216583430358672e-07,-4.920097771310250572e-06,-1.246189229426340804e-05,-3.721871225941403970e-07,5.166812653419468791e-06,-5.832767055004828413e-07,1.191096611294255187e-05,-3.728019237465507217e-06,-1.910157539168131559e-06,-3.654947654415143349e-06,-2.791037344869836244e-05,6.823213927771366362e-05,9.684603311641327181e-05,-5.209702317422034785e-05,1.500893738783876059e-05,-4.741323945632844496e-05,2.779084814254388441e-05,4.897344559525386650e-06,8.172353322721565100e-06,-1.935826968361034319e-05,1.232832540753029231e-05,2.204042219246698436e-07,-2.601458683076887870e-06,1.239212971428693189e-05,1.899998490409011083e-06,9.561423706571117755e-06,2.029045497098452914e-05,2.573804487994533764e-05,3.187774847833081623e-08,2.362575590178934808e-03,-2.384581851380034815e-03,-2.423834675292800122e-03,-2.409960703935290320e-03,-2.391694596598309581e-03,-2.391021956199793075e-03,-2.404821529909384730e-03,-2.420103774766085760e-03
3.081787629456575950e-06,9.144960067929779374e-06,5.746355025904372378e-06,-1.741571501673186253e-06,-1.067387160192235810e-05,-1.113294614041722242e-06,-2.737734631402268237e-06,5.802995883208345287e-06,2.282285801845832912e-06,-1.922608817956699965e-05,7.658274534821553946e-07,6.215847472152078094e-06,1.338406803708698678e-06,-7.985905087320708258e-07,-5.059774261819644080e-06,-1.261531984864467778e-05,-5.066492824063198949e-07,5.027187680202094551e-06,-7.152034696384690132e-07,1.179583666055394620e-05,-3.842398924878193341e-06,-2.040664367341486649e-06,-3.764644132616587390e-06,-2.799343396071858113e-05,6.813777620172263561e-05,9.672513810120349372e-05,-5.218022612258298425e-05,1.492730342700415898e-05,-4.745595670990145114e-05,2.772735748387085818e-05,4.831064267456898336e-06,8.158824130361663372e-06,-1.937122698765042123e-05,1.227771844706981065e-05,1.799092425408919509e-07,-2.633746684010784236e-06,1.236293459166839841e-05,1.954888292900056365e-06,9.523652193043184795e-06,2.024346584847641116e-05,2.570527991228200454e-05,-3.356443584922234049e-08,2.362565328863503334e-03,-2.384520140359504183e-03,-2.423857007612755660e-03,-2.410052105432584739e-03,-2.391756361912337862e-03,-2.390988276998195789e-03,-2.404851667695588873e-03,-2.420194650163696830e-03
2.909341074699039307e-06,8.988074725199461941e-06,5.590536522698712622e-06,-1.902851910396186812e-06,-1.082628668354536140e-05,-1.287946890141842268e-06,-2.890557227154648169e-06,5.637935140261574618e-06,2.116863816844580406e-06,-1.937068577943032585e-05,6.049007129309291905e-07,6.077373019600576955e-06,1.194916079940577545e-06,-9.477492722006061540e-07,-5.224182286600180659e-06,-1.275116645722969053e-05,-6.340581744424813244e-07,4.894280540889582816e-06,-8.514122942146840296e-07,1.167712794428156488e-05,-3.953098272622102481e-06,-2.143974462921530382e-06,-3.863974191209262725e-06,-2.810471040788437163e-05,6.805980243296694959e-05,9.663193311827086060e-05,-5.226486137856950541e-05,1.486416466284800010e-05,-4.754279575630596881e-05,2.768852051933163002e-05,4.780781597888634211e-06,8.098123990242709255e-06,-1.941111346618315636e-05,1.226768505099293359e-05,1.583688479994891445e-07,-2.692685589362352853e-06,1.236285205167050415e-05,1.890344255061013532e-06,9.489517618767935009e-06,2.026529607829071964e-05,2.572192678431522577e-05,-1.156849697406906176e-08,2.362548852194034862e-03,-2.384615170392380412e-03,-2.423843538203696631e-03,-2.410080137593258610e-03,-2.391676366014624557e-03,-2.391072894787745796e-03,-2.404766358555074975e-03,-2.420166501877034793e-03
2.754251037569812814e-06,8.832605474482719938e-06,5.438047325672168823e-06,-2.036304573687904952e-06,-1.097800074885870541e-05,-1.420327765044192044e-06,-3.037659185100960199e-06,5.493004087535931161e-06,1.978315937029477462e-06,-1.950689642542474764e-05,4.666445352850123870e-07,5.926524866794512797e-06,1.059337623148065133e-06,-1.073298995083635626e-06,-5.334428839484838503e-06,-1.287990348160279306e-05,-7.726469435565487701e-07,4.771003682825211845e-06,-9.667938746988000781e-07,1.154762197552494187e-05,-4.059559357459131575e-06,-2.267020845207756193e-06,-3.957710576602116400e-06,-2.819442702332373608e-05,6.795449173081995577e-05,9.654020565521476192e-05,-5.233590053009220020e-05,1.478427563911614377e-05,-4.760016385393637845e-05,2.761139646503447151e-05,4.730127685913128819e-06,8.045931992205016195e-06,-1.946292367615268907e-05,1.219624938423155234e-05,1.456512344584398937e-07,-2.671966820034261975e-06,1.232897026123122352e-05,1.876678219894685160e-06,9.473673325646642885e-06,2.022455504062642390e-05,2.567384790767155480e-05,-1.499064130204949697e-08,2.362568939683575963e-03,-2.384570798042149643e-03,-2.423869403834923771e-03,-2.410012390628044239e-03,-2.391733627296050227e-03,-2.391049039195933951e-03,-2.404765411967313676e-03,-2.420169065880234654e-03
2.612576104722822674e-06,8.712271486285608191e-06,5.297701808605312513e-06,-2.182637998334059688e-06,-1.110066914498426347e-05,-1.551410749307469159e-06,-3.173535308992796254e-06,5.344161779381813613e-06,1.847884837237415788e-06,-1.964341432089448215e-05,3.341363583460812212e-07,5.806871948934372773e-06,9.330460213491752234e-07,-1.190001409128906521e-06,-5.464880021555597947e-06,-1.301506000993654930e-05,-9.022732820016582650e-07,4.628459385575199085e-06,-1.073739392188551383e-06,1.143536797543432483e-05,-4.186589481802059871e-06,-2.362245478696464822e-06,-4.055004379969538512e-06,-2.827963517278193290e-05,6.788377547164803707e-05,9.644474690291649573e-05,-5.239794067517294853e-05,1.471989132102463643e-05,-4.767961379887084928e-05,2.755883392506012963e-05,4.676305293948968335e-06,7.974564337218625527e-06,-1.950935491155153572e-05,1.217356214068608154e-05,1.021664305002783063e-07,-2.672827566121867180e-06,1.228536792983699154e-05,1.871224896223354828e-06,9.473777993846899050e-06,2.024848054549093884e-05,2.569896927901158654e-05,-2.763624739347167841e-08,2.362515994297423837e-03,-2.384636222272801601e-03,-2.423886957365300847e-03,-2.410061632657715079e-03,-2.391765040826644272e-03,-2.391037424245197503e-03,-2.404834860972559097e-03,-2.420174744908271114e-03
2.460205845160668274e-06,8.574803380202586166e-06,5.157111455800807690e-06,-2.321855657640847481e-06,-1.122173354561032503e-05,-1.685423154182930231e-06,-3.270482647455999460e-06,5.226269283975098299e-06,1.706531720860306338e-06,-1.975494505185296430e-05,2.346584813933474699e-07,5.686792692498760615e-06,8.169309679542470532e-07,-1.317522195757239438e-06,-5.593193402208094473e-06,-1.313214009780386062e-05,-1.009080270907985022e-06,4.534667679333690467e-06,-1.196594769551621192e-06,1.132723564665472817e-05,-4.277609843639813695e-06,-2.444390242819789209e-06,-4.159380990995631548e-06,-2.836377421910395380e-05,6.779214906226463811e-05,9.639185108876598368e-05,-5.244047875774244085e-05,1.465218377446344549e-05,-4.773889228189199163e-05,2.751237693139458148e-05,4.642756219607300117e-06,7.962447805184283742e-06,-1.953505349682269285e-05,1.215407022480289216e-05,7.610470787334764186e-08,-2.734836066434272329e-06,1.226084825327583544e-05,1.860881504319975670e-06,9.495270716556573101e-06,2.022336429594895978e-05,2.564183551523608592e-05,-4.131262486225269995e-08,2.362534183602508532e-03,-2.384592383315628852e-03,-2.423892341368523700e-03,-2.409974917123673503e-03,-2.391723223164080644e-03,-2.391054457180231702e-03,-2.404792665269103041e-03,-2.420167536601684939e-03
2.357346888272942507e-06,8.488498800318905374e-06,5.068586332144209928e-06,-2.408326859088860117e-06,-1.130766662265315093e-05,-1.772026389574286906e-06,-3.390165669464220260e-06,5.140809549625299831e-06,1.613550934883737207e-06,-1.985311738774397296e-05,1.391370585526469731e-07,5.609759462641301106e-06,7.300323058649147424e-07,-1.379176586141965312e-06,-5.663324416386015046e-06,-1.319357224948462376e-05,-1.086347991813577900e-06,4.451600015532550392e-06,-1.255394314231147667e-06,1.126507987840279297e-05,-4.351649459387121085e-06,-2.521219349909437982e-06,-4.213714679683382353e-06,-2.839978159622734207e-05,6.773769715925100196e-05,9.633801755970288969e-05,-5.246644524747945876e-05,1.462640230051157373e-05,-4.775897903351474628e-05,2.747100162477045951e-05,4.610125378796948383e-06,7.914323409652701861e-06,-1.954953634349500605e-05,1.212129227331401345e-05,4.846655928789016182e-08,-2.735469308984064191e-06,1.226242488334477572e-05,1.804560357379114720e-06,9.443038126150314119e-06,2.019350036011108616e-05,2.565756843322469999e-05,-7.368392820172459235e-08,2.362528410127959829e-03,-2.384594511647834640e-03,-2.423889269779589978e-03,-2.410005541266960725e-03,-2.391728940853653316e-03,-2.391060275932875481e-03,-2.404815984534528373e-03,-2.420191178159341802e-03
2.269733782777921402e-06,8.396003132215026606e-06,4.978695905041706362e-06,-2.505203255053070229e-06,-1.141091699608583463e-05,-1.880230440264499912e-06,-3.476872085547303534e-06,5.061935919455158384e-06,1.520341637497541041e-06,-1.993238505017957493e-05,5.113711028193498125e-08,5.527811129211908867e-06,6.716026212280645047e-07,-1.471816054473042318e-06,-5.745348650602815507e-06,-1.327483850646155425e-05,-1.169137311115723215e-06,4.386218714200216935e-06,-1.328647673704665455e-06,1.119561210438407256e-05,-4.416941180055431421e-06,-2.571121918319801451e-06,-4.261091643297101914e-06,-2.845557881717255126e-05,6.768614587085305067e-05,9.628507655690857583e-05,-5.250916158573618704e-05,1.458388582336462922e-05,-4.779238962802663927e-05,2.742890360601192351e-05,4.568142082481151471e-06,7.897851080803059031e-06,-1.959543291155120933e-05,1.211033144644432368e-05,4.031969365498894351e-08,-2.763092541394293209e-06,1.224893427399033723e-05,1.819838988099609067e-06,9.408654193070448130e-06,2.020002444776816401e-05,2.563119236838135178e-05,-3.939917467798897741e-08,2.362569229102613310e-03,-2.384685156081399211e-03,-2.423899911252656424e-03,-2.410076245054204938e-03,-2.391801974126513217e-03,-2.391069691787911684e-03,-2.404835059771532040e-03,-2.420208536818933571e-03
2.205667590863779076e-06,8.347742401873673509e-06,4.917052908848168568e-06,-2.567889872649772221e-06,-1.146650383534203007e-05,-1.928113045041578312e-06,-3.519211269329965307e-06,4.993223507075674496e-06,1.471855906759258494e-06,-1.996730512930964020e-05,-3.975010810733934193e-09,5.477971912930434853e-06,5.946339351701491778e-07,-1.506944279674577387e-06,-5.804478819262332461e-06,-1.332312687263070374e-05,-1.234742537338048568e-06,4.299179827648934859e-06,-1.387735835690687331e-06,1.113410870358809811e-05,-4.448452721738214383e-06,-2.624435596139469242e-06,-4.304016680143401986e-06,-2.852024247140123837e-05,6.763991234496911161e-05,9.624759539643217791e-05,-5.256156907705091132e-05,1.454300969129149033e-05,-4.782139069820923324e-05,2.739834037735624188e-05,4.550995222150879392e-06,7.885249052333015204e-06,-1.959718561070961145e-05,1.210305345527219026e-05,4.251402284184889365e-08,-2.779504284618863556e-06,1.222507158681671945e-05,1.782211292567449762e-06,9.408910909310359971e-06,2.017852114217755404e-05,2.564996547742493110e-05,-6.987206647520802883e-08,2.362524314860547318e-03,-2.384649733127047755e-03,-2.423846522189518089e-03,-2.410073063674506195e-03,-2.391780317080964818e-03,-2.391085056881589541e-03,-2.404818184249351426e-03,-2.420193222726395657e-03
2.143820940503360616e-06,8.265222516114003877e-06,4.842856213773872299e-06,-2.638757560634360592e-06,-1.152650715956610591e-05,-1.999533504617406620e-06,-3.603436493424672478e-06,4.926008524909100916e-06,1.392828182064507682e-06,-2.005473711684126041e-05,-6.202830452948528050e-08,5.411218899322172384e-06,5.360437215346835386e-07,-1.575950254803107719e-06,-5.860611479553346380e-06,-1.338565597133390385e-05,-1.298655340074140099e-06,4.277816561474644420e-06,-1.430192725420927791e-06,1.108818371636713266e-05,-4.493318897799462809e-06,-2.671876157215322131e-06,-4.362285771528606885e-06,-2.853726017848701906e-05,6.759198076406196156e-05,9.621750486881437497e-05,-5.258024695257183047e-05,1.451131562722386437e-05,-4.785866912256833553e-05,2.739283775541618410e-05,4.536909870476553591e-06,7.853995444838860444e-06,-1.961993810660664407e-05,1.207455696898206032e-05,1.316316890307807080e-08,-2.789211995361733795e-06,1.220952355799774336e-05,1.783091620576435581e-06,9.407243997900119621e-06,2.018667143481216116e-05,2.563591871007330896e-05,-6.296347388864579788e-08,2.362535957739907589e-03,-2.384622954137808563e-03,-2.423880218667345300e-03,-2.410044191184294166e-03,-2.391765325335993946e-03,-2.391087167495399134e-03,-2.404835213311420743e-03,-2.420219365272892591e-03
2.080691610521277306e-06,8.207954015942695757e-06,4.786154692160567364e-06,-2.699486489762918933e-06,-1.158232816583790325e-05,-2.050563084903740774e-06,-3.647696244688158114e-06,4.875661399131043638e-06,1.334939613480208111e-06,-2.010922897467062135e-05,-1.345007473757333895e-07,5.341993636348950522e-06,4.867889361936104881e-07,-1.634834780628564261e-06,-5.902169101391021369e-06,-1.343718127189642789e-05,-1.329899938998966257e-06,4.210425033401353881e-06,-1.494955123936211995e-06,1.105470170099236520e-05,-4.553859933598720961e-06,-2.705191740018772002e-06,-4.390544239341627662e-06,-2.857653162453232152e-05,6.757013710360625113e-05,9.617772774816579079e-05,-5.260346134891756917e-05,1.448573206655541742e-05,-4.787613629480927423e-05,2.738383921658915740e-05,4.522568112388665367e-06,7.853104688775798637e-06,-1.964739648376962364e-05,1.206459017217898314e-05,1.590252048507313992e-08,-2.778425603509183020e-06,1.221699809100397941e-05,1.772524387689212946e-06,9.363300568428119399e-06,2.017386988162389778e-05,2.564164428054284390e-05,-5.873394276364704990e-08,2.362568049580036043e-03,-2.384610756750514798e-03,-2.423857432680738208e-03,-2.410052943132035344e-03,-2.391767247519170463e-03,-2.391065721398702004e-03,-2.404818694342724349e-03,-2.420216767026620811e-03
2.038059317044705695e-06,8.161796275964644824e-06,4.739970874251056701e-06,-2.719690639863577206e-06,-1.161581661050018114e-05,-2.105316999484338443e-06,-3.696981203362736808e-06,4.838506199391417805e-06,1.310644410682607492e-06,-2.014635976316195247e-05,-1.552253309004000939e-07,5.296734479820820525e-06,4.367916818068940598e-07,-1.678247766692737987e-06,-5.923975134049106056e-06,-1.345281985471312169e-05,-1.352013714100443199e-06,4.203085884857655247e-06,-1.517126320028625080e-06,1.104612513708083492e-05,-4.571755016320305810e-06,-2.744591629195563782e-06,-4.409746251581204002e-06,-2.861546826497116726e-05,6.755977299270342373e-05,9.616797963281394491e-05,-5.263259864696658003e-05,1.449427671917562827e-05,-4.789494238393867895e-05,2.737431141272732697e-05,4.489189652996400737e-06,7.827016137502295799e-06,-1.963477193769041718e-05,1.206381059358214987e-05,1.230579959369518979e-08,-2.802007469421817655e-06,1.220690733703456467e-05,1.789666720408116115e-06,9.416837515536222698e-06,2.018463677429757245e-05,2.562901144359355481e-05,-9.721868031144168884e-08,2.362522377756995969e-03,-2.384655184629708505e-03,-2.423918013914129997e-03,-2.410032029898036623e-03,-2.391775049152531935e-03,-2.391084175037509578e-03,-2.404839853178534093e-03,-2.420205889772757569e-03
1.982559634224964945e-06,8.118052537802412444e-06,4.689140910150959150e-06,-2.772012416478129803e-06,-1.166225343869676591e-05,-2.124947573807646620e-06,-3.735918116545812950e-06,4.807769854810800336e-06,1.272096299612175788e-06,-2.019446787566247207e-05,-2.021292572653159469e-07,5.272746896631869855e-06,4.142459419290208001e-07,-1.710707914795001514e-06,-5.987678561215684149e-06,-1.351639877122661665e-05,-1.388973997188160928e-06,4.161568703895692205e-06,-1.545078004460991833e-06,1.099066524628106586e-05,-4.602961603572792018e-06,-2.769594833261804248e-06,-4.435187892880496706e-06,-2.863555726862038842e-05,6.750827435308201909e-05,9.615695866373023294e-05,-5.265694838191741021e-05,1.445056064238433477e-05,-4.791412770356438003e-05,2.735722940590942564e-05,4.484540885778275877e-06,7.824381985287979531e-06,-1.964855063381700412e-05,1.205814812669011680e-05,-4.235788077181509902e-09,-2.801857615450647681e-06,1.219570223481071072e-05,1.768336206750647076e-06,9.398789480118183618e-06,2.017186897850585216e-05,2.560219456143739884e-05,-6.278734920655573440e-08,2.362510398354168619e-03,-2.384658582545480174e-03,-2.423907116092353931e-03,-2.410014942977537020e-03,-2.391766948499526781e-03,-2.391124083668246057e-03,-2.404817378092379953e-03,-2.420280889897426062e-03
