-1.188994650320182598e-07,-1.017659659884830207e-07,-8.533854602494149551e-08,-7.038792286190622674e-08,-5.769199941725350645e-08,-4.794948003928811008e-08,-4.165626693712859071e-08,-3.903851847710492120e-08,-3.994673167156795853e-08,-4.370799112375018064e-08,-4.864486924298025284e-08,-5.145390581543857021e-08,-4.706963530257902524e-08,-3.020225797714254881e-08,1.245980095410119851e-09,4.268633270146727387e-08,8.269703604711004107e-08,1.080212222879529495e-07,1.109807238441080174e-07,9.248904347218252565e-08,5.924282310969801574e-08,1.999958202627752250e-08,-1.588123440394636654e-08,-3.944091359902241266e-08,-4.368792721255961641e-08,-2.547179652617538374e-08,1.247901765229035586e-08,5.940317071466518345e-08,9.462960132410381934e-08,8.690401254858742535e-08,1.926003667348142852e-08,-5.615155805807027289e-08,-7.323791560126005744e-08,-6.383233143884067117e-08,-9.361460380608500291e-08,-1.946353777631364381e-07,-3.114581685929605271e-07,-3.701983657431561795e-07,-3.786689353071475834e-07,-3.764483133988079742e-07,-3.829886538292000460e-07,-4.021317004966853378e-07,-4.308194217510196516e-07,-4.631825912071063032e-07,-4.942385846715670638e-07,-5.213886692483253652e-07,-5.439171020733097342e-07,-5.621392971491298059e-07,-5.767380364030141842e-07,-5.883045181498035187e-07
-1.188910681918024028e-07,-1.017567602079812826e-07,-8.533411025445286998e-08,-7.038190953011218386e-08,-5.768362331479186500e-08,-4.794187785799716399e-08,-4.164744039012428775e-08,-3.902456686121965824e-08,-3.993621810716963042e-08,-4.369240042676626132e-08,-4.862952157289214558e-08,-5.143160469682154026e-08,-4.704757589109700970e-08,-3.016984716211845893e-08,1.284290214913985153e-09,4.273659964486671207e-08,8.275900854895431998e-08,1.081000443519019251e-07,1.110733825847081545e-07,9.260687896997327874e-08,5.937638034713296528e-08,2.016618426363575482e-08,-1.568086731456269565e-08,-3.920226407687454708e-08,-4.341522114571613964e-08,-2.517892789204890026e-08,1.279437580342115711e-08,5.973139917875979074e-08,9.495673263924148665e-08,8.721664270713009470e-08,1.954360909029753436e-08,-5.590799338705520042e-08,-7.303058722292375695e-08,-6.365505846742656420e-08,-9.346449056107569600e-08,-1.945167961523068159e-07,-3.113677037941544213e-07,-3.701107400731424674e-07,-3.785901860978566480e-07,-3.763808476407725777e-07,-3.829301604850028069e-07,-4.020742379797344397e-07,-4.307702569020164111e-07,-4.631286068350447486e-07,-4.942090305613144452e-07,-5.213493643973939930e-07,-5.438686674667427297e-07,-5.620884155367018802e-07,-5.767170828854513391e-07,-5.882636948493149146e-07
-1.188631220652628856e-07,-1.017512139515036889e-07,-8.532481584107209382e-08,-7.037193993392487603e-08,-5.767730830722642677e-08,-4.792936718866803903e-08,-4.163729355811376266e-08,-3.901353569839028705e-08,-3.992127007970575796e-08,-4.367575876837279826e-08,-4.861231569121138650e-08,-5.140830107113212572e-08,-4.702071116544776773e-08,-3.013516821198418166e-08,1.325693183909785281e-09,4.278268939799645964e-08,8.281436360492587349e-08,1.081751316145634839e-07,1.111696511316277952e-07,9.272285773921767029e-08,5.952073297939194482e-08,2.034452964393104300e-08,-1.547490970428254293e-08,-3.895834763500160711e-08,-4.314817916705655390e-08,-2.487471464945487666e-08,1.311602618443753301e-08,6.006178209598704620e-08,9.528378419513070748e-08,8.753037399040254468e-08,1.982897993746140881e-08,-5.566274405253404681e-08,-7.281919266333529081e-08,-6.347646864482260715e-08,-9.331248786490338544e-08,-1.943893690201001676e-07,-3.112626085653905021e-07,-3.700228608227912605e-07,-3.785107957831096913e-07,-3.763114083991446208e-07,-3.828661503229556073e-07,-4.020161908286326842e-07,-4.307192271231818144e-07,-4.630785065419633590e-07,-4.941560760717436698e-07,-5.213059977628915913e-07,-5.438283439170321647e-07,-5.620515058761630856e-07,-5.766660733164450343e-07,-5.882288756377101047e-07
-1.188801787979048645e-07,-1.017467292405302395e-07,-8.531717210989574615e-08,-7.036413765125672789e-08,-5.766543430408802420e-08,-4.791997355509290037e-08,-4.162530435029676336e-08,-3.899987758137655709e-08,-3.990737967463600028e-08,-4.366003893395027433e-08,-4.858866033454642580e-08,-5.138732925493373405e-08,-4.699422591895505022e-08,-3.010252893050812036e-08,1.366197980738513876e-09,4.283865780029702146e-08,8.288157578762394310e-08,1.082543037362936052e-07,1.112661758087565323e-07,9.283723925385027471e-08,5.966295708447983600e-08,2.051358500761557825e-08,-1.527739822373260881e-08,-3.872886153900307079e-08,-4.287914398618181809e-08,-2.457964096966834948e-08,1.343217416443455566e-08,6.039690606807315071e-08,9.561393690692974841e-08,8.784448151152092056e-08,2.011224245009383245e-08,-5.541314247983950616e-08,-7.260846387660570906e-08,-6.329462567579487560e-08,-9.315896944992120438e-08,-1.942642178335813937e-07,-3.111529386545146341e-07,-3.699323126313266372e-07,-3.784342423342379471e-07,-3.762423289562986229e-07,-3.828046223846125656e-07,-4.019638671218924675e-07,-4.306632950949108966e-07,-4.630321154738536104e-07,-4.941175758775875148e-07,-5.212674606331117119e-07,-5.437922567481424384e-07,-5.620131137616425013e-07,-5.766273360407081589e-07,-5.881896146036953675e-07
-1.188774281464516827e-07,-1.017411767999542613e-07,-8.531326481480196301e-08,-7.035738168557018184e-08,-5.765876340026964867e-08,-4.791133371720023501e-08,-4.161671810637793227e-08,-3.898854254041063232e-08,-3.989236972090321592e-08,-4.364460516015079694e-08,-4.856910632883277205e-08,-5.136458848297182523e-08,-4.696205626102693247e-08,-3.007137539915992427e-08,1.405434766937799009e-09,4.288531953033357744e-08,8.294319960771180591e-08,1.083308541605618372e-07,1.113595378725500271e-07,9.295565104435762647e-08,5.981086025735451045e-08,2.068165269972952813e-08,-1.506960124332193738e-08,-3.848420512689356067e-08,-4.260123602323028346e-08,-2.427454556132217083e-08,1.375385718225343164e-08,6.072562165042901551e-08,9.594199520382817688e-08,8.815736810605523315e-08,2.039730971777393925e-08,-5.516573654074477574e-08,-7.239756863967399321e-08,-6.311785057102758726e-08,-9.301292301258817924e-08,-1.941351073196289434e-07,-3.110465036682382049e-07,-3.698443298967460143e-07,-3.783569353721440911e-07,-3.761752188229074258e-07,-3.827438068571694306e-07,-4.019072933951701498e-07,-4.306145131917368944e-07,-4.629864085406262812e-07,-4.940698118737714802e-07,-5.212207612561894682e-07,-5.437494796828003506e-07,-5.619689596538453036e-07,-5.765826286148900116e-07,-5.881493653668747007e-07
-1.188641532061819118e-07,-1.017329792618738594e-07,-8.530414463370302788e-08,-7.035070188596669070e-08,-5.765103862001088895e-08,-4.790303294703694503e-08,-4.160491332151310308e-08,-3.897703191255515326e-08,-3.988048544836257331e-08,-4.363152481618506976e-08,-4.855162346778243450e-08,-5.134357783612352077e-08,-4.693517108833100580e-08,-3.003745730466553830e-08,1.444388161108952746e-09,4.293503344172571091e-08,8.300576820249124747e-08,1.084038023821797758e-07,1.114527202119144372e-07,9.306904873014461063e-08,5.994696893195578608e-08,2.085283503329837909e-08,-1.486762039362352699e-08,-3.825401768233831118e-08,-4.233805300497112257e-08,-2.398445251908808124e-08,1.407659407753064839e-08,6.105034220121875531e-08,9.626609535029374144e-08,8.846350254959807955e-08,2.067878439377239557e-08,-5.492606707987800922e-08,-7.219028117725045879e-08,-6.294222874123750176e-08,-9.286207262896836265e-08,-1.940117495472361903e-07,-3.109449230070038719e-07,-3.697551476343744419e-07,-3.782806375447629446e-07,-3.761074019355427481e-07,-3.826814715472301076e-07,-4.018504945141886048e-07,-4.305648088805472181e-07,-4.629411908467380379e-07,-4.940256427154071022e-07,-5.211721920723237078e-07,-5.437140998828636941e-07,-5.619335110167680569e-07,-5.765621434540656837e-07,-5.881090754487798894e-07
-1.188672272485107361e-07,-1.017239640476621005e-07,-8.529804926145768947e-08,-7.033205081425763614e-08,-5.764189180866694982e-08,-4.789318876012398319e-08,-4.159642292436237637e-08,-3.896616659024297767e-08,-3.986613704148013824e-08,-4.361577461869193518e-08,-4.853587023648795620e-08,-5.132209770929108549e-08,-4.691413750752365260e-08,-3.000474074114908366e-08,1.485821479789331491e-09,4.298271388610886640e-08,8.306314839167883605e-08,1.084770323603836764e-07,1.115446169407266701e-07,9.318355092604295433e-08,6.008318120617311749e-08,2.101797643616951363e-08,-1.466971935797494494e-08,-3.802824625896053791e-08,-4.208212455263550171e-08,-2.369336251526298832e-08,1.437334439566798531e-08,6.136766538615527945e-08,9.658329296238717386e-08,8.876756333589757984e-08,2.095295829243489797e-08,-5.468958182617166145e-08,-7.198768753531594069e-08,-6.276946667383842060e-08,-9.271898139990505487e-08,-1.938903280233769147e-07,-3.108460520682915347e-07,-3.696694028540471762e-07,-3.782048889245840892e-07,-3.760413335728817762e-07,-3.826237980040664272e-07,-4.018005360799863768e-07,-4.305108620667128031e-07,-4.628935114660912764e-07,-4.939722816113416734e-07,-5.211362570948647201e-07,-5.436615503420374596e-07,-5.618918454675876310e-07,-5.765116038132117259e-07,-5.880702988964648041e-07
-1.188658228505630794e-07,-1.017214844889376558e-07,-8.529512726722871184e-08,-7.033827193948334556e-08,-5.763499576802046455e-08,-4.788393672873324867e-08,-4.158643411658072324e-08,-3.895512023629273038e-08,-3.985397960561577634e-08,-4.359694253048988376e-08,-4.851666534842743897e-08,-5.130178204835755604e-08,-4.689416632847012200e-08,-2.997359472952630703e-08,1.519424420487758788e-09,4.303030413880920487e-08,8.311989779607862426e-08,1.085457692576107579e-07,1.116307550440605762e-07,9.329259748614873102e-08,6.021782058693442019e-08,2.117636300748460521e-08,-1.448300600912074488e-08,-3.780216650805776992e-08,-4.182330431764378835e-08,-2.341574864241748959e-08,1.467642237116161106e-08,6.167521194770958844e-08,9.688444640307417958e-08,8.905526775360031770e-08,2.121695918567350400e-08,-5.446070021834898438e-08,-7.179464577694662018e-08,-6.260344880214898109e-08,-9.257617789305396925e-08,-1.937747943371214360e-07,-3.107455499350900166e-07,-3.695835500968633176e-07,-3.781326079663971402e-07,-3.759775649811526339e-07,-3.825662906181940321e-07,-4.017451901548180115e-07,-4.304689364993946587e-07,-4.628474818305480051e-07,-4.939337956407393751e-07,-5.210990081990519773e-07,-5.436294889868973572e-07,-5.618628546382485436e-07,-5.764782556697393238e-07,-5.880349638579909157e-07
-1.188598236778687416e-07,-1.017138875711855975e-07,-8.528455068943287991e-08,-7.033085121448590632e-08,-5.762975035181807305e-08,-4.787826597156689636e-08,-4.157689670763112579e-08,-3.894578487005811594e-08,-3.984167448557451025e-08,-4.358319400044744138e-08,-4.850283574460564490e-08,-5.128176679842743767e-08,-4.686658653419850618e-08,-2.994883514841026004e-08,1.554424879446350768e-09,4.307680705695768222e-08,8.317056721676862368e-08,1.086180369507776205e-07,1.117149400818496793e-07,9.339447697234279161e-08,6.033855794313697748e-08,2.133320067586831519e-08,-1.429972698348039881e-08,-3.760192036916259021e-08,-4.159003539703908902e-08,-2.314734155571793985e-08,1.495622431830082057e-08,6.196334980099303301e-08,9.717524499018721294e-08,8.933198773191648586e-08,2.146344044420108403e-08,-5.424366326913215344e-08,-7.160858862787678147e-08,-6.244628921796090517e-08,-9.244139675016766981e-08,-1.936611531079509365e-07,-3.106490495179827068e-07,-3.695058992198138686e-07,-3.780637450569462016e-07,-3.759160937044250600e-07,-3.825108988384145230e-07,-4.016962783380097170e-07,-4.304226885729685769e-07,-4.628085023108451224e-07,-4.938902791560914866e-07,-5.210586283512941378e-07,-5.435871992992267926e-07,-5.618125866696828662e-07,-5.764422455468838939e-07,-5.879998681577448205e-07
-1.188477356675425081e-07,-1.017112108088607432e-07,-8.528125124476211301e-08,-7.032504151286569699e-08,-5.762328572185739996e-08,-4.785884522330332781e-08,-4.156833493901850119e-08,-3.893697482664907109e-08,-3.982992707637044254e-08,-4.357029158159065808e-08,-4.848619239053165063e-08,-5.126533536480737635e-08,-4.684651319723026137e-08,-2.991853283270463831e-08,1.585096521263256835e-09,4.311239153426988093e-08,8.322623087333113067e-08,1.086814155784955663e-07,1.117953013607977300e-07,9.349235266230699341e-08,6.046471865285230034e-08,2.147230857630932002e-08,-1.412976598353800532e-08,-3.739339926044765686e-08,-4.136347674496857150e-08,-2.289881957957654755e-08,1.521912652127956316e-08,6.223799414850316223e-08,9.744454144173599283e-08,8.958845658931494858e-08,2.169766933311008341e-08,-5.403993137861910250e-08,-7.143334555740679551e-08,-6.229730720066591074e-08,-9.231903225329689596e-08,-1.935599766652172852e-07,-3.105601493847574180e-07,-3.694327015883682996e-07,-3.780014616519113135e-07,-3.758587281270581418e-07,-3.824606552144707988e-07,-4.016484351969887755e-07,-4.303750932826475432e-07,-4.627660751860354975e-07,-4.938586324275253917e-07,-5.210220039520644531e-07,-5.435536969139495364e-07,-5.617935227808274436e-07,-5.764169510607391181e-07,-5.879698287587695217e-07
-1.188485609295306605e-07,-1.017103130345462514e-07,-8.527704152427699151e-08,-7.031856753973163085e-08,-5.761739600064180567e-08,-4.786231806851605586e-08,-4.156086004839040243e-08,-3.892620725359343604e-08,-3.982002996218681954e-08,-4.355879761656800563e-08,-4.847329846552938958e-08,-5.124839335639181868e-08,-4.681877358548381853e-08,-2.989636790831521819e-08,1.621207708496175681e-09,4.315311160362953472e-08,8.327308735031778409e-08,1.087401773045055650e-07,1.118688061491300816e-07,9.358045112158234463e-08,6.057399468234594768e-08,2.160192335393567409e-08,-1.397465622005737523e-08,-3.721229916788979364e-08,-4.115427673706063585e-08,-2.267951336612755180e-08,1.546835498761140260e-08,6.249184084050579404e-08,9.769759783512957967e-08,8.983182304952733972e-08,2.191690184283203625e-08,-5.384788397156924937e-08,-7.127232154970972278e-08,-6.216062735084477248e-08,-9.220350193346551208e-08,-1.934628306378661370e-07,-3.104801673504981921e-07,-3.693662820302399141e-07,-3.779398711621193698e-07,-3.758056883692964158e-07,-3.824132222560966355e-07,-4.016079293550650537e-07,-4.303378839777599601e-07,-4.627311426253326894e-07,-4.938214269065873528e-07,-5.209937061412123620e-07,-5.435282791039190324e-07,-5.617574455363098874e-07,-5.763753177428055792e-07,-5.879403532526110255e-07
-1.188458476553373394e-07,-1.017033385668611326e-07,-8.527450019442816807e-08,-7.031661453152255427e-08,-5.761263162247510885e-08,-4.785873953261704837e-08,-4.155619649523392075e-08,-3.892006470315817513e-08,-3.981125063203174411e-08,-4.355006135504232930e-08,-4.846115974360920600e-08,-5.123191943933655009e-08,-4.680038317828558107e-08,-2.987496162046293512e-08,1.645986906896660403e-09,4.318542061323717048e-08,8.331573783860474636e-08,1.087937210651603207e-07,1.119334988489587366e-07,9.366182363258309287e-08,6.067080763830357036e-08,2.172645541962111956e-08,-1.383444908604200799e-08,-3.704767698123405277e-08,-4.096071997288211651e-08,-2.245935353481248635e-08,1.569207714237628304e-08,6.272328316605935954e-08,9.792751302449376630e-08,9.004852302230496296e-08,2.211364814787761158e-08,-5.367980235504622586e-08,-7.112504112440998886e-08,-6.203402184554634642e-08,-9.209514655576581087e-08,-1.933784487841983592e-07,-3.104124970272312524e-07,-3.693008760661554498e-07,-3.778862404347148548e-07,-3.757594052189019903e-07,-3.823706711330100610e-07,-4.015682618865887574e-07,-4.303018671892338619e-07,-4.626924776475615667e-07,-4.937929859855478267e-07,-5.209566619734537647e-07,-5.434920434189648405e-07,-5.617412017784155644e-07,-5.763430123192452936e-07,-5.879141335336864878e-07
-1.188429940057421610e-07,-1.016690086418076618e-07,-8.526964930184780661e-08,-7.030878662717429853e-08,-5.760670136918292476e-08,-4.785279332888558411e-08,-4.154993522548107115e-08,-3.891321727645040343e-08,-3.980394028564722798e-08,-4.354509104736961915e-08,-4.844840985618839350e-08,-5.122002154741379746e-08,-4.679266824138234816e-08,-2.985527091114438634e-08,1.672193265732877431e-09,4.321528191591185376e-08,8.335295573808414262e-08,1.088432258169736533e-07,1.119927345803773970e-07,9.373940099129794277e-08,6.075827396017263837e-08,2.183008289426757802e-08,-1.370099083363981766e-08,-3.689186039602519755e-08,-4.080224959205028196e-08,-2.227795756406588693e-08,1.588638899664355158e-08,6.293282435571940920e-08,9.813251318032609113e-08,9.024130755977201576e-08,2.229000723961163348e-08,-5.352452159394255394e-08,-7.099266566971574001e-08,-6.192294269705917898e-08,-9.199811236552406870e-08,-1.932945045424734487e-07,-3.103413198056763305e-07,-3.692438012377514151e-07,-3.778380175277687134e-07,-3.757148397345857216e-07,-3.823313822158759222e-07,-4.015339664902456861e-07,-4.302646929794144721e-07,-4.626645693419683161e-07,-4.937629010516030840e-07,-5.209370338794035176e-07,-5.434692287029842354e-07,-5.617092555058060050e-07,-5.763404703926884403e-07,-5.878916648517246162e-07
-1.188412945537877649e-07,-1.016944254999859501e-07,-8.526794971076715042e-08,-7.030260301611908342e-08,-5.760549553090309987e-08,-4.784789559598294543e-08,-4.154333516587826154e-08,-3.890654521352994135e-08,-3.979724811350379989e-08,-4.353427937715070158e-08,-4.843793711495633024e-08,-5.120805009588395136e-08,-4.677480088435733767e-08,-2.983472735977838699e-08,1.696555763185693722e-09,4.324789426470085708e-08,8.338369123602896488e-08,1.088843691515980122e-07,1.120463619925552678e-07,9.380148254721289909e-08,6.084026457858391921e-08,2.193095859851076356e-08,-1.358919170230966861e-08,-3.676654793272903620e-08,-4.064671959024923123e-08,-2.211334510719247443e-08,1.606701136845145836e-08,6.311159730596613805e-08,9.831369629693205682e-08,9.041515967659054275e-08,2.244319077451630486e-08,-5.338783925147498270e-08,-7.087705609689356590e-08,-6.182438511471868002e-08,-9.191443033950790122e-08,-1.932267756860012817e-07,-3.102696767917369168e-07,-3.691939062207774108e-07,-3.777927177118421008e-07,-3.756775853598553442e-07,-3.822985703727218429e-07,-4.014999892782712890e-07,-4.302432614656666765e-07,-4.626442065832834340e-07,-4.937456391319969495e-07,-5.209034659070281141e-07,-5.434514694276443771e-07,-5.616796190893157385e-07,-5.763066140412009030e-07,-5.878682638309961599e-07
-1.188387270786831919e-07,-1.016982760209924514e-07,-8.526427492609164390e-08,-7.030728239791615952e-08,-5.758850682910644956e-08,-4.784626293642604625e-08,-4.154000899562275835e-08,-3.890185113519611524e-08,-3.979080927209868428e-08,-4.352475732940000872e-08,-4.843002098785282058e-08,-5.119790396479084093e-08,-4.675820825960186152e-08,-2.982130179110909194e-08,1.713084133506231918e-09,4.326549783972932649e-08,8.341948991516735218e-08,1.089198655882249272e-07,1.120907991116974206e-07,9.385673706736523522e-08,6.090748196423995526e-08,2.201564791282650941e-08,-1.348651154964806698e-08,-3.664894457380962714e-08,-4.051496165621464865e-08,-2.197271628938244020e-08,1.622708171329258223e-08,6.327016901198179823e-08,9.847050694653950937e-08,9.056564994141041943e-08,2.258090067896465668e-08,-5.327021051929027125e-08,-7.077692778788051948e-08,-6.173694724289691348e-08,-9.184655359096941627e-08,-1.931673311299673406e-07,-3.102390532643645513e-07,-3.691513084495540813e-07,-3.777574631624694668e-07,-3.756439796106417501e-07,-3.822688976311943578e-07,-4.014745151131076721e-07,-4.302190133890782482e-07,-4.626134884762262070e-07,-4.937180035272294230e-07,-5.208961107678270385e-07,-5.434253050458241171e-07,-5.616631131482704484e-07,-5.762742540513158871e-07,-5.878524319253639507e-07
-1.188365315837475787e-07,-1.016932802321722001e-07,-8.525971115769831209e-08,-7.030458863242377712e-08,-5.759819410039739874e-08,-4.784312630076666992e-08,-4.153592485725915395e-08,-3.889791983859621384e-08,-3.978844683022825883e-08,-4.351889872581085407e-08,-4.842332994532875692e-08,-5.119241069865284336e-08,-4.675801794450557766e-08,-2.981071072738923402e-08,1.728690833270132954e-09,4.328917062776432007e-08,8.344139526095319840e-08,1.089505194277490802e-07,1.121294985056685756e-07,9.390486439192358973e-08,6.096514812315578258e-08,2.208962591247734403e-08,-1.340597132404973717e-08,-3.655026854855523158e-08,-4.039745574771160141e-08,-2.184910167220926288e-08,1.635278351830894445e-08,6.340558457878806034e-08,9.860443681401714556e-08,9.069074490693442813e-08,2.269358456344065628e-08,-5.316939260245159848e-08,-7.069006236474295476e-08,-6.166553165914801359e-08,-9.178586032217760453e-08,-1.931142633140211258e-07,-3.101910541542211006e-07,-3.691164704468171512e-07,-3.777250964680126297e-07,-3.756181818608295691e-07,-3.822442137833352191e-07,-4.014533715108010855e-07,-4.302002282192082695e-07,-4.625986251941657479e-07,-4.937020747532479106e-07,-5.208640434683995535e-07,-5.434101776058685062e-07,-5.616524182120637377e-07,-5.762770289687918042e-07,-5.878393289506314815e-07
-1.188370497790702526e-07,-1.016826059924865645e-07,-8.526111470365283632e-08,-7.030214779075985714e-08,-5.759608806807868823e-08,-4.784045440895922249e-08,-4.153557054109681361e-08,-3.889610086332146210e-08,-3.978497349041859332e-08,-4.351575044952613938e-08,-4.842097326208162419e-08,-5.118329022179346851e-08,-4.674533691961772234e-08,-2.979930301509172333e-08,1.740913658224438314e-09,4.330647200907382296e-08,8.346458931798277720e-08,1.089734816349787951e-07,1.121604054581768169e-07,9.394285430336402551e-08,6.101157472849266542e-08,2.214094608295134822e-08,-1.333358983388498106e-08,-3.647062294065728703e-08,-4.030702327032232203e-08,-2.174040272955861009e-08,1.646175071153831296e-08,6.351931553116245548e-08,9.871782131070454618e-08,9.079601051140004397e-08,2.279635064636669640e-08,-5.308742449289307146e-08,-7.061727123925804157e-08,-6.160318370549717082e-08,-9.173378387791678732e-08,-1.930671800982532895e-07,-3.101577248796263731e-07,-3.690856720684879624e-07,-3.776992067158224936e-07,-3.755932770004710224e-07,-3.822227208662593883e-07,-4.014346383953111812e-07,-4.301828170894338209e-07,-4.625877892382635273e-07,-4.936847697055316985e-07,-5.208563405590182182e-07,-5.434019981994100883e-07,-5.616449574821799379e-07,-5.762616335931057518e-07,-5.878256734575834677e-07
-1.188379182434972781e-07,-1.016941753133203163e-07,-8.526138187883845603e-08,-7.029954544968610386e-08,-5.759539729209608724e-08,-4.783820969087233686e-08,-4.153328442820144258e-08,-3.889257021743896733e-08,-3.978058601327733844e-08,-4.351305610537646250e-08,-4.841491844110920972e-08,-5.117923579543341736e-08,-4.673400055337301702e-08,-2.979315305689479275e-08,1.752383553004853926e-09,4.331617357099760311e-08,8.347866804029276436e-08,1.089971158447042421e-07,1.121871708753761042e-07,9.397346584090533536e-08,6.105634353809537586e-08,2.219223082105994089e-08,-1.328090729379470132e-08,-3.640164615693378806e-08,-4.023927563784712850e-08,-2.165691033837372868e-08,1.654927942666321865e-08,6.361043386317042794e-08,9.880882190463206853e-08,9.088440473963695644e-08,2.287076877069473050e-08,-5.301755902951354656e-08,-7.055918319740860416e-08,-6.155321371954204830e-08,-9.169307223671910235e-08,-1.930327269363501007e-07,-3.101180419437211902e-07,-3.690617724321803697e-07,-3.776789598489712367e-07,-3.755752342865768704e-07,-3.822070217428732785e-07,-4.014231093720388460e-07,-4.301680465706351901e-07,-4.625721274064708673e-07,-4.936787302630530265e-07,-5.208486422351866445e-07,-5.433919940733730951e-07,-5.616208281945992634e-07,-5.762605226275960796e-07,-5.878121142346605382e-07
-1.188387887529509280e-07,-1.016905831230996588e-07,-8.526065547504968433e-08,-7.030169440202514824e-08,-5.759401715816145438e-08,-4.783768840600010467e-08,-4.153174427497038864e-08,-3.889145399328022270e-08,-3.977791386932242335e-08,-4.351212350658540070e-08,-4.841109538814203818e-08,-5.117453304811341695e-08,-4.673292866956042290e-08,-2.978489537320551373e-08,1.758116026974848320e-09,4.332705744350335729e-08,8.348988278263918379e-08,1.090090239403524970e-07,1.122058173373015728e-07,9.399857559769126335e-08,6.108597444778678016e-08,2.223123598890348273e-08,-1.322982897566748315e-08,-3.635216005153760544e-08,-4.017369661287223944e-08,-2.158424856393062039e-08,1.662200269114024456e-08,6.368733586841940822e-08,9.888032044050146161e-08,9.095487120557425251e-08,2.293516566807121691e-08,-5.296486392817754966e-08,-7.051279766397161327e-08,-6.151431561634399584e-08,-9.166059420319118574e-08,-1.930091640251141471e-07,-3.100952345042315933e-07,-3.690407444212107706e-07,-3.776628209712573903e-07,-3.755623845117553648e-07,-3.821936559198493325e-07,-4.014084333930452302e-07,-4.301532212785475339e-07,-4.625607320442262264e-07,-4.936754937148065184e-07,-5.208420644681931934e-07,-5.433740668486200821e-07,-5.616259056737598662e-07,-5.762418586163502940e-07,-5.878054561641144349e-07
-1.188409003250184729e-07,-1.016903600754250298e-07,-8.525922985029098623e-08,-7.029912778072254664e-08,-5.759407816091091299e-08,-4.783788327569423619e-08,-4.153162615146606518e-08,-3.889074059263135003e-08,-3.977734860841980003e-08,-4.350799020859190028e-08,-4.840960504459613696e-08,-5.117269160337948146e-08,-4.673335143589652359e-08,-2.977929627844998793e-08,1.760455465458903984e-09,4.333130484550355348e-08,8.349623117673457542e-08,1.090252242498553209e-07,1.122222727310516421e-07,9.402195736366455247e-08,6.111198856290532158e-08,2.226466935195229928e-08,-1.319859170842999960e-08,-3.630470213926820177e-08,-4.012044721259139114e-08,-2.153719412035344755e-08,1.668241159791670156e-08,6.374441979172654255e-08,9.893880478871679393e-08,9.100988833426365546e-08,2.297968760735584354e-08,-5.292081169931417701e-08,-7.047496490770431836e-08,-6.148116126538302727e-08,-9.163589561012655741e-08,-1.929862166253233913e-07,-3.100836473111045896e-07,-3.690263641380416033e-07,-3.776484420090348337e-07,-3.755497801773562523e-07,-3.821838676124494458e-07,-4.013976547666683085e-07,-4.301526133149316933e-07,-4.625578103952299978e-07,-4.936569941406537278e-07,-5.208297650077989834e-07,-5.433733700390459127e-07,-5.616098150962173063e-07,-5.762354692380318276e-07,-5.877992949021288299e-07
-1.188380718255336244e-07,-1.016926043293937645e-07,-8.526018733483833173e-08,-7.030218024302985374e-08,-5.759652826171756811e-08,-4.783765550033332300e-08,-4.152925887575687710e-08,-3.889071973579144894e-08,-3.977946585811185469e-08,-4.350962010946406142e-08,-4.840793115915084714e-08,-5.117122344513785355e-08,-4.672258887842037044e-08,-2.977738229178270209e-08,1.771511993656613306e-09,4.333942425391495211e-08,8.351066497345847563e-08,1.090369019961643444e-07,1.122342982106060007e-07,9.403487289136297922e-08,6.113004451678385999e-08,2.228232308754940914e-08,-1.316720363532572754e-08,-3.627229316477904290e-08,-4.008337705121439138e-08,-2.149301137124230462e-08,1.672711437464906314e-08,6.378920980597566559e-08,9.898616261613677106e-08,9.105273072484483290e-08,2.302280330377396415e-08,-5.288462339457293663e-08,-7.044800585929234778e-08,-6.145680935225409723e-08,-9.161569195304483349e-08,-1.929724382410473025e-07,-3.100778943034832410e-07,-3.690154912518711830e-07,-3.776391573558677618e-07,-3.755402844985692152e-07,-3.821797908538068592e-07,-4.013919719058228300e-07,-4.301454083049720313e-07,-4.625495933684328907e-07,-4.936571851022664640e-07,-5.208297815501890718e-07,-5.433727733676389558e-07,-5.616043735676563157e-07,-5.762243848086575128e-07,-5.877998150016526405e-07
-1.188373807043164679e-07,-1.016947593186069145e-07,-8.526134801528773043e-08,-7.029929525222613363e-08,-5.757888301920641390e-08,-4.783863716834635155e-08,-4.153258350311235306e-08,-3.889094594428758907e-08,-3.977660100341402714e-08,-4.350783095977464748e-08,-4.841060566776050085e-08,-5.117030228291246987e-08,-4.672119708445124803e-08,-2.977479056756023262e-08,1.773734668434379078e-09,4.334241158968704707e-08,8.351236959390461757e-08,1.090439264023895163e-07,1.122426930332819157e-07,9.404864460027983833e-08,6.114425014092974054e-08,2.229966783866987753e-08,-1.314610950383890309e-08,-3.624271481799591386e-08,-4.005479276495005835e-08,-2.146190713443991863e-08,1.676006354632097073e-08,6.382505489189630020e-08,9.901905222656859283e-08,9.108433426233040921e-08,2.305008324440863841e-08,-5.286152925415678123e-08,-7.042508056879188453e-08,-6.144095995895737709e-08,-9.159500350766716364e-08,-1.929592768716625705e-07,-3.100681934053136623e-07,-3.690067985459565406e-07,-3.776310318613297600e-07,-3.755346428278454068e-07,-3.821710068398265332e-07,-4.013882546675643895e-07,-4.301450777656508748e-07,-4.625472900908239406e-07,-4.936531817275514606e-07,-5.208251027049232183e-07,-5.433609686792127783e-07,-5.616057529104230469e-07,-5.762306428237038253e-07,-5.877963121907582501e-07
-1.188408556002883871e-07,-1.016938340043833465e-07,-8.526093819478890948e-08,-7.030124971267063071e-08,-5.758723485547207539e-08,-4.783871214182679627e-08,-4.153002045023048499e-08,-3.889133231528221378e-08,-3.977650036909612103e-08,-4.350897265425088257e-08,-4.840768809794558173e-08,-5.116803980144707119e-08,-4.672942307559302550e-08,-2.977468286868086423e-08,1.772669149444180101e-09,4.334592494344117067e-08,8.352067000853543647e-08,1.090467659455876310e-07,1.122515332893576432e-07,9.405807494044586951e-08,6.115345374476477716e-08,2.231511826094056254e-08,-1.312974283992659519e-08,-3.623450668486283943e-08,-4.003928055705122635e-08,-2.143838983398911108e-08,1.678435366832414600e-08,6.384741445352844792e-08,9.904533963245218162e-08,9.110951072578634423e-08,2.306956191712018866e-08,-5.284282048322337705e-08,-7.040793980487342546e-08,-6.142718356254811765e-08,-9.158612173463391105e-08,-1.929484255399556261e-07,-3.100487207151999081e-07,-3.690001130087331430e-07,-3.776265369201815031e-07,-3.755297268984602751e-07,-3.821683343022038113e-07,-4.013877640001980054e-07,-4.301359481326198735e-07,-4.625388696018577632e-07,-4.936485915158367129e-07,-5.208236769133543249e-07,-5.433644223187386732e-07,-5.616102485113719591e-07,-5.762340271324022235e-07,-5.877936466448955642e-07
-1.188352695724578750e-07,-1.016960189389865912e-07,-8.521667438898819130e-08,-7.030182135905598486e-08,-5.759616936780482637e-08,-4.783748683353303826e-08,-4.153228937807250790e-08,-3.889185295708826326e-08,-3.977809532656060355e-08,-4.350846635636133041e-08,-4.840645862849866248e-08,-5.116825100796386591e-08,-4.672113121088199183e-08,-2.977244068733695012e-08,1.774493962655653225e-09,4.334639664453649658e-08,8.351934800200288887e-08,1.090503998268085320e-07,1.122567961430820612e-07,9.406291535913452764e-08,6.116195568163430353e-08,2.232602612527310163e-08,-1.311706759711670908e-08,-3.621446881842405826e-08,-4.002483672871092485e-08,-2.142830208315918214e-08,1.680595013282282520e-08,6.387147695264406859e-08,9.906234424200751156e-08,9.112596256710912453e-08,2.308770894650492737e-08,-5.282610885484075207e-08,-7.039778742473241695e-08,-6.141671680336943324e-08,-9.157726752025675749e-08,-1.929433220615518058e-07,-3.100530530367337120e-07,-3.689964214110076725e-07,-3.776223531341722173e-07,-3.755256428750090116e-07,-3.821660989164466294e-07,-4.013855789099369189e-07,-4.301335153580581311e-07,-4.625422495888375752e-07,-4.936439726706454042e-07,-5.208151570647648628e-07,-5.433661891459205038e-07,-5.616040994528365118e-07,-5.762163358670628946e-07,-5.877957282215537202e-07
-1.188408328397810858e-07,-1.016925792377242478e-07,-8.526277053326262834e-08,-7.030229826096326630e-08,-5.759733606765395493e-08,-4.783935434736341678e-08,-4.153232081830008127e-08,-3.889081899441257282e-08,-3.977611734044235995e-08,-4.350785305835993911e-08,-4.840964782741064620e-08,-5.117002839269489345e-08,-4.672979263328118077e-08,-2.977174445241766921e-08,1.776114518665174359e-09,4.335011204555555977e-08,8.352137882100844755e-08,1.090507687646512974e-07,1.122589077021747024e-07,9.406793335741606140e-08,6.116765725689537391e-08,2.233090326301743032e-08,-1.311379321480243123e-08,-3.620667701798924685e-08,-4.001066568742343451e-08,-2.141006979145759023e-08,1.682024589608469115e-08,6.388390972622067003e-08,9.907626603194897633e-08,9.113775593082536712e-08,2.309647974327019458e-08,-5.281802962715893327e-08,-7.038895227944565253e-08,-6.140901439528818944e-08,-9.157430159083990793e-08,-1.929419604144032680e-07,-3.100268851221443286e-07,-3.689926636078857372e-07,-3.776201376170447977e-07,-3.755244816382841318e-07,-3.821614315438983628e-07,-4.013832081913923901e-07,-4.301296993787953253e-07,-4.625392798323670380e-07,-4.936554497725044206e-07,-5.208144485267943056e-07,-5.433647001067756158e-07,-5.616064386998797203e-07,-5.762381760218472871e-07,-5.877913682208959593e-07
-1.188412031100909703e-07,-1.016949126336630021e-07,-8.523834339463857819e-08,-7.030269647812705676e-08,-5.759400586430061157e-08,-4.783885364235853818e-08,-4.153180290240463651e-08,-3.889163054614054960e-08,-3.978077113369321916e-08,-4.350952919691160470e-08,-4.840660343987314351e-08,-5.116963953957765764e-08,-4.672042239954573204e-08,-2.977428209665885676e-08,1.777432448358131154e-09,4.335232046659944736e-08,8.352179400400625961e-08,1.090521943694690400e-07,1.122601783120011297e-07,9.407043643525391634e-08,6.117460939109407863e-08,2.233094682601239124e-08,-1.310543867868333536e-08,-3.619312243008345827e-08,-3.999840393394397179e-08,-2.140438563266712738e-08,1.682582303578790741e-08,6.389182095940014895e-08,9.908594429868831499e-08,9.114665765662916744e-08,2.310835292364828558e-08,-5.281301703416454449e-08,-7.038189102011853087e-08,-6.140616692829508532e-08,-9.156979373173046381e-08,-1.929316813904486822e-07,-3.100437983231648294e-07,-3.689908979615130984e-07,-3.776190322389889151e-07,-3.755223075959175573e-07,-3.821640677741199391e-07,-4.013800780415278846e-07,-4.301316963048248823e-07,-4.625365373261508792e-07,-4.936444839046157573e-07,-5.208184701271875388e-07,-5.433654857314377334e-07,-5.616002393556018679e-07,-5.762351736847693769e-07,-5.877903298269218177e-07
-1.188407345525641532e-07,-1.016946767607077046e-07,-8.526045068875295777e-08,-7.030507525277367711e-08,-5.759706242175996827e-08,-4.784037848132497504e-08,-4.153129278713201822e-08,-3.889221744345826441e-08,-3.977686740244075209e-08,-4.350988987511555520e-08,-4.840693144719193699e-08,-5.116704254422763955e-08,-4.672090636838435815e-08,-2.977323337089941508e-08,1.775385082009065382e-09,4.335064927351011453e-08,8.351746760077327773e-08,1.090575880410951374e-07,1.122613065378770257e-07,9.407169698802625913e-08,6.117095876737212451e-08,2.234202709754133419e-08,-1.309897885642899768e-08,-3.619523231244238505e-08,-3.999161491833261502e-08,-2.140247193810358048e-08,1.683447393469915227e-08,6.389894350443784598e-08,9.908824476219741478e-08,9.115074945375575777e-08,2.310754360121208194e-08,-5.280476366822970110e-08,-7.038035068648217790e-08,-6.140331847651318053e-08,-9.156970764502373008e-08,-1.929343620225672757e-07,-3.100409663511764180e-07,-3.689893187893445359e-07,-3.776174597024891669e-07,-3.755216863951584376e-07,-3.821631134241397759e-07,-4.013793725123685455e-07,-4.301318299687882870e-07,-4.625428066223557895e-07,-4.936476255461382476e-07,-5.208138762917586931e-07,-5.433634489632192162e-07,-5.616027909105457099e-07,-5.762435029640546004e-07,-5.877910450019587936e-07
-1.188405039925826773e-07,-1.016955252598947324e-07,-8.526455690374394077e-08,-7.030620413855708691e-08,-5.759833696500147433e-08,-4.783996146836679643e-08,-4.153118709676806129e-08,-3.889119448738680403e-08,-3.977935984472760184e-08,-4.350777539645136152e-08,-4.840663814029056811e-08,-5.116785945493841485e-08,-4.672852630524666828e-08,-2.977274449968460027e-08,1.777701909898774395e-09,4.335073652158896326e-08,8.352205319271400339e-08,1.090550467708810334e-07,1.122627560821153104e-07,9.407285413150981707e-08,6.117400442024674481e-08,2.233457662698488666e-08,-1.309875821575934515e-08,-3.619577208320394924e-08,-3.999221651700886121e-08,-2.139446563688781077e-08,1.683696549436925029e-08,6.390083527042432895e-08,9.909151090796509031e-08,9.115069664022389992e-08,2.310927643281463285e-08,-5.280714494969718244e-08,-7.038239945226806006e-08,-6.140153796684947416e-08,-9.156930754629688331e-08,-1.929377801429738936e-07,-3.100362399584254604e-07,-3.689898755369791249e-07,-3.776186134975320791e-07,-3.755218016750268520e-07,-3.821623748812247668e-07,-4.013794839138598123e-07,-4.301310416205712427e-07,-4.625365487180311357e-07,-4.936484120523059653e-07,-5.208157156310549990e-07,-5.433621716398607092e-07,-5.616038855585865284e-07,-5.762495193727186808e-07,-5.877921898345991893e-07
-1.188418423507921130e-07,-1.016955957519074939e-07,-8.526540777361816341e-08,-7.030398286152694455e-08,-5.759688075506183619e-08,-4.784007252242718435e-08,-4.153088324326243834e-08,-3.889287576777096516e-08,-3.977772965797876375e-08,-4.350755798715879484e-08,-4.840723316712790814e-08,-5.116871953541057769e-08,-4.672262863525459482e-08,-2.977075689346502431e-08,1.776634953862006007e-09,4.335183391509777499e-08,8.352232411156524639e-08,1.090563431295572171e-07,1.122626107451241028e-07,9.407266957395953237e-08,6.117477241729905027e-08,2.233447882263162891e-08,-1.310368930558339929e-08,-3.619369956236097585e-08,-4.000040396146468994e-08,-2.139686297754170454e-08,1.683067703906015664e-08,6.390124190900288186e-08,9.909057245805738493e-08,9.114913920872869685e-08,2.310890128929249303e-08,-5.280901670909637644e-08,-7.038182959750077615e-08,-6.140361780764114945e-08,-9.156957474185028374e-08,-1.929321731093339166e-07,-3.100477316498528638e-07,-3.689888406920531270e-07,-3.776162569223992789e-07,-3.755237007268887800e-07,-3.821624601948147246e-07,-4.013819345837006074e-07,-4.301287290157072162e-07,-4.625435360904975561e-07,-4.936493025853566624e-07,-5.208228686170025177e-07,-5.433628641897000458e-07,-5.615988931947839686e-07,-5.762296405365883145e-07,-5.877943429916628955e-07
-1.188433553764052073e-07,-1.016958195382373502e-07,-8.526510749686809141e-08,-7.030249845622402527e-08,-5.759608654383685792e-08,-4.783900364062645656e-08,-4.153182424550465254e-08,-3.888989024891457865e-08,-3.977789576549931287e-08,-4.351034279455249348e-08,-4.840649230270864584e-08,-5.116953819615807955e-08,-4.672345695087544839e-08,-2.977030861325492444e-08,1.775369171987449762e-09,4.334788719692660304e-08,8.352177118534867747e-08,1.090525068986942396e-07,1.122625691159738609e-07,9.406872415110258945e-08,6.117483448356999477e-08,2.233684876135553945e-08,-1.310081721242525595e-08,-3.619737885759704741e-08,-3.999743860942942382e-08,-2.139481504877436858e-08,1.682715886773725132e-08,6.389529795737769891e-08,9.908524705147302705e-08,9.114456722985343228e-08,2.310574623104155431e-08,-5.281471978569781573e-08,-7.038407767782290075e-08,-6.140596193284404682e-08,-9.156972210665338869e-08,-1.929349269472185184e-07,-3.100472362871391723e-07,-3.689926833469563574e-07,-3.776167233038501339e-07,-3.755235813021115427e-07,-3.821634162756199476e-07,-4.013807064847626516e-07,-4.301347306633532239e-07,-4.625425377132868181e-07,-4.936472817317975162e-07,-5.208203918018784843e-07,-5.433632028347361312e-07,-5.615996452417169804e-07,-5.762370779882427776e-07,-5.877919994156455223e-07
-1.188427390164350666e-07,-1.016945793320878364e-07,-8.526152396979392487e-08,-7.030359069786790456e-08,-5.759506756653809803e-08,-4.784028084774206619e-08,-4.153201498746606876e-08,-3.889220906809148861e-08,-3.977864400022915622e-08,-4.350583983803615792e-08,-4.840663935519242575e-08,-5.116823471298175172e-08,-4.672355656207030432e-08,-2.977316868615774836e-08,1.776195976646284310e-09,4.335029576156111485e-08,8.352404859300420893e-08,1.090520147613009051e-07,1.122593968744231010e-07,9.406746837363759666e-08,6.117059215961050909e-08,2.233102266954239147e-08,-1.310643867368136871e-08,-3.619967580436502460e-08,-4.001272609608277312e-08,-2.140885844490564810e-08,1.681885887167911884e-08,6.388283691340630774e-08,9.907437730252413878e-08,9.113624690630360983e-08,2.309459258973422059e-08,-5.282057682495511038e-08,-7.039111906176273714e-08,-6.140793901693853485e-08,-9.157367823776514589e-08,-1.929409091636966819e-07,-3.100511770135500208e-07,-3.689932285448221604e-07,-3.776194630078524455e-07,-3.755245191967106418e-07,-3.821630253870057441e-07,-4.013839935567342063e-07,-4.301339591256441713e-07,-4.625412438504648274e-07,-4.936446844757097069e-07,-5.208209186421980624e-07,-5.433640213849008679e-07,-5.616037404877264024e-07,-5.762270170448737385e-07,-5.877931533651683447e-07
-1.188395053344312542e-07,-1.016962205558909449e-07,-8.526108338810388719e-08,-7.030323999108339138e-08,-5.759772830061653584e-08,-4.783928795509479472e-08,-4.153111405776771953e-08,-3.889022978053604641e-08,-3.977946375452327818e-08,-4.350851892048818168e-08,-4.840661772587836880e-08,-5.116930472131708229e-08,-4.672009886357076488e-08,-2.977482429160932687e-08,1.773618835424813083e-09,4.335011319628055003e-08,8.352067822674111857e-08,1.090508582863349509e-07,1.122547338769707635e-07,9.406316987686436659e-08,6.116481266474052340e-08,2.232340073888140743e-08,-1.311779612837302616e-08,-3.621204301487993110e-08,-4.001692861873897673e-08,-2.141953047204549088e-08,1.680568186511339752e-08,6.387253996731271191e-08,9.906359864561326746e-08,9.112353365675905522e-08,2.308307905983583445e-08,-5.283213020881349496e-08,-7.039835135686469064e-08,-6.141590751522976568e-08,-9.158234913990935645e-08,-1.929432951945247632e-07,-3.100495266535390451e-07,-3.689964980216102300e-07,-3.776226197470387890e-07,-3.755257288407132772e-07,-3.821644247352391926e-07,-4.013845560225292976e-07,-4.301390711042682510e-07,-4.625403192401148919e-07,-4.936528878158296501e-07,-5.208238010947693268e-07,-5.433655157238305335e-07,-5.616066289996841213e-07,-5.762359105611024872e-07,-5.877950894866161753e-07
-1.188355558042090988e-07,-1.016915987313444917e-07,-8.523042416469525227e-08,-7.030263776041697044e-08,-5.759479991918924155e-08,-4.784110458710904029e-08,-4.153022566420609772e-08,-3.889195019661394191e-08,-3.977597682522199833e-08,-4.350727944708068539e-08,-4.840670336650887250e-08,-5.116823072980423506e-08,-4.672275668208052939e-08,-2.977448635691900962e-08,1.774604472575400483e-09,4.334328624734494131e-08,8.351784157703775368e-08,1.090491032807503697e-07,1.122516304399883125e-07,9.405835802297662487e-08,6.115638146985991018e-08,2.232107418291414338e-08,-1.312117120476984814e-08,-3.622435495666521670e-08,-4.002884921593659292e-08,-2.143288937069660260e-08,1.679689626788617831e-08,6.385589319631273179e-08,9.904522375098626615e-08,9.110757993226564329e-08,2.307108584242417735e-08,-5.284363325426470464e-08,-7.040971461978421292e-08,-6.142578774168541335e-08,-9.158692932842227370e-08,-1.929526223916326176e-07,-3.100532281066306057e-07,-3.690014262284576701e-07,-3.776251585265963986e-07,-3.755303772897943957e-07,-3.821689342306750613e-07,-4.013862845111407512e-07,-4.301384832127448864e-07,-4.625470649070185102e-07,-4.936499400300805990e-07,-5.208209323856043049e-07,-5.433665091675280987e-07,-5.616072031863718416e-07,-5.762286193853386195e-07,-5.877942675683348264e-07
-1.188384620384121403e-07,-1.016959893454359436e-07,-8.526537834630933867e-08,-7.029938796428759968e-08,-5.759780795036834500e-08,-4.783803063904406422e-08,-4.153083843757492208e-08,-3.889016197348934264e-08,-3.978027078992103898e-08,-4.350836976284977383e-08,-4.841181608990909097e-08,-5.116822126556042591e-08,-4.672418772641138460e-08,-2.977799336015447323e-08,1.769198474292606494e-09,4.334553967978251172e-08,8.351590362698318140e-08,1.090422767980981465e-07,1.122455697444572537e-07,9.404876690868324321e-08,6.114831822848335381e-08,2.230354467473576784e-08,-1.313842971058635632e-08,-3.623920837750801091e-08,-4.004724537421791521e-08,-2.145147368321354582e-08,1.676967908894015438e-08,6.383230973090561163e-08,9.902553050856184246e-08,9.108431136849601925e-08,2.304799940809817972e-08,-5.286037093745354597e-08,-7.042326819147973941e-08,-6.143892066191492838e-08,-9.159705940169199329e-08,-1.929580085229855402e-07,-3.100680685053943868e-07,-3.690067106531196005e-07,-3.776283281477388484e-07,-3.755346580154034903e-07,-3.821698114289180982e-07,-4.013896474551113977e-07,-4.301385511455837848e-07,-4.625460540339150955e-07,-4.936546359092603370e-07,-5.208272680887445701e-07,-5.433650366459940914e-07,-5.616165555049873511e-07,-5.762518176250261563e-07,-5.877960962913099124e-07
-1.188399788298572205e-07,-1.016927149201010178e-07,-8.525848122135917593e-08,-7.030340379298808652e-08,-5.759587724137556326e-08,-4.783926198235046702e-08,-4.153135654644965822e-08,-3.889151384034556462e-08,-3.977792792301376846e-08,-4.350680446352156590e-08,-4.840978535449569845e-08,-5.117007926940542281e-08,-4.673198046315638281e-08,-2.977656245490667612e-08,1.764782661248841555e-09,4.334237021787980753e-08,8.350868926392704269e-08,1.090361281445758572e-07,1.122363100222833055e-07,9.404234736901477794e-08,6.113861124247277064e-08,2.229218339288294555e-08,-1.315041914381723924e-08,-3.625729029668584122e-08,-4.006706626121927513e-08,-2.147241141572392995e-08,1.674185068947360957e-08,6.380666369607312602e-08,9.899712967244703034e-08,9.105817885914348453e-08,2.302292559703271441e-08,-5.288239196347982628e-08,-7.043896643046929929e-08,-6.145467236452969944e-08,-9.161244178028431413e-08,-1.929780209715490560e-07,-3.100748444246848154e-07,-3.690140303825910720e-07,-3.776365944081427379e-07,-3.755386052614177752e-07,-3.821790546169681657e-07,-4.013920850379285100e-07,-4.301425595646011706e-07,-4.625511914172831071e-07,-4.936540776583847298e-07,-5.208200923822766535e-07,-5.433714675453474481e-07,-5.616096367116201863e-07,-5.762217665787812736e-07,-5.877983654942979423e-07
-1.188394630608213149e-07,-1.016895468131087353e-07,-8.526195464555848913e-08,-7.030131955297348975e-08,-5.759626432206152725e-08,-4.783576754528406484e-08,-4.153122273546761172e-08,-3.889031431126111652e-08,-3.977560011557143501e-08,-4.350698401140610127e-08,-4.840730767135618305e-08,-5.117201968580590946e-08,-4.672813170580517064e-08,-2.978185160712387194e-08,1.764898320058046508e-09,4.333172214799679068e-08,8.350605990993067153e-08,1.090282861570656309e-07,1.122300623971801742e-07,9.402948068979215497e-08,6.112773261632025426e-08,2.227763386440476732e-08,-1.317226299832800317e-08,-3.627864930777213529e-08,-4.009132154869996711e-08,-2.150857693847792418e-08,1.671841482641432319e-08,6.377513992628260873e-08,9.896389110169211572e-08,9.102623418286898611e-08,2.299866537044264854e-08,-5.290742615936274608e-08,-7.046069937723803920e-08,-6.147003452151385594e-08,-9.162488100766377544e-08,-1.929898998584424948e-07,-3.100881257379964810e-07,-3.690244366246821428e-07,-3.776444311171697682e-07,-3.755443097954095187e-07,-3.821811681894541124e-07,-4.013991121925151728e-07,-4.301466336589284090e-07,-4.625504496144326279e-07,-4.936545370685827459e-07,-5.208346485449146767e-07,-5.433778245244449826e-07,-5.616158225368445659e-07,-5.762509904648446732e-07,-5.877987580657231430e-07
-1.188379733616518902e-07,-1.016953434272736721e-07,-8.526192939763712227e-08,-7.030196936022885503e-08,-5.759523297719267710e-08,-4.783854159322489634e-08,-4.153169295895741791e-08,-3.889168660958539984e-08,-3.977686297688902245e-08,-4.350823945855454899e-08,-4.841343712429368927e-08,-5.117281218002709617e-08,-4.672769936310112730e-08,-2.978458710177984859e-08,1.760079693427333171e-09,4.332693709840058301e-08,8.349643290022514802e-08,1.090202932136377734e-07,1.122167816248306532e-07,9.401933224791756012e-08,6.110689000210519834e-08,2.225674370109800094e-08,-1.319457920404580148e-08,-3.630722424933822406e-08,-4.012060976141887059e-08,-2.153945745975198916e-08,1.667671401002357534e-08,6.373481649232714281e-08,9.892530694561660299e-08,9.099073539170685493e-08,2.296052477779044903e-08,-5.293658659259367962e-08,-7.048496009174677007e-08,-6.149274032196408220e-08,-9.164628000999374020e-08,-1.929930079719616897e-07,-3.100988750393537855e-07,-3.690315269321698101e-07,-3.776522316799952872e-07,-3.755541694228773145e-07,-3.821892521777255080e-07,-4.014059692344911532e-07,-4.301524580301232906e-07,-4.625622985114303992e-07,-4.936664286689421647e-07,-5.208385650548434574e-07,-5.433840040804739054e-07,-5.616250220396499053e-07,-5.762422273059531268e-07,-5.878059891767738993e-07
-1.188385901197924067e-07,-1.016442943502353929e-07,-8.521823607244087645e-08,-7.030105311763143156e-08,-5.759328450942548285e-08,-4.784043140595938511e-08,-4.153185900231830501e-08,-3.889049698184733859e-08,-3.977781735370672313e-08,-4.351235271496611039e-08,-4.841113663283444776e-08,-5.117494933550611109e-08,-4.673152024076146915e-08,-2.978727807623961240e-08,1.756561462984985746e-09,4.332465721951427831e-08,8.348318935235578439e-08,1.090107677254505239e-07,1.122074377333210411e-07,9.400271169873973457e-08,6.109362661460559533e-08,2.223482446684012809e-08,-1.322036749434010263e-08,-3.632886885231357386e-08,-4.015331691915069932e-08,-2.157645360446199398e-08,1.663890168201876876e-08,6.369240037051830434e-08,9.888379672442978706e-08,9.094816688767245796e-08,2.292470024416870065e-08,-5.296935567133559635e-08,-7.051199109704473365e-08,-6.151562792035973249e-08,-9.166537330315495500e-08,-1.930185677125470186e-07,-3.101098443107451329e-07,-3.690453673172161297e-07,-3.776628532298340070e-07,-3.755622907721167523e-07,-3.821952274553105618e-07,-4.014152112616804489e-07,-4.301588429490209716e-07,-4.625691121469791691e-07,-4.936652236617062498e-07,-5.208419780602696491e-07,-5.433864589150689230e-07,-5.616175930339145898e-07,-5.762508970593524057e-07,-5.878146405501739099e-07
-1.188367024342619981e-07,-1.016908959235413538e-07,-8.525985458192391368e-08,-7.030144079234864242e-08,-5.758141152313052597e-08,-4.783963251280717179e-08,-4.153201660716956440e-08,-3.889324863258397387e-08,-3.977897509929019174e-08,-4.351146411056813464e-08,-4.841269648516788631e-08,-5.117698642933268933e-08,-4.673237739922389518e-08,-2.978878209853003184e-08,1.750306737017158465e-09,4.331640633509189113e-08,8.347644381661828850e-08,1.089991106439377903e-07,1.121948186519498590e-07,9.398829556037840852e-08,6.107272977614973951e-08,2.221790361738084133e-08,-1.325208144063099551e-08,-3.636638087397739442e-08,-4.018653096380294748e-08,-2.161828345133111288e-08,1.659823743891959596e-08,6.365305731991066187e-08,9.884234802368262863e-08,9.090557026478871519e-08,2.288327546162609278e-08,-5.300300719277221213e-08,-7.054100950028725422e-08,-6.153657852321556839e-08,-9.168463888225084394e-08,-1.930375314543768788e-07,-3.101205780670247701e-07,-3.690565149271892148e-07,-3.776708843699583126e-07,-3.755698347492741227e-07,-3.822017833526198991e-07,-4.014172638239926733e-07,-4.301690359950284894e-07,-4.625760915994078530e-07,-4.936736112801393348e-07,-5.208500890561542218e-07,-5.433942001278597155e-07,-5.616279098595644480e-07,-5.762653162119591560e-07,-5.878145460455980539e-07
-1.188374682011118641e-07,-1.016943131508176783e-07,-8.526123656174466114e-08,-7.030222678177275356e-08,-5.759732894097371350e-08,-4.784002774540651880e-08,-4.153211591985891888e-08,-3.889244061429577204e-08,-3.978022518249394840e-08,-4.351274979127064744e-08,-4.841733979767552503e-08,-5.117990112027688244e-08,-4.673926156026032747e-08,-2.979462262671444830e-08,1.744547839284572970e-09,4.330875857205495374e-08,8.346770851597738868e-08,1.089902396425352307e-07,1.121811225363432570e-07,9.397521097527891050e-08,6.105222759983279978e-08,2.219242436897266773e-08,-1.327243518839035078e-08,-3.639440092482935332e-08,-4.022894281530410931e-08,-2.164907745522209696e-08,1.655318605207874456e-08,6.360930280553330354e-08,9.879615265032399993e-08,9.086285521817543901e-08,2.284254975343468489e-08,-5.303514093816050023e-08,-7.056997587694929524e-08,-6.156108336367155886e-08,-9.170753866417001654e-08,-1.930535232961917180e-07,-3.101410307367398084e-07,-3.690683245449917620e-07,-3.776823407570387630e-07,-3.755796433946979320e-07,-3.822115731723906016e-07,-4.014290632899139183e-07,-4.301773938465952140e-07,-4.625824445132614956e-07,-4.936845827709017408e-07,-5.208607546349577105e-07,-5.433937296923385507e-07,-5.616429836268529926e-07,-5.762532984259929738e-07,-5.878205091601869259e-07
-1.188379223742715299e-07,-1.016912864215611765e-07,-8.526206342920688364e-08,-7.030125861048032050e-08,-5.759776268883445085e-08,-4.783800673977695351e-08,-4.153243517363364182e-08,-3.889633414636266135e-08,-3.978139336089517584e-08,-4.351362575478319577e-08,-4.841889764956759923e-08,-5.118171001605205010e-08,-4.674609092097266616e-08,-2.979683159458049592e-08,1.737282446000146825e-09,4.330243232494688391e-08,8.346383529672524580e-08,1.089809130148930928e-07,1.121681040102456401e-07,9.396018947661215124e-08,6.103657668422575335e-08,2.217390826312275250e-08,-1.329789761697654185e-08,-3.642881386551165734e-08,-4.026154858428104564e-08,-2.169037336667746007e-08,1.651839505272115334e-08,6.356616167410475540e-08,9.875286536108296969e-08,9.082078568637476957e-08,2.281443982193390121e-08,-5.307058708734115708e-08,-7.059656447494173655e-08,-6.158637028088951756e-08,-9.172611277830583830e-08,-1.930673397153573112e-07,-3.101485689817989610e-07,-3.690791710872955106e-07,-3.776919958061104826e-07,-3.755880889011407133e-07,-3.822197222528236528e-07,-4.014339503966553091e-07,-4.301768885269764580e-07,-4.625894966794589532e-07,-4.936923598623338065e-07,-5.208643400798065845e-07,-5.434070601624170284e-07,-5.616405047517781834e-07,-5.762645528376943511e-07,-5.878234772088082779e-07
-1.188357372748393133e-07,-1.016922730334046825e-07,-8.525713154953268113e-08,-7.030049916670283160e-08,-5.759637434738698717e-08,-4.784196358731811766e-08,-4.153367448172155543e-08,-3.889572008319430199e-08,-3.978308255709876339e-08,-4.351943714969853271e-08,-4.841960053564847297e-08,-5.118408050966935535e-08,-4.674231152987306630e-08,-2.980279167481286025e-08,1.736353695316106373e-09,4.329879290249897678e-08,8.345592555680365476e-08,1.089701840932090224e-07,1.121568658659626146e-07,9.394378188441143623e-08,6.101891387410515328e-08,2.214755155908931801e-08,-1.333000337617349293e-08,-3.645137164381551812e-08,-4.029219890618377060e-08,-2.173326787729302976e-08,1.647917187315427845e-08,6.352470834114046243e-08,9.871329729789850700e-08,9.078615964875685199e-08,2.277964799680093171e-08,-5.309818499371068059e-08,-7.062391455700528279e-08,-6.160621301774743892e-08,-9.174347098070999354e-08,-1.930856513531500492e-07,-3.101605248800305063e-07,-3.690912161068159853e-07,-3.777029824110812010e-07,-3.755974262251614562e-07,-3.822280201677278955e-07,-4.014428915618369855e-07,-4.301912888392483205e-07,-4.625973430603059631e-07,-4.936955914163236033e-07,-5.208754774410115623e-07,-5.434062760609826243e-07,-5.616582238301325496e-07,-5.762805286571990785e-07,-5.878331663319687691e-07
-1.188382588868292067e-07,-1.016935030685444945e-07,-8.526064358561602778e-08,-7.030496939285992922e-08,-5.759626038081745528e-08,-4.784173417774938133e-08,-4.153398332781444724e-08,-3.889874560182470228e-08,-3.978360531803036915e-08,-4.352119672059979288e-08,-4.842383248147350868e-08,-5.118703244355951380e-08,-4.674519232397060172e-08,-2.980619848309283303e-08,1.731439842081597406e-09,4.329113859929328485e-08,8.344643613959625576e-08,1.089600104622461427e-07,1.121457267719536566e-07,9.393042353734405047e-08,6.099899744181266803e-08,2.213294648097295155e-08,-1.334596051707774578e-08,-3.648142186022680172e-08,-4.032475747189294465e-08,-2.176047649793803625e-08,1.641948821078225273e-08,6.347527063695018560e-08,9.867882899874254797e-08,9.075138134012698870e-08,2.275776126333920905e-08,-5.311646678797705606e-08,-7.064695350383608051e-08,-6.162936566847911935e-08,-9.176195156217864468e-08,-1.930972287382646310e-07,-3.101587826396284547e-07,-3.691005511529289167e-07,-3.777104599830240169e-07,-3.756040737418490904e-07,-3.822330058228262251e-07,-4.014453937603472798e-07,-4.301936732418299172e-07,-4.625953890518869908e-07,-4.937005530323566863e-07,-5.208727548487701217e-07,-5.434159834757756717e-07,-5.616564963439572194e-07,-5.762877455977780507e-07,-5.878408359827357911e-07
-1.188384693884217305e-07,-1.016938582106307814e-07,-8.525618859785488556e-08,-7.029999810528970941e-08,-5.759623210409865801e-08,-4.783916364280893428e-08,-4.153442690084708454e-08,-3.889624466705180464e-08,-3.978621969622175852e-08,-4.352295907848870219e-08,-4.842498474796991625e-08,-5.118851805508369856e-08,-4.674739053239114412e-08,-2.980775710963699655e-08,1.731477840570767026e-09,4.329039293962246787e-08,8.343882741317588682e-08,1.089539913880171817e-07,1.121353788538755169e-07,9.391581927044874993e-08,6.098305505858700433e-08,2.210949966060006571e-08,-1.337297908973361657e-08,-3.650418444451181271e-08,-4.035099262969403311e-08,-2.181628391501160207e-08,1.639120339177196793e-08,6.345559595029130189e-08,9.863751544959790232e-08,9.072807741850396253e-08,2.273843172317819153e-08,-5.314069215087653301e-08,-7.067143788278194136e-08,-6.164804673337751579e-08,-9.177544795298978735e-08,-1.931098791624270094e-07,-3.101678574901288246e-07,-3.691079554462379151e-07,-3.777186821335148986e-07,-3.756101047708725289e-07,-3.822373817742248960e-07,-4.014521959701054644e-07,-4.301990432096791384e-07,-4.625979069984430519e-07,-4.937027956770692298e-07,-5.208747395490155386e-07,-5.434211038113609578e-07,-5.616631717350216046e-07,-5.762843975105346413e-07,-5.878395138440724432e-07
-1.188319207346920288e-07,-1.016937062878077164e-07,-8.525826457385774074e-08,-7.030177010717280500e-08,-5.759738078322030227e-08,-4.784075487275902436e-08,-4.153701210721329505e-08,-3.889832356484791354e-08,-3.978835883385832944e-08,-4.352387012879090113e-08,-4.842790240310197752e-08,-5.119116954463836934e-08,-4.674946423952559770e-08,-2.980941163077385638e-08,1.727412200043063449e-09,4.328677424810186279e-08,8.343393063858673041e-08,1.089459657346747485e-07,1.121254331165809981e-07,9.390593135332086320e-08,6.097512541929100199e-08,2.209204446594309435e-08,-1.338751626629356150e-08,-3.652910207612757102e-08,-4.037355212718998185e-08,-2.181569907265621803e-08,1.636746637686005914e-08,6.341730851866713586e-08,9.861184395145872531e-08,9.069259510445852850e-08,2.269115850924680431e-08,-5.317086141126779370e-08,-7.068902778171473993e-08,-6.166371524785604202e-08,-9.178618677357484725e-08,-1.931167456735497697e-07,-3.101724924443455078e-07,-3.691152778505936942e-07,-3.777249677310498262e-07,-3.756161353277642495e-07,-3.822407924905540240e-07,-4.014529793607997635e-07,-4.301944970651040346e-07,-4.626003570022653345e-07,-4.936987278304755392e-07,-5.208818125792714842e-07,-5.434250921503360928e-07,-5.616601456092538696e-07,-5.763094851351762823e-07,-5.878466453802396733e-07
-1.188326926372679085e-07,-1.016891321814567785e-07,-8.526084512880633342e-08,-7.029978182210405345e-08,-5.759595772251748065e-08,-4.784221919816130612e-08,-4.153597992054781563e-08,-3.889743728027362465e-08,-3.979057027661894830e-08,-4.352488714867373226e-08,-4.842802773041214143e-08,-5.119198369909915648e-08,-4.674864040728726444e-08,-2.981167407008568106e-08,1.723348990692865608e-09,4.327807988006827198e-08,8.343062902614268455e-08,1.089407754829714238e-07,1.121200095323402958e-07,9.389855599336065468e-08,6.095863430484589303e-08,2.207820234364641418e-08,-1.340321661204889531e-08,-3.654278017773986609e-08,-4.039724879985040696e-08,-2.183553344640136278e-08,1.635393746695399589e-08,6.340643729479089384e-08,9.859441567029561775e-08,9.066779691947508552e-08,2.266778278695032766e-08,-5.319071447881118590e-08,-7.070154223167712944e-08,-6.167535394215806727e-08,-9.179799072334487111e-08,-1.931195665592852792e-07,-3.101798662858687815e-07,-3.691203629494437325e-07,-3.777294201164009570e-07,-3.756203451762953019e-07,-3.822463838883796761e-07,-4.014493804874450800e-07,-4.301925999439119377e-07,-4.625920089448640813e-07,-4.937065284760840763e-07,-5.208827382013980930e-07,-5.434158981601365824e-07,-5.616738060654942966e-07,-5.763013141392078474e-07,-5.878511144295642136e-07
-1.188351942598358474e-07,-1.016898181160662059e-07,-8.526061011764512043e-08,-7.030212633943496421e-08,-5.759544974245872423e-08,-4.784284248771117792e-08,-4.153585951968962038e-08,-3.890066662266873413e-08,-3.978975860076602228e-08,-4.352647656520307110e-08,-4.843091802608825647e-08,-5.119532323733489617e-08,-4.675217628027738936e-08,-2.981750348136814873e-08,1.719621754086825240e-09,4.327703350361438894e-08,8.342334984407993964e-08,1.089358704825362687e-07,1.121147111637435180e-07,9.389003764587392905e-08,6.095276385055687280e-08,2.207114482131801544e-08,-1.341483238020508903e-08,-3.655908315544496522e-08,-4.041333780549414466e-08,-2.185667417356490621e-08,1.634059914617067421e-08,6.338298662092280390e-08,9.857139589211231189e-08,9.064712177295052572e-08,2.264683809971814043e-08,-5.320503133918243787e-08,-7.071511974944755507e-08,-6.168677648319440143e-08,-9.180750736883265748e-08,-1.931261617508346809e-07,-3.101837249728475136e-07,-3.691280022600438552e-07,-3.777371914781242320e-07,-3.756262844121076306e-07,-3.822465875608471220e-07,-4.014481446003395533e-07,-4.301920511032349907e-07,-4.625948125489992171e-07,-4.937018187987185693e-07,-5.208853509078683037e-07,-5.434297432781378370e-07,-5.616705602732315398e-07,-5.763266571104164849e-07,-5.878513664278406745e-07
-1.188422808495102767e-07,-1.016939346603199091e-07,-8.526342422361779994e-08,-7.030316196314667805e-08,-5.760115378686888512e-08,-4.784330902564818037e-08,-4.153822467910719280e-08,-3.890093454661665614e-08,-3.979145063078213365e-08,-4.352608650041006807e-08,-4.843149790784998067e-08,-5.119627639405509205e-08,-4.675687696837275282e-08,-2.982203750499167534e-08,1.711341853488156306e-09,4.326911979026018354e-08,8.341825964401933244e-08,1.089287884191780577e-07,1.121088658297606235e-07,9.388596930573462768e-08,6.095004681677234575e-08,2.206772779764494274e-08,-1.342098686236840469e-08,-3.656131344788665986e-08,-4.042012155707436177e-08,-2.186690185319369059e-08,1.632842703152652278e-08,6.336821664508419048e-08,9.855593102544987291e-08,9.063030354075733354e-08,2.262984462739017842e-08,-5.322048667065006757e-08,-7.072507426600942334e-08,-6.169778876305614167e-08,-9.181708351868343523e-08,-1.931369963481299354e-07,-3.101932212019256514e-07,-3.691305508957815534e-07,-3.777396550303925601e-07,-3.756293993601794522e-07,-3.822509037357027665e-07,-4.014492762224034878e-07,-4.301869478397226350e-07,-4.625909194803199459e-07,-4.937091745255981976e-07,-5.208826851517889809e-07,-5.434271920700910445e-07,-5.616668828156092871e-07,-5.762962127153106574e-07,-5.878520951534436075e-07
-1.188508204974713360e-07,-1.017049358010532582e-07,-8.527123752837176327e-08,-7.031049442208581273e-08,-5.760587116410591190e-08,-4.784800082009596880e-08,-4.153958334756351512e-08,-3.890055685057934464e-08,-3.979292229796995097e-08,-4.352582741080611218e-08,-4.843139338880219966e-08,-5.119612039370006273e-08,-4.676051959181393282e-08,-2.982756971774332619e-08,1.704706229042997275e-09,4.325784055426296852e-08,8.340547007355075172e-08,1.089219339537556536e-07,1.121063924413862258e-07,9.388745416342737530e-08,6.095387384095640597e-08,2.207362304565245726e-08,-1.341473033918379351e-08,-3.656005662219502202e-08,-4.041891054177058847e-08,-2.186318791518290739e-08,1.632441815319219710e-08,6.336440509960775020e-08,9.854509614526955594e-08,9.061131268136587268e-08,2.260947248615817228e-08,-5.323718895474548425e-08,-7.073552080064665508e-08,-6.170395960957582810e-08,-9.182838599563480652e-08,-1.931551433101753927e-07,-3.102027096416163319e-07,-3.691373452390896998e-07,-3.777445375891343244e-07,-3.756338976182340858e-07,-3.822525836169624648e-07,-4.014507828119159830e-07,-4.301869150027019246e-07,-4.625842555284480600e-07,-4.937068979788757020e-07,-5.208895525968254138e-07,-5.434336128961219108e-07,-5.616706878644813265e-07,-5.762838790210100815e-07,-5.878537169683249350e-07
-1.188619792352618517e-07,-1.017178625108917474e-07,-8.527935164764796414e-08,-7.032013444942859459e-08,-5.761065472146628943e-08,-4.785145741008976352e-08,-4.154432418917500372e-08,-3.890360211605344756e-08,-3.979306548579035766e-08,-4.352567230040647180e-08,-4.843126087216017520e-08,-5.119782630653642965e-08,-4.676357144221478545e-08,-2.983240055935090610e-08,1.693849973701645823e-09,4.324624988637404651e-08,8.339868773452455927e-08,1.089164187608366659e-07,1.121054338062320247e-07,9.389225392514744650e-08,6.096089700058391936e-08,2.208146348390007900e-08,-1.340066238242613953e-08,-3.654707795901007193e-08,-4.040652686630012800e-08,-2.185714736394135657e-08,1.633170391451146127e-08,6.336292108084139454e-08,9.853414408013310893e-08,9.059361595758098090e-08,2.258390670265479049e-08,-5.325335108036227389e-08,-7.074284099125482738e-08,-6.171263906725702876e-08,-9.184260337124277473e-08,-1.931726371470398495e-07,-3.102202871752197402e-07,-3.691459306255901060e-07,-3.777471972484453522e-07,-3.756382615839457700e-07,-3.822575262887583048e-07,-4.014570388824390287e-07,-4.301871593966948912e-07,-4.625817693158694007e-07,-4.936956425642617983e-07,-5.208777732760783299e-07,-5.434246645710721105e-07,-5.616665144609588570e-07,-5.762946625108350930e-07,-5.878572874648111065e-07
