1.810137906833723083e-05,1.541639986165340771e-05,1.182161188300725022e-05,6.986541439177256061e-06,4.949754837126929150e-07,-8.191401824650244206e-06,-6.155646897005639712e-06,-3.334701166389978433e-06,-3.376184963313284864e-05,-9.084965436638860019e-05,-1.097216249632645724e-04,-1.260410854233235203e-04,-1.944881648144003937e-04,-2.219434300475581917e-04,-2.744525805600795103e-04,-2.984557015690836312e-04,-3.257091254543258911e-04,-3.553282187743040353e-04,-4.082639270555758781e-04,-5.036284192570780532e-04,-5.674458469531095057e-04,-6.731213981248597347e-04,-7.558503190890476873e-04,-8.239703229638221764e-04,-9.611337500070643493e-04,-1.039875142204352244e-03,-1.114469900856326912e-03,-1.223741691074338792e-03,-1.293400551631177691e-03,-1.270522580502553636e-03,-1.166685465795592406e-03,-8.916167403832089746e-04,-5.573458465384336421e-04,1.583983877370103831e-04,9.925788966420772460e-04,2.307598534076338390e-03,3.909463327348683924e-03,5.771183726146738267e-03,7.814408221241296235e-03,1.005082490561358226e-02,1.226654823198228966e-02,1.431351188068195196e-02,1.615778926282161396e-02,1.771941207051975706e-02,1.893577643512096148e-02,2.002947344089389334e-02,2.080171625677759706e-02,2.137664765715344140e-02,2.186956963147919375e-02,2.223758864575452188e-02
2.373495029455063756e-05,2.106267197895787287e-05,1.746564087504456436e-05,1.262892683363305860e-05,6.138327009045717112e-06,-2.545118390876213231e-06,-5.112544362612311813e-07,2.311967954578182214e-06,-2.813647906468432486e-05,-8.520468656102946992e-05,-1.040755036390704393e-04,-1.204205143292621659e-04,-1.888375921574729532e-04,-2.162995544227699386e-04,-2.688039579466765402e-04,-2.928118564881982615e-04,-3.200734521508914179e-04,-3.497060325885992748e-04,-4.026304471123095911e-04,-4.980054881434017172e-04,-5.618107238650163655e-04,-6.674987165604649199e-04,-7.502175564494140700e-04,-8.183590627431376737e-04,-9.555120602279834575e-04,-1.034282533458870043e-03,-1.108870109568823280e-03,-1.218166254312965128e-03,-1.287814980990921064e-03,-1.264967068357845731e-03,-1.161148236104279658e-03,-8.861098180845153284e-04,-5.518560830815701437e-04,1.638658657919777879e-04,9.979821528124201754e-04,2.312950697579333522e-03,3.914776627766848073e-03,5.776415423810668873e-03,7.819595298293652297e-03,1.005593695167517759e-02,1.227159353943073176e-02,1.431852780663443910e-02,1.616264931617022310e-02,1.772431998091997946e-02,1.894065424306547174e-02,2.003445152308877542e-02,2.080637334622530144e-02,2.138159499129751312e-02,2.187466889890850655e-02,2.224234039731842055e-02
3.025161980859878541e-05,2.755719830947863787e-05,2.396662976810324378e-05,1.913221088669964949e-05,1.264943659825053578e-05,3.953507314332212662e-06,5.971412329530105675e-06,8.811090192090936831e-06,-2.162183061952903775e-05,-7.869734607681399803e-05,-9.758310229477173774e-05,-1.139256687657057412e-04,-1.823534430393982525e-04,-2.098008162804028669e-04,-2.623148414501026661e-04,-2.863145918207645651e-04,-3.135846627620071658e-04,-3.432185759386134302e-04,-3.961419143365086607e-04,-4.915234019679429840e-04,-5.553384195588591732e-04,-6.610118430171640826e-04,-7.437559091009030877e-04,-8.118913940378174807e-04,-9.490568487850513466e-04,-1.027824548589462367e-03,-1.102423465948261906e-03,-1.211736611674449956e-03,-1.281406952058150540e-03,-1.258567899106838826e-03,-1.154762676509314212e-03,-8.797617930146303710e-04,-5.455489094218743699e-04,1.701487626910323575e-04,1.004235730492368875e-03,2.319148008900846682e-03,3.920888082863797398e-03,5.782457564377756730e-03,7.825583106540336120e-03,1.006181290778323037e-02,1.227742493097558167e-02,1.432424605928520230e-02,1.616831572733648525e-02,1.773001674977799438e-02,1.894626960735778382e-02,2.004007204308111412e-02,2.081200703115409709e-02,2.138662004936972560e-02,2.188005087576275556e-02,2.224776678575856800e-02
3.773379995196075794e-05,3.505502918596379485e-05,3.145524191399013140e-05,2.661153775193590652e-05,2.013075557948343594e-05,1.144234923977888757e-05,1.346066920372048529e-05,1.630497233586151708e-05,-1.413284603945907434e-05,-7.123867772926256020e-05,-9.010032662115474548e-05,-1.064288983222959361e-04,-1.748671397991501391e-04,-2.023189288360253968e-04,-2.548305663476806648e-04,-2.788495889683065385e-04,-3.061154368078332637e-04,-3.357588161571192298e-04,-3.886833651207079925e-04,-4.840627307110237539e-04,-5.478838023880786001e-04,-6.535701808758551112e-04,-7.363112747570705208e-04,-8.044580094927490091e-04,-9.416132755651101171e-04,-1.020394365915878098e-03,-1.095013371538973565e-03,-1.204325027474719562e-03,-1.274011798798466199e-03,-1.251178319842071590e-03,-1.147417897143654473e-03,-8.724395624537923354e-04,-5.382545427980039727e-04,1.773654391198991004e-04,1.011403886977010847e-03,2.326263854609782536e-03,3.927929511753568484e-03,5.789432721963310054e-03,7.832468393998696932e-03,1.006861382587063633e-02,1.228416409825625923e-02,1.433090325914597278e-02,1.617492036755837498e-02,1.773618690204563711e-02,1.895273370065035656e-02,2.004626253529583763e-02,2.081818510363440261e-02,2.139265828618873433e-02,2.188634296085868389e-02,2.225397050733831164e-02
4.634407490163920088e-05,4.366931821086315478e-05,4.007349516751538318e-05,3.523025045491675445e-05,2.874720500956018490e-05,2.005163299445489528e-05,2.208432553700043986e-05,2.491252662419762373e-05,-5.501683423043874498e-06,-6.263358969842575943e-05,-8.148884883110798529e-05,-9.782343490715603932e-05,-1.662654652314696083e-04,-1.937309253291609001e-04,-2.462326108146936751e-04,-2.702484814219297243e-04,-2.975135923967264632e-04,-3.271526726291524505e-04,-3.800796320476118573e-04,-4.754714019520628766e-04,-5.392909921723078488e-04,-6.449869699238187318e-04,-7.277354817977718963e-04,-7.958829549884818833e-04,-9.330580695083960652e-04,-1.011848122018523845e-03,-1.086471044079984766e-03,-1.195806728400247232e-03,-1.265519758171280203e-03,-1.242711961006432060e-03,-1.138972809991782879e-03,-8.640349115244529924e-04,-5.298910620961283686e-04,1.857039653393470404e-04,1.019649997608692345e-03,2.334440740060704251e-03,3.936025012639942158e-03,5.797439728645099703e-03,7.840384023220599644e-03,1.007641450224754792e-02,1.229187328975324400e-02,1.433861205546636472e-02,1.618252164936980972e-02,1.774362234151495576e-02,1.896017426485334390e-02,2.005411867792395234e-02,2.082568631287664770e-02,2.140038490361888604e-02,2.189373180386557094e-02,2.226105207476881953e-02
5.626153234292034425e-05,5.358654060524841101e-05,4.998713153253177488e-05,4.515475826482767175e-05,3.864819724879276581e-05,2.996406642273360203e-05,3.201288374695746811e-05,3.482020671371179656e-05,4.396266359107447181e-06,-5.270055935705167128e-05,-7.157061171711414499e-05,-8.791996835655047332e-05,-1.563670640585846381e-04,-1.838199434051289969e-04,-2.363310804284878420e-04,-2.603401503948927923e-04,-2.876038484915502316e-04,-3.172641047416033472e-04,-3.701956358484914016e-04,-4.655825265166018312e-04,-5.294186710338516727e-04,-6.351080826553229123e-04,-7.178714057289185867e-04,-7.860251981713034606e-04,-9.232116819862864077e-04,-1.002017291821487559e-03,-1.076662421081333362e-03,-1.186011920462143191e-03,-1.255730816197369063e-03,-1.232943126402942383e-03,-1.129243567198707533e-03,-8.543481350086811008e-04,-5.202262180084567082e-04,1.952761563434252177e-04,1.029181012731352537e-03,2.343848623343175192e-03,3.945357046588657442e-03,5.806642628946058309e-03,7.849459491189163599e-03,1.008540255294415600e-02,1.230077689309122188e-02,1.434731618147267775e-02,1.619124092090010528e-02,1.775261628068389511e-02,1.896873798393334740e-02,2.006270640014133286e-02,2.083434318600715582e-02,2.140870391716202803e-02,2.190201394612830907e-02,2.227214907849125666e-02
6.767414155742904384e-05,6.499864771996311766e-05,6.140207190934325924e-05,5.656225380764209708e-05,5.007404489513927109e-05,4.137595238314541998e-05,4.340958624233765115e-05,4.623610051422785710e-05,1.580116816464411576e-05,-4.131413900212917460e-05,-6.017216443527795419e-05,-7.651085655237904422e-05,-1.449574940798128444e-04,-1.724129878669056432e-04,-2.249376702408660675e-04,-2.489538470513653554e-04,-2.762317759534263419e-04,-3.058649872353204954e-04,-3.588141963481360978e-04,-4.542008795253065162e-04,-5.180421125674619957e-04,-6.237412371180128638e-04,-7.065160510531106556e-04,-7.746760771759077756e-04,-9.118820153818203104e-04,-9.906794403702751366e-04,-1.065343044817260425e-03,-1.174724318125620936e-03,-1.244459470218489206e-03,-1.221731691540742194e-03,-1.118044484952985000e-03,-8.431880676001753810e-04,-5.091431300998957958e-04,2.063103031613434360e-04,1.040111872458841964e-03,2.354719420252993339e-03,3.956088761158548482e-03,5.817258328261903401e-03,7.859938419083022099e-03,1.009573857078442313e-02,1.231099568780545141e-02,1.435751360904895420e-02,1.620123337421141077e-02,1.776255425738759025e-02,1.897859314114108686e-02,2.007214421070271232e-02,2.084409722008406796e-02,2.141833657033872379e-02,2.191181812216025371e-02,2.227962222095253991e-02
8.081098218659688601e-05,7.814113506511331873e-05,7.453758768127867625e-05,6.968450543281341954e-05,6.320951118850872937e-05,5.451086075045730406e-05,5.653721950354870354e-05,5.936570133523886509e-05,2.892663937936946388e-05,-2.817126905691139934e-05,-4.705286624275962072e-05,-6.339664499907414410e-05,-1.318308282515058625e-04,-1.593036867592808887e-04,-2.118226795901530246e-04,-2.358373435362321206e-04,-2.631161790903163949e-04,-2.927611544788650817e-04,-3.457168259153667864e-04,-4.411077133547573617e-04,-5.049623857560362394e-04,-6.106610415456826656e-04,-6.934463791863699263e-04,-7.616298787787217700e-04,-8.988384134893317523e-04,-9.776475471902675973e-04,-1.052333259353799419e-03,-1.161722753433554493e-03,-1.231498388519725214e-03,-1.208796181380320531e-03,-1.105159379020362277e-03,-8.303452907118854653e-04,-4.963779974361559079e-04,2.189817029608112609e-04,1.052703361338053548e-03,2.367192484654062710e-03,3.968442003962067630e-03,5.829460407919285873e-03,7.872000615102379278e-03,1.010762970271389394e-02,1.232277916555737582e-02,1.436911722513848667e-02,1.621276929324671698e-02,1.777358839121028627e-02,1.898993256745440047e-02,2.008373854836113803e-02,2.085550023184055968e-02,2.142942420141955018e-02,2.192309386669091115e-02,2.229064764731488596e-02
9.591943642895674974e-05,9.325465480113780288e-05,8.965197635741233094e-05,8.480036425493165211e-05,7.831358562389670059e-05,6.962248899859184111e-05,7.165229970719398319e-05,7.446659372179155391e-05,4.404189441079139553e-05,-1.306618176593021854e-05,-3.194546735018559646e-05,-4.829286460925602797e-05,-1.167377612265890372e-04,-1.442137254521095680e-04,-1.967223673703881296e-04,-2.207511436642167681e-04,-2.480409089715024948e-04,-2.776988600300332429e-04,-3.306444953455480004e-04,-4.260511256148395384e-04,-4.899029537778860563e-04,-5.956172475002601951e-04,-6.784104077145444766e-04,-7.465927780836037562e-04,-8.838196617845909837e-04,-9.626700552695219206e-04,-1.037368233575126572e-03,-1.146797813641095651e-03,-1.216597807910434984e-03,-1.193915327183429692e-03,-1.090353336825376903e-03,-8.155870899192918435e-04,-4.816896761251694041e-04,2.335886639258646848e-04,1.067192876334610357e-03,2.381545087009854719e-03,3.982637496244989354e-03,5.843517526951211294e-03,7.885875023830738254e-03,1.012135420880231305e-02,1.233628455679434098e-02,1.438248913271379485e-02,1.622594001881874290e-02,1.778672874325320022e-02,1.900297686834864774e-02,2.009637159671162285e-02,2.086805660960314862e-02,2.144247379307056417e-02,2.193630731087806152e-02,2.230325669078195988e-02
1.133049300566622305e-04,1.106172463482904691e-04,1.070162509913710991e-04,1.021877961260822298e-04,9.567875451732961141e-05,8.699263204498797176e-05,8.901675456406703453e-05,9.184265903597662185e-05,6.138796579578615969e-05,4.296861476036329148e-06,-1.457110625220793255e-05,-3.092471391802629658e-05,-9.938139623106422439e-05,-1.268516332080386378e-04,-1.793738784363304900e-04,-2.033994127778885794e-04,-2.306967470206957780e-04,-2.603452320220686470e-04,-3.133033028540783689e-04,-4.087251372436197087e-04,-4.725777982785415890e-04,-5.783187634864138220e-04,-6.611160006431563221e-04,-7.293213619661287339e-04,-8.665560770792369704e-04,-9.454193167878563323e-04,-1.020139609956688875e-03,-1.129598603443212170e-03,-1.199447327439216553e-03,-1.176820705451348675e-03,-1.073289155166721543e-03,-7.986114201447130348e-04,-4.647991906710094239e-04,2.503737178824298488e-04,1.083839608134401847e-03,2.398051163994580504e-03,3.998975385877626826e-03,5.859668365747658023e-03,7.901822384677620673e-03,1.013711354578895364e-02,1.235185160819274319e-02,1.439785869522395949e-02,1.624110544659167557e-02,1.780226304226081163e-02,1.901797788113292545e-02,2.011111558190928350e-02,2.088289366617624918e-02,2.145743362000631857e-02,2.195055589275335742e-02,2.231744665263727181e-02
1.332894005083003024e-04,1.306049421379950183e-04,1.270106551379224463e-04,1.221677313705831663e-04,1.156678774952076699e-04,1.069816938928096098e-04,1.090057636708283606e-04,1.118203946165425238e-04,8.136808365646158411e-05,2.426382533934037363e-05,5.389603545642791786e-06,-1.094942318399648139e-05,-7.941405796431059299e-05,-1.068891429230891345e-04,-1.594322558933294626e-04,-1.834417997496622002e-04,-2.107376927591605954e-04,-2.404091810578803262e-04,-2.933759055063453773e-04,-3.888102585770306227e-04,-4.526773724961258663e-04,-5.584197483371829054e-04,-6.412340624789644597e-04,-7.094549554779645308e-04,-8.467180624168440389e-04,-9.256043604916673433e-04,-1.000344090086927084e-03,-1.109839890055520440e-03,-1.179733210083069948e-03,-1.157160985060693131e-03,-1.053684634262704034e-03,-7.791028920330154289e-04,-4.454095603712353801e-04,2.696695026073666376e-04,1.103012556495397076e-03,2.417029264364595545e-03,4.017772058928690236e-03,5.878226876882405513e-03,7.920161877766514202e-03,1.015520073361381170e-02,1.236973294603868970e-02,1.441554180477576039e-02,1.625871520137683185e-02,1.781959765945047985e-02,1.903522226206570342e-02,2.012858252984302959e-02,2.089998410541991231e-02,2.147434249648837168e-02,2.196736283941544063e-02,2.233528688138030488e-02
1.562504705127310206e-04,1.535762332088129597e-04,1.499695936267588740e-04,1.451211145638022469e-04,1.386365535841958504e-04,1.299341434417904074e-04,1.319515919077010461e-04,1.347805430113922602e-04,1.043380742187065144e-04,4.722972968178435323e-05,2.833489788659384858e-05,1.198962847543498827e-05,-5.647495667515723322e-05,-8.395094303765537869e-05,-1.364855520367383348e-04,-1.605174173303744629e-04,-1.878109423558724862e-04,-2.174949195073177957e-04,-2.704684653488318965e-04,-3.659043433904743793e-04,-4.297901822844742343e-04,-5.355417681108390945e-04,-6.183807117279821854e-04,-6.866129840956261337e-04,-8.239011070125986909e-04,-9.028211474980104905e-04,-9.776116985604772335e-04,-1.087132064902710145e-03,-1.157058414255889662e-03,-1.134525821503509909e-03,-1.031159461150321730e-03,-7.566584150471460709e-04,-4.230662458717724230e-04,2.918572886175528928e-04,1.124995761613860681e-03,2.438859997324079477e-03,4.039365696127216257e-03,5.899556066585063228e-03,7.941229305426809881e-03,1.017603432397904545e-02,1.239025647101603574e-02,1.443589097131386424e-02,1.627898521225256204e-02,1.783960144649806429e-02,1.905503501823603910e-02,2.014829542616887459e-02,2.091982638723361224e-02,2.149410723898375480e-02,2.198729984053306510e-02,2.235680658002727958e-02
1.826265754875429511e-04,1.799624930405741973e-04,1.763430277760238063e-04,1.715041331261832845e-04,1.650060193123335643e-04,1.563105755140719449e-04,1.583222191183619298e-04,1.611364357440478695e-04,1.306894002673607280e-04,7.358001641773584715e-05,5.470372313174994304e-05,3.835313344247828267e-05,-3.011893050297921208e-05,-5.760642742052614758e-05,-1.101538387871948938e-04,-1.341945141537695234e-04,-1.614975254266334652e-04,-1.911752045651405143e-04,-2.441633050198137550e-04,-3.396099455746654362e-04,-4.035059859027914468e-04,-5.092757336331076110e-04,-5.921155957374370747e-04,-6.603905137534330904e-04,-7.977095134239024212e-04,-8.766488109809235287e-04,-9.514572987082621806e-04,-1.061031532976568085e-03,-1.131046148453500929e-03,-1.108582139822932196e-03,-1.005284027934486707e-03,-7.308822946623980783e-04,-3.974333658854676361e-04,3.173227087346962381e-04,1.150296191710494355e-03,2.463902987010895777e-03,4.064141280185252017e-03,5.924077791107589842e-03,7.965427749959315754e-03,1.019992126285232913e-02,1.241387928707131383e-02,1.445914320445068103e-02,1.630197775823772829e-02,1.786253782777973836e-02,1.907778266403037729e-02,2.017076498041657853e-02,2.094215937377477341e-02,2.151631056040167328e-02,2.200928554908032284e-02,2.237937769459599768e-02
2.129141837655746717e-04,2.102296285593880602e-04,2.066274591417710429e-04,2.017707769186435831e-04,1.952738932606180194e-04,1.865777165039392955e-04,1.885963964714179738e-04,1.914090182204761497e-04,1.609612083542286923e-04,1.038384944142302369e-04,8.496461866315779387e-05,6.860009040927917117e-05,1.228122896211738793e-07,-2.736811948834991877e-05,-7.992140261149988036e-05,-1.039656791956362680e-04,-1.312742265814056193e-04,-1.609757638703033242e-04,-2.139694182200099987e-04,-3.094381690077443103e-04,-3.733418959189095513e-04,-4.791425367904771949e-04,-5.620090786325373632e-04,-6.302877635077294705e-04,-7.676458294179818462e-04,-8.466214970738219743e-04,-9.215100082365188395e-04,-1.031110910080160550e-03,-1.101168430669354588e-03,-1.078792368731003055e-03,-9.756060718907441816e-04,-7.013302263420871175e-04,-3.680292005820146170e-04,3.465653560751469201e-04,1.179301042411620443e-03,2.492648799718207540e-03,4.092591169873539304e-03,5.952202976998890831e-03,7.993209091546890979e-03,1.022733532133282552e-02,1.244096504635714730e-02,1.448600784997393018e-02,1.632845611880062719e-02,1.788876056902581960e-02,1.910387547035302322e-02,2.019679415062735489e-02,2.096756616550944988e-02,2.154251573313403778e-02,2.203473779561214083e-02,2.240217054907839636e-02
2.476121905160019818e-04,2.449292572981761587e-04,2.413251464098877647e-04,2.364695838665530623e-04,2.299709354931802306e-04,2.212680462445684466e-04,2.232871004384327090e-04,2.260958110945409467e-04,1.956629984040320134e-04,1.385336518227168513e-04,1.196374255438105639e-04,1.032663755273453279e-04,3.478955987563797929e-05,7.288737031262869430e-06,-4.525599187896612029e-05,-6.931476485656157054e-05,-9.663901576979712403e-05,-1.263509539868589999e-04,-1.793537939127430440e-04,-2.748401503793944205e-04,-3.387696775278199214e-04,-4.445882632330086254e-04,-5.274723656822459528e-04,-5.957965935001631854e-04,-7.331788561427112156e-04,-8.121992772545046134e-04,-8.871272288050072001e-04,-9.968010694079677218e-04,-1.066935438633482809e-03,-1.044646389812411936e-03,-9.415640423333603275e-04,-6.674249883399970950e-04,-3.343114403754796310e-04,3.800611209605993983e-04,1.212553874764404037e-03,2.525595309684585104e-03,4.125195777384614917e-03,5.984401590128724836e-03,8.025038921107242526e-03,1.025874354520747191e-02,1.247192210230481900e-02,1.451671048932661606e-02,1.635880142794496339e-02,1.791876020600826833e-02,1.913376794922070148e-02,2.022672894830167614e-02,2.099771538867778453e-02,2.157172079398022094e-02,2.206491272948691781e-02,2.243162068240879894e-02
2.873507522816313216e-04,2.846643230555693941e-04,2.810401678105728710e-04,2.761992361827689561e-04,2.696962193046054958e-04,2.609944937783184875e-04,2.630139429892597953e-04,2.658119811823864988e-04,2.353675812472594416e-04,1.782048293765211319e-04,1.593269612756782511e-04,1.429722831588638957e-04,7.447958243360391266e-05,4.697185348246197899e-05,-5.596327910643360402e-06,-2.965167902396183221e-05,-5.699492601660827292e-05,-8.671999021111195317e-05,-1.397359086919127747e-04,-2.352394752612844986e-04,-2.991864083073000847e-04,-4.050308843876859310e-04,-4.879519197400283099e-04,-5.563029891338501856e-04,-6.937195000038035280e-04,-7.727904625881284800e-04,-8.477451475496862367e-04,-9.575147759634580064e-04,-1.027725129883481957e-03,-1.005573694730438599e-03,-9.026028236694822989e-04,-6.286385060896988427e-04,-2.957086220703145259e-04,4.184134711447900319e-04,1.250600047751386978e-03,2.563317073323723248e-03,4.162502701317546787e-03,6.021276105005273459e-03,8.061425710512307510e-03,1.029470130021781921e-02,1.250751081410805300e-02,1.455174107555936257e-02,1.639347836716504789e-02,1.795322680991167166e-02,1.916795623013786004e-02,2.026027436470151030e-02,2.103104353692440698e-02,2.160504146810793974e-02,2.209790494270436403e-02,2.246515907207822030e-02
3.327266111482821403e-04,3.300438495211178102e-04,3.264363521762191664e-04,3.215867501523917088e-04,3.150710676899869632e-04,3.063723701713124531e-04,3.083809710252754036e-04,3.111889679963314231e-04,2.807326118418327406e-04,2.235853630503946193e-04,2.046898616116634773e-04,1.883222312369269491e-04,1.198170527533369719e-04,9.230777496948716512e-05,3.972686613367371961e-05,1.565852207079922122e-05,-1.170220445767967779e-05,-4.142679907341483762e-05,-9.447301159266736589e-05,-1.899957880510890244e-04,-2.539587991788744823e-04,-3.598399504530161311e-04,-4.427802764472297311e-04,-5.111854816660252538e-04,-6.486436901776728966e-04,-7.277757610525158790e-04,-8.028162811839694791e-04,-9.126547729784231788e-04,-9.829626206254262529e-04,-9.608960290274921445e-04,-8.581106373060254800e-04,-5.843065983463003894e-04,-2.516158541904740592e-04,4.622161624520691519e-04,1.294070903019493846e-03,2.606357994075894201e-03,4.205108671620124035e-03,6.063362902403256378e-03,8.102989863423502512e-03,1.033573605281709260e-02,1.254800907757004300e-02,1.459172174257359136e-02,1.643320024736376686e-02,1.799254792552862359e-02,1.920697022488771291e-02,2.029935684383770561e-02,2.107012205600911764e-02,2.164378171208182836e-02,2.213686486876716153e-02,2.250453048542975371e-02
3.844534828120509595e-04,3.817644367658410364e-04,3.781491423261871187e-04,3.733069187435560121e-04,3.667930312227862073e-04,3.580818938618806745e-04,3.600965474796862767e-04,3.628982387929118297e-04,3.324334448868684270e-04,2.752861914257167153e-04,2.563748143598876521e-04,2.399972871184691769e-04,1.714902553706731210e-04,1.439641736234336159e-04,9.137423278035243090e-05,6.728168028266361068e-05,3.991584124146844639e-05,1.017938443718589714e-05,-4.289283555419105799e-05,-1.384336278651057261e-04,-2.024298671407327905e-04,-3.083441078094531517e-04,-3.913273384006080071e-04,-4.597687559046294650e-04,-5.972924812418566130e-04,-6.764752686533006187e-04,-7.515854233780905422e-04,-8.615124311268391316e-04,-9.319516775315279337e-04,-9.100298779944438832e-04,-8.074003981678338831e-04,-5.338089640868453863e-04,-2.013901391250970982e-04,5.121336152877809141e-04,1.343568901345995083e-03,2.655416393334043574e-03,4.253638748463908596e-03,6.111315735490784572e-03,8.150310485719387474e-03,1.038244000260702717e-02,1.259416712188661178e-02,1.463734832663608418e-02,1.647835786801635574e-02,1.803686148917873697e-02,1.925135735649513916e-02,2.034349969649256601e-02,2.111395791658737808e-02,2.168774603449493896e-02,2.218023920947125027e-02,2.254745685976179345e-02
4.431881619391828337e-04,4.405125442108097172e-04,4.368787412269807546e-04,4.320197390966916298e-04,4.255226870354085543e-04,4.168072380489014415e-04,4.188141107788251240e-04,4.216145004780895325e-04,3.911327424813358894e-04,3.339647078685234710e-04,3.150675664166211636e-04,2.986941569821783518e-04,2.301523673031629974e-04,2.026238767220386102e-04,1.500246187489499025e-04,1.259228346799561927e-04,9.854190309584367612e-05,6.876307803371599619e-05,1.568420851336616088e-05,-7.989238926671055389e-05,-1.439215719838147839e-04,-2.498586545224497943e-04,-3.328998322050714010e-04,-4.013866153421207861e-04,-5.389558595921026089e-04,-6.182169950769190753e-04,-6.934265823476805195e-04,-8.034547284696304248e-04,-8.740148697054569548e-04,-8.522853795347806001e-04,-7.498339857923877038e-04,-4.764941008441530104e-04,-1.443712003263795799e-04,5.687824551137247997e-04,1.399772235087036942e-03,2.711085239840736044e-03,4.308690644859271453e-03,6.165709902468547929e-03,8.204001232518473921e-03,1.043541701047423845e-02,1.264643662748743576e-02,1.468904775214940894e-02,1.652945390173461357e-02,1.808783218483348693e-02,1.930165296170362546e-02,2.039346728103823628e-02,2.116392391858153144e-02,2.173741963716120662e-02,2.223007617664902319e-02,2.259602181613458091e-02
5.095777777787494902e-04,5.068747476925404083e-04,5.032678438701034115e-04,4.984075228833529086e-04,4.919005021949229926e-04,4.831723241952534079e-04,4.851947836070771652e-04,4.879697749202732845e-04,4.574897325292917247e-04,4.003382512900537896e-04,3.813968009319037991e-04,3.650036319232308397e-04,2.964771765774185542e-04,2.689273254081527573e-04,2.163066444000435377e-04,1.921931266488362017e-04,1.647945465171152355e-04,1.349841574635683283e-04,8.187920055714857268e-05,-1.373198988791995596e-05,-7.779709112197888670e-05,-1.837848151310489365e-04,-2.668718907726544908e-04,-3.354020029861576519e-04,-4.730581855884333979e-04,-5.524001392903549494e-04,-6.276929681871276992e-04,-7.378609557073922531e-04,-8.085621343639825881e-04,-7.870007119961063263e-04,-6.847767753760755248e-04,-4.117432016949505681e-04,-7.998338902503174860e-05,6.327608689675636019e-04,1.463230181083496114e-03,2.773930987090317875e-03,4.370835459808846378e-03,6.227091255551892718e-03,8.264565696950495338e-03,1.049517225749237344e-02,1.270539240968505089e-02,1.474733424000993116e-02,1.658704863559342865e-02,1.814504276433312469e-02,1.935833003237506789e-02,2.044995910856654484e-02,2.122005235138955254e-02,2.179325137341370927e-02,2.228615098670566272e-02,2.265490129815804499e-02
5.841168648760247228e-04,5.814322078008326384e-04,5.778019512567637546e-04,5.729461853411367111e-04,5.664283249560129498e-04,5.577073134297369766e-04,5.597100917477855226e-04,5.624948374029199814e-04,5.320075166196815272e-04,4.748229846015305849e-04,4.559021649177190751e-04,4.394791263505904160e-04,3.709441017980805492e-04,3.433851136044472263e-04,2.907391651687719252e-04,2.665945340361527451e-04,2.391757008749186757e-04,2.093609040850431455e-04,1.562175680106854688e-04,6.057047437048789575e-05,-3.537175574784024607e-06,-1.095712869721137816e-04,-1.927220964782852563e-04,-2.613277292369915934e-04,-3.990581648176525680e-04,-4.784928480849244027e-04,-5.539114173232431585e-04,-6.642060805222483504e-04,-7.350934933768665195e-04,-7.137411455526556986e-04,-6.117791371133649448e-04,-3.390365390501976785e-04,-7.696200906362618834e-06,7.045599323728489590e-04,1.534424771818760106e-03,2.844413226389752927e-03,4.440554378256490568e-03,6.295880187214604289e-03,8.332426852936978406e-03,1.056209593799841383e-02,1.277139629832335643e-02,1.481241887181306525e-02,1.665147812299166974e-02,1.820874451373040437e-02,1.942171744767119332e-02,2.051293112993416573e-02,2.128253635785734912e-02,2.185593702432860053e-02,2.234767921275152697e-02,2.271708958686294300e-02
6.670959577816596830e-04,6.644180869465688213e-04,6.607859677653457218e-04,6.559124479644995107e-04,6.493893138493556831e-04,6.406582471911024439e-04,6.426535558302873697e-04,6.454312056612842479e-04,6.149146188475726211e-04,5.577477670359615863e-04,5.388104910853046096e-04,5.223844816425883119e-04,4.538276213133294159e-04,4.262425812116420903e-04,3.735898512457061027e-04,3.494178027740792863e-04,3.219746119337033529e-04,2.921364337950622860e-04,2.389566845357173834e-04,1.432681624548064138e-04,7.910528750010287604e-05,-2.698251114923100463e-05,-1.101920085111458673e-04,-1.788787617339800281e-04,-3.167076792824233896e-04,-3.962418630861202357e-04,-4.717810172382264728e-04,-5.822607774424341321e-04,-6.533215033668821406e-04,-6.322211769102396893e-04,-5.305657829248785606e-04,-2.582079045636669068e-04,7.268207366770696441e-05,7.843624108578170972e-04,1.613552337475376072e-03,2.922761871248835946e-03,4.517946160387513281e-03,6.372281873156555344e-03,8.407758491042338286e-03,1.063631234747473668e-02,1.284458492809714344e-02,1.488470787324678961e-02,1.672293966264194742e-02,1.827965286453573507e-02,1.949187095660509864e-02,2.058267404419676996e-02,2.135237335091332705e-02,2.192449364722339963e-02,2.241695513314114971e-02,2.278367616934882586e-02
7.583281083123780087e-04,7.556325265749751436e-04,7.520045150270137854e-04,7.471332597366233536e-04,7.405948156339734649e-04,7.318627425171194117e-04,7.338599238840308112e-04,7.366274560939342197e-04,7.061183486378590788e-04,6.488996736732224402e-04,6.299616838520027571e-04,6.135193257399543026e-04,5.449438095728089543e-04,5.173348617107093430e-04,4.646605898221456464e-04,4.404812208634986052e-04,4.129931154200783966e-04,3.831055847726414550e-04,3.298974821901506579e-04,2.341655585307708058e-04,1.699464534217854446e-04,6.379933496176198502e-05,-1.947993346492150736e-05,-8.826078861473883120e-05,-2.261865891308756404e-04,-3.058534576833293059e-04,-3.815451213074368131e-04,-4.921837997585124403e-04,-5.634900229291034271e-04,-5.426339576013154567e-04,-4.413361971575557072e-04,-1.694005964916695320e-04,1.609709651897019242e-04,8.719809659634966464e-04,1.700378974770271013e-03,3.008665599966858523e-03,4.602794293728054362e-03,6.455964078016407370e-03,8.490187492757175075e-03,1.071751625963539983e-02,1.292462428123228660e-02,1.496372708079463099e-02,1.680091057180389119e-02,1.835669074427355787e-02,1.956837453041307406e-02,2.065883813384096490e-02,2.142759755147469539e-02,2.199990157182542261e-02,2.249251690270297893e-02,2.286041942798638926e-02
8.568942342888265923e-04,8.541857333722843769e-04,8.505527185611825311e-04,8.456652823256950507e-04,8.391362625251111169e-04,8.303878079112493246e-04,8.323830195088987444e-04,8.351361660933300565e-04,8.046183901907469002e-04,7.474016926588347709e-04,7.284317057369975746e-04,7.119724065329551465e-04,6.433670308131902646e-04,6.157561243111448921e-04,5.630471582434440694e-04,5.388336304596844139e-04,5.113272821978938560e-04,4.814105240046958494e-04,4.281369016391276395e-04,3.323562536772590634e-04,2.680817707390341560e-04,1.618330947381835868e-04,7.846441118886640284e-05,9.624227109820314229e-06,-1.284426907150936154e-04,-2.082530282490736124e-04,-2.841095694856083016e-04,-3.949660321310490278e-04,-4.665422731822053385e-04,-4.459794518498313618e-04,-3.450719692649201870e-04,-7.361489126918431363e-05,2.561157723721130004e-04,9.664331209470203516e-04,1.793911285417542495e-03,3.101122049052406227e-03,4.694043125498757393e-03,6.545853194802486556e-03,8.578654001769592946e-03,1.080456830983459945e-02,1.301029746719695526e-02,1.504806390092535209e-02,1.688422768221813086e-02,1.843884265088993613e-02,1.965004134434379310e-02,2.073953690957937648e-02,2.150860154632592766e-02,2.208043281453470758e-02,2.257180246131249707e-02,2.293816109215802285e-02
9.606677192136640030e-04,9.579609476696140024e-04,9.543268764347569329e-04,9.494357907222650012e-04,9.428951485420736245e-04,9.341485272426856964e-04,9.361026906929257761e-04,9.388747438764117725e-04,9.083164156090341081e-04,8.510885886762823696e-04,8.321294225266880366e-04,8.156411428393090446e-04,7.470160741079452356e-04,7.193745448751306384e-04,6.666214829537592864e-04,6.423797607534565378e-04,6.148482606315464885e-04,5.848781432778099110e-04,5.315604977065945111e-04,4.357084614969757626e-04,3.713681547951054032e-04,2.650588900017119588e-04,1.815874269648761689e-04,1.126082874380069119e-04,-2.558134983630645665e-05,-1.055375330558126822e-04,-1.815787788386136127e-04,-2.926680827581006625e-04,-3.645482459763104669e-04,-3.443603156892321234e-04,-2.438935617475209675e-04,2.701562098905724584e-05,3.560563235652072279e-04,1.065504257911096880e-03,1.891953633156243835e-03,3.197971742566029039e-03,4.789487039827879968e-03,6.639785785725995162e-03,8.670916179847521291e-03,1.089521627934898068e-02,1.309936872119246004e-02,1.513568029091483073e-02,1.697049714233084955e-02,1.852414117226233031e-02,1.973447404336497318e-02,2.082345987637793452e-02,2.159153933925526958e-02,2.216305648887893776e-02,2.265473325617180581e-02,2.302069800521000520e-02
1.065746038233232129e-03,1.063029127869166484e-03,1.059383644080797923e-03,1.054495972416783726e-03,1.047942482973999393e-03,1.039175976330949068e-03,1.041166279316588575e-03,1.043891382350527457e-03,1.013350542723369385e-03,9.560509794401916665e-04,9.370969078930235655e-04,9.205945667665538842e-04,8.519453842483062445e-04,8.242566797888607180e-04,7.714788880434032738e-04,7.472129814985298312e-04,7.196290682237014864e-04,6.896180967306639754e-04,6.362446454933154850e-04,5.403125844526613297e-04,4.758868199785800616e-04,3.694871566589080086e-04,2.859102053221150553e-04,2.168234312528921149e-04,7.847739806806618157e-05,-1.660870421532581509e-06,-7.792094697001202149e-05,-1.893001877115321296e-04,-2.614796973627955563e-04,-2.417227466375781943e-04,-1.417519906417454934e-04,1.285250534058497230e-04,4.567915595548845348e-04,1.165282441926136217e-03,1.990546561673195523e-03,3.295150364200197506e-03,4.885079968510537031e-03,6.733592000878238504e-03,8.762878303846829628e-03,1.098527250063062281e-02,1.318762964349730164e-02,1.522224500607427533e-02,1.705572127687366227e-02,1.860806700852230683e-02,1.981743525219679600e-02,2.090597263594961078e-02,2.167309394908521758e-02,2.224445143860195526e-02,2.273549156492724044e-02,2.310095130421256637e-02
1.165506856944351164e-03,1.162790389143417494e-03,1.159135343198297845e-03,1.154231470379398546e-03,1.147678115626050901e-03,1.138914282717081936e-03,1.140899812141288371e-03,1.143608133464772171e-03,1.113016710888766565e-03,1.055754421602770818e-03,1.036740259237066029e-03,1.020211259513854885e-03,9.515327355177696789e-04,9.238277908470656809e-04,8.710140848307073788e-04,8.466875448328272302e-04,8.190645654176972445e-04,7.890000347351485560e-04,7.355725782424586733e-04,6.395653006129843002e-04,5.750620746943714470e-04,4.685516205432302926e-04,3.848490695099500837e-04,3.156221115030514697e-04,1.770979878520565322e-04,9.676035460143109256e-05,2.024896028189325536e-05,-9.141395698203556787e-05,-1.639508257764917291e-04,-1.446479975165912998e-04,-4.527193559176224009e-05,2.242986113322042324e-04,5.516597449431638210e-04,1.259040156904557605e-03,2.082955407995847660e-03,3.385996840582840370e-03,4.974116955046355149e-03,6.820589402639232017e-03,8.847772272369377328e-03,1.106796716174998120e-02,1.326825784280453654e-02,1.530094094562703920e-02,1.713273954990591347e-02,1.868412639577870030e-02,1.989197642104537436e-02,2.097923465946119684e-02,2.174632524849783727e-02,2.231684397588136817e-02,2.280705362036562767e-02,2.317202159870144704e-02
1.249499946462413269e-03,1.246766051809647781e-03,1.243110483497493523e-03,1.238202349844500037e-03,1.231641430320137929e-03,1.222852034242795632e-03,1.224808439954947880e-03,1.227527687299641204e-03,1.196915962958567704e-03,1.139622547020313452e-03,1.120598363047928953e-03,1.104052239675660510e-03,1.035314282063932393e-03,1.007586700564003278e-03,9.547303215324403096e-04,9.303671714152518708e-04,9.026949467326544040e-04,8.725672674904731132e-04,8.190623409424220396e-04,7.229701885974913278e-04,6.583868256596950817e-04,5.517524795554911007e-04,4.679277670496088145e-04,3.985368652445012171e-04,2.598247503915606543e-04,1.792721791150667056e-04,1.024998631557433006e-04,-9.505769153650339955e-06,-8.247746732894405998e-05,-6.366908062472404969e-05,3.507607462133447600e-05,3.038398605853330058e-04,6.301714545390765245e-04,1.336320748283591122e-03,2.158706889729604048e-03,3.459946080200835324e-03,5.045987965446779855e-03,6.890153411573702626e-03,8.914896025298574278e-03,1.113262698356696362e-02,1.333051681042547384e-02,1.536112446624461440e-02,1.719093806450176093e-02,1.874074195746975105e-02,1.994728617948898428e-02,2.103372613171531139e-02,2.179975249677405108e-02,2.236961389369454545e-02,2.285984554921110384e-02,2.322529369966868165e-02
1.301930712505615893e-03,1.299197526804320635e-03,1.295533510336830708e-03,1.290617985118072382e-03,1.284040623058781833e-03,1.275242335710583029e-03,1.277198647056609904e-03,1.279891100407002172e-03,1.249245697164977397e-03,1.191924890293780993e-03,1.172897551048362541e-03,1.156298568407957686e-03,1.087553801983654833e-03,1.059772349225159265e-03,1.006871849152275516e-03,9.824680830766696887e-04,9.547459801386040754e-04,9.245471204831279873e-04,8.709689155589745140e-04,7.747765333062886940e-04,7.100896094568560869e-04,6.033281887956571483e-04,5.193667221617263071e-04,4.498173173785271388e-04,3.109015975278520507e-04,2.301026600576293085e-04,1.530303163525003924e-04,4.066373908950982215e-05,-3.277952318676541474e-05,-1.453759839998237882e-05,8.349583262893181122e-05,3.513769131863105641e-04,6.765489775158223165e-04,1.381316906488592794e-03,2.201968924244361928e-03,3.501170399545162643e-03,5.084846054429242868e-03,6.926414877356777168e-03,8.948354949298683442e-03,1.116328747038083241e-02,1.335847710643002853e-02,1.538660060682695008e-02,1.721425164468180780e-02,1.876224843882141544e-02,1.996726596972277223e-02,2.105240256776194988e-02,2.181767464473819557e-02,2.238712365333618906e-02,2.287641489439506265e-02,2.324051068955669888e-02
1.300119658009174896e-03,1.297386691139030754e-03,1.293711316561176267e-03,1.288789747792743563e-03,1.282198438452062652e-03,1.273388962358575722e-03,1.275340242982321570e-03,1.278013868685874471e-03,1.247379946873650300e-03,1.189988899464664539e-03,1.170932526528933697e-03,1.154319084381608259e-03,1.085528787767553764e-03,1.057707368001680956e-03,1.004764441007734675e-03,9.803059302612997412e-04,9.525328451169586940e-04,9.222667935217602727e-04,8.686145908893687676e-04,7.723241684571191448e-04,7.075232019611917434e-04,6.006292693175945777e-04,5.165125589391289258e-04,4.467864890979125216e-04,3.076405361585326397e-04,2.265917065847460076e-04,1.492066022613094890e-04,3.643055449097067826e-05,-3.750469358298067954e-05,-1.987913281685885371e-05,7.737396726398274222e-05,3.442563057206878387e-04,6.681598837314207083e-04,1.371368182584315702e-03,2.190064496459806671e-03,3.486975709459663557e-03,5.067997834359610348e-03,6.906584778174578929e-03,8.925353921081386963e-03,1.113713232242801061e-02,1.332928437829508650e-02,1.535460632512489904e-02,1.717982288773776262e-02,1.872566069611854289e-02,1.992894697737160672e-02,2.101295370066549525e-02,2.177701542532119519e-02,2.234574261677385251e-02,2.283453938494820964e-02,2.319907240536846216e-02
1.212995751204774949e-03,1.210245019014591318e-03,1.206557384345617210e-03,1.201624798604208249e-03,1.195029632975577348e-03,1.186207620377905834e-03,1.188123796014052547e-03,1.190796357847298493e-03,1.160124414527110995e-03,1.102720574633478346e-03,1.083654478517793616e-03,1.067003622990960647e-03,9.981682467643296884e-04,9.703099560822507326e-04,9.173129942986877521e-04,8.928042224323179789e-04,8.649729115984598976e-04,8.346387990284553395e-04,7.809059901175837651e-04,6.845145752410039183e-04,6.196061827848375891e-04,5.125744342802535927e-04,4.282879338715076998e-04,3.583901713485545832e-04,2.190143010320504027e-04,1.376882533452733763e-04,5.998836307791915231e-05,-5.323087323755196047e-05,-1.276782288548179017e-04,-1.107199463267661437e-04,-1.435147844455415086e-05,2.514669010049340675e-04,5.739653152070441251e-04,1.275445959405015770e-03,2.091981074113645478e-03,3.386329347670419352e-03,4.964367058956650237e-03,6.799596772958144304e-03,8.814842532169027411e-03,1.102300210968300623e-02,1.321167035345478802e-02,1.523368294456387863e-02,1.705621034997829161e-02,1.859927888754054487e-02,1.980105764314819827e-02,2.088356045369033770e-02,2.164633410146050638e-02,2.221421757457937504e-02,2.270224220636193890e-02,2.306619651970130691e-02
1.000289233354565398e-03,9.975445674255873675e-04,9.938539444306730437e-04,9.889080843742111080e-04,9.822972419509916082e-04,9.734666501324389662e-04,9.753876549831611096e-04,9.780362448103818718e-04,9.473314207483600220e-04,8.899164392875720661e-04,8.708079109738451045e-04,8.541201558318165139e-04,7.852384543813054280e-04,7.573546232947031900e-04,7.043052267010904222e-04,6.797570308733913175e-04,6.518606544161772640e-04,6.214724362937654135e-04,5.676569920852476536e-04,4.711634004981788120e-04,4.061505082616611987e-04,2.989826553423772528e-04,2.145402065301941130e-04,1.444597400477760647e-04,4.840348666721333457e-06,-7.675424439436583286e-05,-1.548054474008309751e-04,-2.684596311131887537e-04,-3.434761303253147245e-04,-3.272430064070933455e-04,-2.317490529814756586e-04,3.289575729516546279e-05,3.538676223342785169e-04,1.053489389064393234e-03,1.867631341561689327e-03,3.159159658814874976e-03,4.733878827845724654e-03,6.565419182234444838e-03,8.576676229348991279e-03,1.078078991953200158e-02,1.296557521453455160e-02,1.498398343643365591e-02,1.680327421162789575e-02,1.834417659766654149e-02,1.954334763629599764e-02,2.062383165257050677e-02,2.138584737810379083e-02,2.195239175988629443e-02,2.244023507521821295e-02,2.280330088179232870e-02
6.135983654717998802e-04,6.108519226040507030e-04,6.071510994497290523e-04,6.021987958161533969e-04,5.955806580045108637e-04,5.867462102817173550e-04,5.886597889252345511e-04,5.912936024837857395e-04,5.605563440884681449e-04,5.030879686526496712e-04,4.839859702921384468e-04,4.672678886167544498e-04,3.983609551063720848e-04,3.704327744262716658e-04,3.173319877487819785e-04,2.927487670381270887e-04,2.648001976893004077e-04,2.343542712774986602e-04,1.804643406678321858e-04,8.388315084290297048e-05,1.877200039656421983e-05,-8.852827850316214537e-05,-1.731235387450874845e-04,-2.433680521709935367e-04,-3.832122261908611424e-04,-4.650730934774102037e-04,-5.434430055075802936e-04,-6.575417147551377650e-04,-7.331256183268872488e-04,-7.175869954099168028e-04,-6.230680263108522108e-04,-3.596428358529518720e-04,-4.028371352270385298e-05,6.573082833649103148e-04,1.468883635792714521e-03,2.757304967693680747e-03,4.328393948396450606e-03,6.155820252899941655e-03,8.162687005622379366e-03,1.036235083311164151e-02,1.254280230616068754e-02,1.455718055529269493e-02,1.637297514967894774e-02,1.791085946688858108e-02,1.910762316131229058e-02,2.018652438846471608e-02,2.094654587711067620e-02,2.151214467903773964e-02,2.199840905186559517e-02,2.236164863925200683e-02
1.492570613002309413e-07,-2.622058678342045970e-06,-6.322968607104924944e-06,-1.127766986912492921e-05,-1.789359738854221494e-05,-2.674194637687791939e-05,-2.484469865245916988e-05,-2.219726383540097296e-05,-5.295977671131185021e-05,-1.104450123760031803e-04,-1.295599709790884034e-04,-1.462970817865550527e-04,-2.152573052187594217e-04,-2.432209358270938425e-04,-2.963399090821553753e-04,-3.209689562164539257e-04,-3.489485571969101600e-04,-3.794434599453676326e-04,-4.333944921739084312e-04,-5.300737643714093124e-04,-5.952668421990168005e-04,-7.026690503210908855e-04,-7.873800641998113335e-04,-8.577698019153256808e-04,-9.978128304331127310e-04,-1.079909816331479618e-03,-1.158615327309296195e-03,-1.273112048076976716e-03,-1.349238600005470438e-03,-1.334440987627487059e-03,-1.240843657390025383e-03,-9.786566647991318171e-04,-6.610155792321506735e-04,3.445741073253171156e-05,8.432858863588490973e-04,2.128415198965945970e-03,3.695587477204307497e-03,5.518579345555013442e-03,7.520632860010598511e-03,9.715440086920167778e-03,1.189110012518369321e-02,1.390110469509146275e-02,1.571295173632925382e-02,1.724764513282240133e-02,1.844167592528504415e-02,1.951810147003320284e-02,2.027701294336238871e-02,2.084097339776633598e-02,2.132681994944147716e-02,2.168939129100442773e-02
-8.895391289249665774e-04,-8.923091073115795285e-04,-8.960136533517791199e-04,-9.009721970525658803e-04,-9.075916897559461712e-04,-9.164539899356418306e-04,-9.145267570552134727e-04,-9.119095289936361400e-04,-9.426798917774746513e-04,-1.000201468653210465e-03,-1.019302072644098778e-03,-1.036053247822916372e-03,-1.105064045218792472e-03,-1.133040640392103150e-03,-1.186203529393159775e-03,-1.210835199571175507e-03,-1.238836486506860075e-03,-1.269349743076637459e-03,-1.323335966750014813e-03,-1.420072724453101112e-03,-1.485326066198346204e-03,-1.592812701950572412e-03,-1.677606145093033614e-03,-1.748101982945590759e-03,-1.888294039779411749e-03,-1.970606494252199244e-03,-2.049531627887607628e-03,-2.164418421638835376e-03,-2.241052367566824521e-03,-2.226899303529198369e-03,-2.134223688069007349e-03,-1.873284495257435123e-03,-1.557328883989268688e-03,-8.640360723423755719e-04,-5.807429858950969833e-05,1.223599000969727898e-03,2.786630604241841901e-03,4.604904383979394229e-03,6.601822338024659724e-03,8.791346369834644042e-03,1.096191341886564724e-02,1.296717478391853744e-02,1.477481171037346198e-02,1.630582768046900943e-02,1.749706092023580253e-02,1.857122833273526161e-02,1.932805425817920794e-02,1.989137689811560153e-02,2.037568399027089860e-02,2.073642846657694841e-02
-2.090105851180507242e-03,-2.092862889244272422e-03,-2.096554863531651606e-03,-2.101510873669529093e-03,-2.108143028214230687e-03,-2.116993997903511733e-03,-2.115098614542951401e-03,-2.112458172806704927e-03,-2.143224188652092643e-03,-2.200752851619990503e-03,-2.219909527335628668e-03,-2.236650916750237972e-03,-2.305654134504460384e-03,-2.333611090920148772e-03,-2.386785215899176350e-03,-2.411435944163308701e-03,-2.439431433021231437e-03,-2.469941762411282781e-03,-2.523935004548168853e-03,-2.620693235610246051e-03,-2.685959054626819043e-03,-2.793505448716450228e-03,-2.878328651962460457e-03,-2.948869082102125241e-03,-3.089181976377693411e-03,-3.171584195963490956e-03,-3.250719987977676671e-03,-3.365858483538409184e-03,-3.442931043447196131e-03,-3.429352388776085638e-03,-3.337503938771912114e-03,-3.077722236342736364e-03,-2.763413228029071474e-03,-2.072289312566486744e-03,-1.269187804103892375e-03,8.942242412210693326e-06,1.567705052535977922e-03,3.381079855908635141e-03,5.372617566022379679e-03,7.556654052215654865e-03,9.721789444344717049e-03,1.172208724242727006e-02,1.352523534999336419e-02,1.505249717390250500e-02,1.624061159294113224e-02,1.731249965584572004e-02,1.806732481940323889e-02,1.862857800078653731e-02,1.911287930725982104e-02,1.947513961029355423e-02
-3.608097181720319995e-03,-3.610855225583999885e-03,-3.614561091024324439e-03,-3.619517418333563150e-03,-3.626143331617219003e-03,-3.634978689613276286e-03,-3.633046247812961576e-03,-3.630400510062498521e-03,-3.661178104189905143e-03,-3.718723111582607037e-03,-3.737841903793174408e-03,-3.754578959105834852e-03,-3.823596040869175518e-03,-3.851554010719760671e-03,-3.904705924746079693e-03,-3.929325685339784928e-03,-3.957289507243156451e-03,-3.987774446584103384e-03,-4.041742201329894674e-03,-4.138500635679484563e-03,-4.203720790862783448e-03,-4.311239102699569899e-03,-4.396054672846701032e-03,-4.466567247367299667e-03,-4.606917223272053059e-03,-4.689342106343970945e-03,-4.768532869081054323e-03,-4.883901681719282108e-03,-4.961236831445729051e-03,-4.948116120172057000e-03,-4.856995772226474842e-03,-4.598234023179833575e-03,-4.285470297764965020e-03,-3.596366302108305966e-03,-2.796088391054961375e-03,-1.521418184217420257e-03,3.307679067426062239e-05,1.841505558976380815e-03,3.827601874259715323e-03,6.006003024661936765e-03,8.165677313662817599e-03,1.016068210922209739e-02,1.195932218874420742e-02,1.348255348984742780e-02,1.466759214987637880e-02,1.573695181676944971e-02,1.648976196675598291e-02,1.704960023317921708e-02,1.753232373966902985e-02,1.789200540669067321e-02
-5.411428726652083368e-03,-5.414211243886803485e-03,-5.417868832049445998e-03,-5.422815040429212162e-03,-5.429448814753127725e-03,-5.438269336500974570e-03,-5.436325636086723756e-03,-5.433652046109046022e-03,-5.464408101300593373e-03,-5.521957635387879544e-03,-5.541080215756267330e-03,-5.557768274656344799e-03,-5.626764776067225485e-03,-5.654689399915797596e-03,-5.707817800935570916e-03,-5.732378160770919794e-03,-5.760305099576756849e-03,-5.790702198994525721e-03,-5.844602556739673417e-03,-5.941310152080958064e-03,-6.006453742837990044e-03,-6.113893125105981582e-03,-6.198607111158133121e-03,-6.269034299793531731e-03,-6.409299890112963617e-03,-6.491653765264979864e-03,-6.570828782853671557e-03,-6.686239600081946011e-03,-6.763740605385760475e-03,-6.750935041612561929e-03,-6.660321890696485614e-03,-6.402395204191806653e-03,-6.090989449792792200e-03,-5.403737386215912153e-03,-4.606079184667836481e-03,-3.334731655988275919e-03,-1.784331913458205455e-03,1.927064814427757093e-05,2.000030165425617078e-03,4.172922547885871136e-03,6.327074779033645992e-03,8.316951250789926531e-03,1.011101543692470052e-02,1.163038288184460069e-02,1.281217112602520657e-02,1.387907225977491610e-02,1.462996820923421516e-02,1.518826682830226420e-02,1.566945925330117187e-02,1.602778003973206675e-02
-7.426444432574860408e-03,-7.429149324277365719e-03,-7.432830462947541059e-03,-7.437753631869009445e-03,-7.444383586932700088e-03,-7.453195508770298593e-03,-7.451229794983268637e-03,-7.448492293293556242e-03,-7.479222336535797273e-03,-7.536778404731325764e-03,-7.555867948507898058e-03,-7.572483619741802660e-03,-7.641512795144449893e-03,-7.669356223913235612e-03,-7.722425896551201978e-03,-7.746921835119140003e-03,-7.774722742717850299e-03,-7.805036578771674255e-03,-7.858823948759384448e-03,-7.955422945300136967e-03,-8.020465302191160176e-03,-8.127754383434196775e-03,-8.212331262249270708e-03,-8.282541590376907986e-03,-8.422721547419928165e-03,-8.504890426426712710e-03,-8.583900991567880098e-03,-8.699217308460413869e-03,-8.776732989781333913e-03,-8.764036156411079623e-03,-8.673803769821408771e-03,-8.416482673666845701e-03,-8.106211624396175708e-03,-7.420507481008534016e-03,-6.625221692972696301e-03,-5.356860678574345766e-03,-3.810230009192799253e-03,-2.011128842485593489e-03,-3.544230569365942922e-05,2.132177552073741180e-03,4.281110649280633028e-03,6.266111688834325941e-03,8.055758586473830973e-03,9.571225323457596690e-03,1.074999502374387669e-02,1.181459239412351557e-02,1.256355064555314538e-02,1.312018997883742863e-02,1.360077980328561024e-02,1.395873437978349674e-02
-9.546108251393937982e-03,-9.548848335962256684e-03,-9.552502981644568625e-03,-9.557386306463303699e-03,-9.563959746854235056e-03,-9.572763665789211715e-03,-9.570767394919424409e-03,-9.567992352702715114e-03,-9.598718234601993221e-03,-9.656213293626326674e-03,-9.675295898971572953e-03,-9.691857626530473238e-03,-9.760887166307475812e-03,-9.788611080645106058e-03,-9.841652961042963305e-03,-9.866033503452437473e-03,-9.893709199479244418e-03,-9.923912577059001289e-03,-9.977540987746969306e-03,-1.007401563543476077e-02,-1.013888916800102964e-02,-1.024599494121599882e-02,-1.033032102578199281e-02,-1.040028466787224805e-02,-1.054027607281152017e-02,-1.062216607972959331e-02,-1.070093412905488879e-02,-1.081607022727543513e-02,-1.089343755209263957e-02,-1.088072068490491921e-02,-1.079059186659979061e-02,-1.053367834291207492e-02,-1.022423071869381535e-02,-9.539803954098254740e-03,-8.746565366363536279e-03,-7.480775031460752678e-03,-5.937474532747679182e-03,-4.142427579944481068e-03,-2.171350737675370283e-03,-8.497744869333424353e-06,2.135613643554097781e-03,4.116027537579955778e-03,5.901621451712651782e-03,7.413823716156524649e-03,8.589501478382806712e-03,9.651364514003222747e-03,1.039897623996181679e-02,1.095378896708638222e-02,1.143394853682456851e-02,1.179089016169268533e-02
-1.164891111219089684e-02,-1.165169812365328753e-02,-1.165525496850008426e-02,-1.166015478778811149e-02,-1.166669445009453979e-02,-1.167543162987189596e-02,-1.167340736664710527e-02,-1.167063054050247566e-02,-1.170123566039853007e-02,-1.175879406477426184e-02,-1.177781201511373353e-02,-1.179434214831048648e-02,-1.186318387753668852e-02,-1.189098179569058472e-02,-1.194389677424275223e-02,-1.196819673781028895e-02,-1.199577092568243630e-02,-1.202573169202340343e-02,-1.207925170633998048e-02,-1.217556720623232287e-02,-1.224019275514581090e-02,-1.234715191137391969e-02,-1.243123792600333948e-02,-1.250091001224852560e-02,-1.264053304847025279e-02,-1.272211057842512552e-02,-1.280055030905176416e-02,-1.291541947691266477e-02,-1.299256064300492210e-02,-1.297968180007247341e-02,-1.288948039086017759e-02,-1.263273638506641830e-02,-1.232386561950087923e-02,-1.164039093681889202e-02,-1.084876222295136881e-02,-9.585116548492355129e-03,-8.044695343090489323e-03,-6.253112019381193605e-03,-4.286039567569575708e-03,-2.127374361739004655e-03,1.248142550712246311e-05,1.988912807222319602e-03,3.770869831675420416e-03,5.279938874544699325e-03,6.453078251179878225e-03,7.513174628067980504e-03,8.258709422146947102e-03,8.812816160177882469e-03,9.291135711724797866e-03,9.648379681008796560e-03
-1.362167149307052377e-02,-1.362437296623025818e-02,-1.362801224715413581e-02,-1.363279911916114896e-02,-1.363940285058617974e-02,-1.364808720814215254e-02,-1.364608532601292029e-02,-1.364318374977989759e-02,-1.367376812746615329e-02,-1.373133835378108694e-02,-1.375022694569240367e-02,-1.376672173750958204e-02,-1.383562937980809156e-02,-1.386326636173541849e-02,-1.391607808508752743e-02,-1.394022372284469888e-02,-1.396770701245741118e-02,-1.399756556119250740e-02,-1.405079162897064637e-02,-1.414700323492911610e-02,-1.421143233787003704e-02,-1.431808097356166744e-02,-1.440185369288088900e-02,-1.447122513800366307e-02,-1.461061196649321957e-02,-1.469191751845528790e-02,-1.476990570250697257e-02,-1.488443597943833047e-02,-1.496125278583548823e-02,-1.494801114457037367e-02,-1.485773910268108067e-02,-1.460093625733625139e-02,-1.429254483251480787e-02,-1.360972827342015259e-02,-1.281933320548832821e-02,-1.155731046635302163e-02,-1.001916171339150077e-02,-8.230424444337303136e-03,-6.266758523110682252e-03,-4.111587529570023131e-03,-1.975304814836924706e-03,-2.323930158287634412e-06,1.776587917892982803e-03,3.282791107428861127e-03,4.453916422416086089e-03,5.512460124270969659e-03,6.256438352717367916e-03,6.809326486438722729e-03,7.286877680339627281e-03,7.644689732100983653e-03
-1.537933158686496937e-02,-1.538209130999849787e-02,-1.538565903462705761e-02,-1.539052279074825703e-02,-1.539700842268064938e-02,-1.540573447105880039e-02,-1.540357305672479180e-02,-1.540070416714776555e-02,-1.543129503218431710e-02,-1.548873665296908626e-02,-1.550774038937051923e-02,-1.552409416511302265e-02,-1.559293570498962965e-02,-1.562043841146805966e-02,-1.567331652074631376e-02,-1.569724400346869664e-02,-1.572467871309966847e-02,-1.575423296655409366e-02,-1.580728761979788635e-02,-1.590329633398166256e-02,-1.596758465856742623e-02,-1.607409459525525885e-02,-1.615759073614311120e-02,-1.622670891304443808e-02,-1.636575058189128698e-02,-1.644659382162441674e-02,-1.652425826538833978e-02,-1.663833920321211579e-02,-1.671497204255570704e-02,-1.670142666575244114e-02,-1.661083996052440878e-02,-1.635393419553589356e-02,-1.604569149692164007e-02,-1.536317494733919521e-02,-1.457381343116664722e-02,-1.331303322697988123e-02,-1.177666012625081839e-02,-9.990134532783013360e-03,-8.029220338066278204e-03,-5.876893006532254993e-03,-3.743489123588737352e-03,-1.773265798856636004e-03,3.081955353796255891e-06,1.507251138920576248e-03,2.676446328030880530e-03,3.733506690132933591e-03,4.476123482165060737e-03,5.028258472465199636e-03,5.505424094116647717e-03,5.860811495557287538e-03
-1.687504151278547762e-02,-1.687791245858408576e-02,-1.688149676311046996e-02,-1.688618312214636846e-02,-1.689256136198636835e-02,-1.690130292819512839e-02,-1.689924301061159276e-02,-1.689625550763233786e-02,-1.692686012431612527e-02,-1.698420647991594201e-02,-1.700339352380429020e-02,-1.701943626467807003e-02,-1.708829708926642293e-02,-1.711590235650977884e-02,-1.716874045759561943e-02,-1.719251477538156006e-02,-1.721958245823343447e-02,-1.724894566921618064e-02,-1.730208642970817307e-02,-1.739803993078884933e-02,-1.746202943845357250e-02,-1.756838536496335354e-02,-1.765172145112331448e-02,-1.772024410568795103e-02,-1.785928246601790198e-02,-1.793967937786897920e-02,-1.801709647720877577e-02,-1.813087282620045107e-02,-1.820707022471656014e-02,-1.819312751007196027e-02,-1.810235653612023848e-02,-1.784498863029369137e-02,-1.753703077531711466e-02,-1.685457688659416919e-02,-1.606585843649955408e-02,-1.480605510381976034e-02,-1.327092736406073128e-02,-1.148623400995846082e-02,-9.527473129119347003e-03,-7.377268686991700700e-03,-5.246127655445531786e-03,-3.278207577380014021e-03,-1.503907999896054917e-03,-1.467747829619975717e-06,1.166725476163954804e-03,2.222056017541070624e-03,2.963581427570304971e-03,3.514815182953883940e-03,3.991459430901483051e-03,4.346402078052500305e-03
-1.809995249624041930e-02,-1.810256562346817741e-02,-1.810617099411550648e-02,-1.811115338071481867e-02,-1.811741690524034179e-02,-1.812617235584677855e-02,-1.812363840114551705e-02,-1.812079567572248001e-02,-1.815119499700592470e-02,-1.820874663250379721e-02,-1.822758611651951674e-02,-1.824396577987747944e-02,-1.831296417655875475e-02,-1.834026490152856556e-02,-1.839286365830035061e-02,-1.841661442365094895e-02,-1.844389982906515305e-02,-1.847327990427835923e-02,-1.852613380627885636e-02,-1.862171203907863129e-02,-1.868555332047531353e-02,-1.879161637331095910e-02,-1.887482881625433817e-02,-1.894316187099203200e-02,-1.908195170670543353e-02,-1.916200951417106751e-02,-1.923896768667511525e-02,-1.935254278189954893e-02,-1.942824199858601136e-02,-1.941424062314748428e-02,-1.932304273520843441e-02,-1.906558517537767367e-02,-1.875743406529621626e-02,-1.807535997929626131e-02,-1.728741872796907622e-02,-1.602769383707598749e-02,-1.449365537636344153e-02,-1.271030349616942244e-02,-1.075315269935069387e-02,-8.604591091672447387e-03,-6.475389527047105409e-03,-4.509005490967820176e-03,-2.736178639065050145e-03,-1.234944984027809729e-03,-6.828155816948309218e-05,9.861286120304375759e-04,1.727017635300201947e-03,2.277542852608086150e-03,2.754062431770427401e-03,3.107975022999097219e-03
-1.907278069255737354e-02,-1.907531658393864932e-02,-1.907876231308819684e-02,-1.908349330259647217e-02,-1.909014801456854205e-02,-1.909872885318952135e-02,-1.909642709876317387e-02,-1.909343614457746641e-02,-1.912377921632191918e-02,-1.918151188004071570e-02,-1.920032427788103541e-02,-1.921600662773563506e-02,-1.928552098486341695e-02,-1.931260613944632207e-02,-1.936526248591070171e-02,-1.938910509292459880e-02,-1.941591036561201786e-02,-1.944525899638594249e-02,-1.949771013126661012e-02,-1.959361640124179793e-02,-1.965774977603026649e-02,-1.976370854249096670e-02,-1.984598212400888462e-02,-1.991418293885843793e-02,-2.005291674520790629e-02,-2.013285401027623683e-02,-2.020969618556362271e-02,-2.032303395578955937e-02,-2.039842990255617480e-02,-2.038380474850918708e-02,-2.029291336243871369e-02,-2.003491277783477770e-02,-1.972656165790127175e-02,-1.904462007481964175e-02,-1.825690758596776667e-02,-1.699766766591097322e-02,-1.546451031840520227e-02,-1.368199134955725219e-02,-1.172593229707678993e-02,-9.578926762903871781e-03,-7.450660333140291837e-03,-5.485854593968358082e-03,-3.714052918052988903e-03,-2.213751882227283328e-03,-1.048273987430951414e-03,5.388392612523933748e-06,7.458118057684207146e-04,1.295618225577722851e-03,1.771427697731617606e-03,2.127006154397845933e-03
-1.982897840441687556e-02,-1.983139823409530572e-02,-1.983440443791053415e-02,-1.983940072807622787e-02,-1.984594616239932635e-02,-1.985539426508388730e-02,-1.985243399873190540e-02,-1.984927763641490192e-02,-1.987987599090100532e-02,-1.993761179808845735e-02,-1.995582484881816207e-02,-1.997238986014203410e-02,-2.004139079138184815e-02,-2.006842259219570809e-02,-2.012115702162575737e-02,-2.014482272499737089e-02,-2.017146727317429417e-02,-2.020097727933475168e-02,-2.025277414755094138e-02,-2.034935576024010651e-02,-2.041259756515276941e-02,-2.051858507924654226e-02,-2.060101677604894710e-02,-2.066941913206984255e-02,-2.080781833457827704e-02,-2.088691397922464582e-02,-2.096402855816581479e-02,-2.107649039080369824e-02,-2.115210988310997284e-02,-2.113798663048899532e-02,-2.104638839104138945e-02,-2.078813109684435681e-02,-2.047990479666910932e-02,-1.979765411524711527e-02,-1.901002735709674679e-02,-1.775180326725801089e-02,-1.621811420349513616e-02,-1.443682645910396474e-02,-1.248169358983303168e-02,-1.033533382988982216e-02,-8.207788380128141353e-03,-6.244652343153418717e-03,-4.473762129320833607e-03,-2.974220745921693845e-03,-1.809342020391773581e-03,-7.561234562624110289e-04,-1.626185548539659553e-05,5.332783524551159681e-04,1.009065629878674354e-03,1.363387836231305964e-03
-2.040838603876363525e-02,-2.041118710311635651e-02,-2.041419111229924102e-02,-2.041896508242266317e-02,-2.042542081319445244e-02,-2.043411563014278787e-02,-2.043164754138835151e-02,-2.042870194876860238e-02,-2.045893257473686833e-02,-2.051677767339470451e-02,-2.053579160642168139e-02,-2.055118328684937129e-02,-2.061956696145484172e-02,-2.064742635672768903e-02,-2.070077676010988535e-02,-2.072318447929607371e-02,-2.075115171723982202e-02,-2.077969867352128311e-02,-2.083225952594409264e-02,-2.092721409461121423e-02,-2.099118850309097950e-02,-2.109686541370887902e-02,-2.117974063341260954e-02,-2.124786194456560612e-02,-2.138543330212647198e-02,-2.146558036265405062e-02,-2.154223358022338414e-02,-2.165483742807670572e-02,-2.173037987312225958e-02,-2.171503297500583171e-02,-2.162360813462766915e-02,-2.136476831107637919e-02,-2.105724888413374254e-02,-2.037406171626977847e-02,-1.958755689249361623e-02,-1.832834120261470079e-02,-1.679616193100433308e-02,-1.501471749091311952e-02,-1.306044893966501821e-02,-1.091518954164042744e-02,-8.788642760791822925e-03,-6.825844781040460788e-03,-5.055577516668199878e-03,-3.556270802190963226e-03,-2.392321363039759483e-03,-1.339477233143635199e-03,-5.998807555030687523e-04,-5.058484802538705657e-05,4.252480059483097481e-04,7.781146969915022716e-04
-2.084904710762455066e-02,-2.085109154139495879e-02,-2.085406543484228867e-02,-2.086036877625268085e-02,-2.086523652603444745e-02,-2.087457102486810559e-02,-2.087123260717496653e-02,-2.086884520851561842e-02,-2.090007015183921457e-02,-2.095659844382359235e-02,-2.097544367017416603e-02,-2.099120232160502780e-02,-2.106146376431942274e-02,-2.108797758768543584e-02,-2.114062054403928123e-02,-2.116463340318213218e-02,-2.119181346889563444e-02,-2.121937509411265729e-02,-2.127271679404013974e-02,-2.136723737091699576e-02,-2.143177516451274384e-02,-2.153776916737923375e-02,-2.161996755493639927e-02,-2.168756999783373954e-02,-2.182578993463844125e-02,-2.190595262220187966e-02,-2.198067164474305432e-02,-2.209507740347347454e-02,-2.216856378835201091e-02,-2.215420600423764069e-02,-2.206260472017058591e-02,-2.180328471141449939e-02,-2.149603212101235117e-02,-2.081305248381164555e-02,-2.002668676491493882e-02,-1.876721290539972234e-02,-1.723361840420515809e-02,-1.545519669646096793e-02,-1.350156077078831091e-02,-1.135421899001147483e-02,-9.230001627902158917e-03,-7.265526624005858719e-03,-5.497244740044341868e-03,-3.998770195839711217e-03,-2.835223647303752263e-03,-1.783450560843490365e-03,-1.043171065146198404e-03,-4.939709294853717424e-04,-1.821982021313552525e-05,3.344512115218918396e-04
-2.118230723962340883e-02,-2.118387335382702213e-02,-2.118856622327979292e-02,-2.119416415835786646e-02,-2.119862313041794358e-02,-2.120924844292770492e-02,-2.120530720497271551e-02,-2.120215710024686562e-02,-2.123232367516058108e-02,-2.129025434243407913e-02,-2.130931613853384241e-02,-2.132527980758296485e-02,-2.139490920601160029e-02,-2.142080845648310430e-02,-2.147451292096924994e-02,-2.149668014901923163e-02,-2.152497429119929959e-02,-2.155309403231307069e-02,-2.160455246413727978e-02,-2.170084328802069501e-02,-2.176372970941870336e-02,-2.187104023493009405e-02,-2.195281198277384410e-02,-2.202106705755072641e-02,-2.215843159427102749e-02,-2.223667924051623765e-02,-2.231360331777686862e-02,-2.242596432585356250e-02,-2.250309988307024750e-02,-2.248686664960990872e-02,-2.239421306189021826e-02,-2.213724438051683369e-02,-2.182840018594021242e-02,-2.114447997594953721e-02,-2.035934610537770348e-02,-1.909960359584665993e-02,-1.756711283998849821e-02,-1.578633201007612410e-02,-1.383455350481304150e-02,-1.168928422565437136e-02,-9.564754650815261022e-03,-7.601935168285752289e-03,-5.832271664025870730e-03,-4.334082008375606150e-03,-3.169925268394582253e-03,-2.117837889076908467e-03,-1.379132903190504519e-03,-8.293377347506103751e-04,-3.531044598465514885e-04,-2.908319314018297115e-07
