-1.115042656678865101e-07,-1.067329427537367365e-07,-1.018554917502400196e-07,-9.701276064609714402e-08,-9.237415217719844486e-08,-8.814251780145511561e-08,-8.451535823774352785e-08,-8.165878374085502193e-08,-7.962879024081588448e-08,-7.831817725961445393e-08,-7.735654259967636613e-08,-7.609261251103760931e-08,-7.362962706475789404e-08,-6.900830654518800835e-08,-6.154927397331543676e-08,-5.122702000734233220e-08,-3.893373543512066088e-08,-2.630809259044522960e-08,-1.520075023082979042e-08,-6.932619487049108847e-09,-1.865819909973121063e-09,5.409095964706769830e-10,1.299017743555054966e-09,1.394863542157696214e-09,1.451930801220380107e-09,1.531768780954157302e-09,8.328685896732728239e-10,-2.730552715674058772e-09,-1.239355249408920189e-08,-3.018219795431505511e-08,-5.230309268628164960e-08,-6.874783655359985157e-08,-7.420733559028973850e-08,-7.791218216498732895e-08,-9.376915449624564761e-08,-1.222451614146701629e-07,-1.497437157075187784e-07,-1.655160983892756393e-07,-1.708358218390740613e-07,-1.726006805107865185e-07,-1.756919442078742379e-07,-1.813150636921723979e-07,-1.886309829989796509e-07,-1.963930636893281649e-07,-2.037031648821127311e-07,-2.101234111598600685e-07,-2.155404188431757882e-07,-2.199998142410259233e-07,-2.236443378185664386e-07,-2.265847536706744848e-07
-1.114982178731527202e-07,-1.067260341551545486e-07,-1.018464331634779742e-07,-9.700592552909430752e-08,-9.236809238450352561e-08,-8.813321616797087041e-08,-8.450566816429301434e-08,-8.164684730780441841e-08,-7.961766577313151403e-08,-7.830655680367050347e-08,-7.734350658234402088e-08,-7.607822104425820836e-08,-7.361413028122904194e-08,-6.899012972927224867e-08,-6.152606124019165129e-08,-5.120345585203967439e-08,-3.890432637520966205e-08,-2.627705482138169760e-08,-1.516200865228833626e-08,-6.887815996598042992e-09,-1.812730977704275630e-09,6.009555756925658567e-10,1.367571163784309386e-09,1.470713156120012345e-09,1.534775380855082494e-09,1.620171977348297319e-09,9.251122465143319504e-10,-2.638347086263172040e-09,-1.230202443054925182e-08,-3.009376999714995001e-08,-5.222086566318487771e-08,-6.867256098810948839e-08,-7.413879987361227051e-08,-7.785167767945366679e-08,-9.371496072203523931e-08,-1.221968993802179988e-07,-1.496997727224469645e-07,-1.654770358060541431e-07,-1.708011323297392038e-07,-1.725687910313312172e-07,-1.756619275103078119e-07,-1.812876171559145346e-07,-1.886041261214854289e-07,-1.963669795008589236e-07,-2.036813139192962990e-07,-2.101024356329761019e-07,-2.155135799198316057e-07,-2.199788300001052234e-07,-2.236284718428020544e-07,-2.265634029816768456e-07
-1.114920980061694719e-07,-1.067192743205799267e-07,-1.018429538278447086e-07,-9.699863720962171597e-08,-9.236010027944589029e-08,-8.812519872076820111e-08,-8.449644670235492315e-08,-8.163825186620731493e-08,-7.960745638011627146e-08,-7.829291934131451584e-08,-7.732984484017126057e-08,-7.606328857166925618e-08,-7.359563046853766499e-08,-6.897041938310434584e-08,-6.150413263183033873e-08,-5.117603709593014371e-08,-3.887339213282354016e-08,-2.624038037371432520e-08,-1.512052816295199520e-08,-6.838626655301445376e-09,-1.758226350458245147e-09,6.634894397622199416e-10,1.438514759936765285e-09,1.549533556863162229e-09,1.621456979634887122e-09,1.712208141925437216e-09,1.020225561525894671e-09,-2.541509792182309603e-09,-1.220664759453298785e-08,-3.000356343230931572e-08,-5.213728420533929885e-08,-6.859491553380843103e-08,-7.406893394872606344e-08,-7.778780876883256250e-08,-9.365971243662856393e-08,-1.221474307285834496e-07,-1.496586811259631277e-07,-1.654382024386797071e-07,-1.707649211584446452e-07,-1.725359498293748821e-07,-1.756304490387888738e-07,-1.812594459975359533e-07,-1.885777753455811184e-07,-1.963401706753537728e-07,-2.036531620235573189e-07,-2.100766709521179753e-07,-2.154887097092843545e-07,-2.199554581377641189e-07,-2.236027884363291100e-07,-2.265410331594495359e-07
-1.114850543093562907e-07,-1.067133177707258360e-07,-1.018363522125854100e-07,-9.699098287714108970e-08,-9.235222328681248326e-08,-8.811751147205763718e-08,-8.448870266054052603e-08,-8.162622877077255836e-08,-7.959572230851480134e-08,-7.828226141968192200e-08,-7.731636032640435588e-08,-7.604820384101713625e-08,-7.357773793539478675e-08,-6.895029267545091823e-08,-6.148029169285394761e-08,-5.115154899454467657e-08,-3.884151470555956078e-08,-2.620309172129521982e-08,-1.507810018086141291e-08,-6.790304580708902619e-09,-1.701250432725746385e-09,7.285556122896172220e-10,1.511954340090711969e-09,1.630673204053529420e-09,1.709582387916141890e-09,1.806190158449723360e-09,1.118885514987087119e-09,-2.441745877224052609e-09,-1.210916735231328074e-08,-2.990865424974270363e-08,-5.204890427939688243e-08,-6.851398254825333948e-08,-7.399574142210266627e-08,-7.772302430313286387e-08,-9.360056299693132719e-08,-1.220964810731061511e-07,-1.496133062339560084e-07,-1.653966879590367605e-07,-1.707277163346457179e-07,-1.725018918532196694e-07,-1.755987547222825608e-07,-1.812297240391419420e-07,-1.885490752326381653e-07,-1.963140338747032976e-07,-2.036277517906061786e-07,-2.100528938115790504e-07,-2.154661915711266387e-07,-2.199288635303306266e-07,-2.235751965542983721e-07,-2.265166784155641703e-07
-1.114796862890715683e-07,-1.067061062801208268e-07,-1.018294282893806494e-07,-9.698421224372068578e-08,-9.234398398086276403e-08,-8.810894339211502012e-08,-8.447771743545806614e-08,-8.161663500605306452e-08,-7.958484027955347962e-08,-7.826756961150737098e-08,-7.730189873853923685e-08,-7.603111094799303068e-08,-7.355981605053942435e-08,-6.893026223469843670e-08,-6.145684770950701683e-08,-5.112198406553910908e-08,-3.880939923377889490e-08,-2.616693960207688435e-08,-1.503528553009125770e-08,-6.740020849798296472e-09,-1.643320158950438453e-09,7.948892699378153400e-10,1.586674889986364061e-09,1.713765084667725986e-09,1.801183421835402640e-09,1.903896864541933024e-09,1.220474492318552277e-09,-2.339763792010135662e-09,-1.200761994193365347e-08,-2.981302032952773583e-08,-5.195778709933816063e-08,-6.843198499514583826e-08,-7.392114319393956857e-08,-7.765729371803599279e-08,-9.354084534396059534e-08,-1.220424418811799293e-07,-1.495636159146430722e-07,-1.653535933236868568e-07,-1.706894798660518722e-07,-1.724669080286839921e-07,-1.755665504757766944e-07,-1.811984708485781901e-07,-1.885204354716942648e-07,-1.962866674048204968e-07,-2.036018138554034680e-07,-2.100234571266047879e-07,-2.154430224980603288e-07,-2.199092062713186226e-07,-2.235542559738257754e-07,-2.264918188617799653e-07
-1.114742922041063231e-07,-1.066996483412303226e-07,-1.018220639922858632e-07,-9.697601835282524136e-08,-9.233645421399025423e-08,-8.809908468731464183e-08,-8.446942661834373647e-08,-8.160950658334057494e-08,-7.957309583599266133e-08,-7.825521936711234646e-08,-7.728773519971467422e-08,-7.601557939129596766e-08,-7.354150513805832564e-08,-6.890858006221859036e-08,-6.143291946380063491e-08,-5.109481692646399410e-08,-3.877520680451399859e-08,-2.613036000293219844e-08,-1.499095217798370425e-08,-6.688532765720142690e-09,-1.583940386624769015e-09,8.631550107341884995e-10,1.662942695590522129e-09,1.799061394154380601e-09,1.894036503685931624e-09,2.001827886413223902e-09,1.322152492573789182e-09,-2.235242589403953901e-09,-1.190501378847656591e-08,-2.971355115999823689e-08,-5.186672061813337805e-08,-6.834654963771257879e-08,-7.384496236941882678e-08,-7.758917420418616264e-08,-9.348157900494725247e-08,-1.219894476404678445e-07,-1.495168488594801817e-07,-1.653104226155448893e-07,-1.706500187548748844e-07,-1.724306518290667120e-07,-1.755335935943520288e-07,-1.811686989270905729e-07,-1.884888278628927085e-07,-1.962573455382961770e-07,-2.035727987381300545e-07,-2.100005663334696612e-07,-2.154156001748546322e-07,-2.198801955603500672e-07,-2.235277091056300557e-07,-2.264677482823733346e-07
-1.114668728487782855e-07,-1.066939496483777304e-07,-1.018149425840572257e-07,-9.696857131472707428e-08,-9.232713803236788290e-08,-8.809083009224822404e-08,-8.445909057797577476e-08,-8.159654117376439062e-08,-7.956266673330232499e-08,-7.824141803687139699e-08,-7.727352396371501578e-08,-7.599960477253428040e-08,-7.352256334024954063e-08,-6.888732211769814311e-08,-6.140905752731507975e-08,-5.106711268287034465e-08,-3.874248571618407463e-08,-2.609090788159398788e-08,-1.494619767401629699e-08,-6.636162910381466232e-09,-1.524406438257064455e-09,9.312448409605897845e-10,1.740106495644800420e-09,1.885584958811865671e-09,1.987572642018384974e-09,2.101627915584124578e-09,1.426502349491569415e-09,-2.130437244514835376e-09,-1.180336384250132077e-08,-2.961474309099173181e-08,-5.177365717957263664e-08,-6.826260912429821212e-08,-7.376874761932248511e-08,-7.751991127747870600e-08,-9.342002082169983806e-08,-1.219348313486385050e-07,-1.494700541013036963e-07,-1.652680538037230161e-07,-1.706107722258094133e-07,-1.723942288861522457e-07,-1.754996742033828397e-07,-1.811347590667082250e-07,-1.884591097579857552e-07,-1.962289023786565681e-07,-2.035461503246476148e-07,-2.099725964997982364e-07,-2.153898560449879899e-07,-2.198552129569644371e-07,-2.234966677996484576e-07,-2.264445233022281093e-07
-1.114613402503115342e-07,-1.066864002912922632e-07,-1.018034850886691303e-07,-9.696110376765896569e-08,-9.231945733897984366e-08,-8.808156598969520378e-08,-8.445128846961778245e-08,-8.158469314119375871e-08,-7.954928873223036882e-08,-7.823044739213504107e-08,-7.725943672442484593e-08,-7.598443983601331824e-08,-7.350458237035610470e-08,-6.886600600628093258e-08,-6.138380519962526706e-08,-5.103920504898920975e-08,-3.871074077167877688e-08,-2.605024532570206875e-08,-1.490092302276087957e-08,-6.585103756844973225e-09,-1.464715547406305202e-09,9.997852215765633626e-10,1.818047753297652136e-09,1.971127446100457603e-09,2.081446715539222116e-09,2.202594562445864283e-09,1.529629568182750749e-09,-2.026084656207862626e-09,-1.169904111098845844e-08,-2.951620359980051029e-08,-5.167993006684644497e-08,-6.817651800060566910e-08,-7.369234005506758215e-08,-7.745097766951095410e-08,-9.335819251042896552e-08,-1.218809743898842790e-07,-1.494215837614418783e-07,-1.652242491559300316e-07,-1.705705034810765409e-07,-1.723587992220014597e-07,-1.754671133599368887e-07,-1.811039003695987629e-07,-1.884287890639127932e-07,-1.962025047893969087e-07,-2.035201829617862814e-07,-2.099444921060337302e-07,-2.153601204669462907e-07,-2.198265141499048578e-07,-2.234743139886598243e-07,-2.264180037299482122e-07
-1.114542332591745702e-07,-1.066804678108765118e-07,-1.018002343310151952e-07,-9.695390832288144831e-08,-9.231216118237347411e-08,-8.807357593686798305e-08,-8.444045438468418153e-08,-8.157496984632686020e-08,-7.953862893411209885e-08,-7.821688088257367515e-08,-7.724546254852450389e-08,-7.596649988893405615e-08,-7.348657103204617511e-08,-6.884539071629067616e-08,-6.135997531105764647e-08,-5.101044303789562252e-08,-3.867745540688329985e-08,-2.601265961116399359e-08,-1.485809889464549598e-08,-6.533489266931699044e-09,-1.405317542507140869e-09,1.067575260415527902e-09,1.894141426311517066e-09,2.056352577544826357e-09,2.174699078181102194e-09,2.301799172023842411e-09,1.633810124830063400e-09,-1.920713244452906009e-09,-1.159549840011061290e-08,-2.941768272985268581e-08,-5.158833847991541497e-08,-6.809228476000535084e-08,-7.361535563307658559e-08,-7.738348470326535119e-08,-9.329838151004648596e-08,-1.218268283113883508e-07,-1.493762739392266715e-07,-1.651807686739494216e-07,-1.705316107897846070e-07,-1.723226679488859430e-07,-1.754324858668752412e-07,-1.810728468562154926e-07,-1.884012900216742634e-07,-1.961728983457953704e-07,-2.034910459909947827e-07,-2.099174332179597839e-07,-2.153372759012702498e-07,-2.198066564401955850e-07,-2.234443171756893081e-07,-2.263943873089646740e-07
-1.114488768825403908e-07,-1.066685462465154344e-07,-1.017814450947191181e-07,-9.694683500401756810e-08,-9.230447125530915558e-08,-8.806552077543281061e-08,-8.443166536712837895e-08,-8.156685781181645646e-08,-7.952815928416265638e-08,-7.820479604567914249e-08,-7.723124560241811764e-08,-7.595124972308700611e-08,-7.346867660551175633e-08,-6.882442793828918849e-08,-6.133631598685245610e-08,-5.098210636981186522e-08,-3.864705289475467624e-08,-2.597496077380765353e-08,-1.481540107868362456e-08,-6.483035199395229746e-09,-1.347432009397368141e-09,1.134171336261102475e-09,1.969513541769301907e-09,2.141089552278636044e-09,2.266375705130065032e-09,2.399006796183977383e-09,1.735236682154325103e-09,-1.817684544152633032e-09,-1.149417820479517837e-08,-2.932081005248416050e-08,-5.149820441924046054e-08,-6.800937927356646466e-08,-7.354031868524449027e-08,-7.731575653270335222e-08,-9.323965227247148195e-08,-1.217743016930000280e-07,-1.493232566190602982e-07,-1.651389119807566347e-07,-1.704943797339888727e-07,-1.722875231455307729e-07,-1.754003405446243823e-07,-1.810423868095881466e-07,-1.883723994972735143e-07,-1.961467449235881958e-07,-2.034660037591204709e-07,-2.098925042634795372e-07,-2.153114427692074576e-07,-2.197810662995409221e-07,-2.234264612521448833e-07,-2.263697979835971440e-07
-1.114437659271530225e-07,-1.066678595454703359e-07,-1.017884825683927898e-07,-9.693201665925313040e-08,-9.229637960174802783e-08,-8.805704629234718852e-08,-8.442336747734937020e-08,-8.155536952228033649e-08,-7.951787055557873303e-08,-7.819422194945938688e-08,-7.721800198652381596e-08,-7.593670780622257845e-08,-7.345200947236201267e-08,-6.880468143170150578e-08,-6.131441539220878487e-08,-5.095500540591021911e-08,-3.861461033500929300e-08,-2.594041135702354486e-08,-1.477140866247630144e-08,-6.433674339150083162e-09,-1.290226780594567216e-09,1.199627782192241993e-09,2.043374269697540109e-09,2.222190481452373463e-09,2.354591244047996486e-09,2.494648576782089310e-09,1.833767504474513165e-09,-1.718042021169267873e-09,-1.139552091822791848e-08,-2.922532147018613454e-08,-5.140962523881986548e-08,-6.792880674129357276e-08,-7.346796908069886693e-08,-7.725022340671801877e-08,-9.318018654993852757e-08,-1.217228482321998305e-07,-1.492782995474073451e-07,-1.650979988068537076e-07,-1.704568309058753411e-07,-1.722535765768123366e-07,-1.753684571477243220e-07,-1.810123587734329126e-07,-1.883449237347297940e-07,-1.961200015000112404e-07,-2.034400378284046041e-07,-2.098651088156044795e-07,-2.152885617024348795e-07,-2.197552358547340420e-07,-2.234084391457832529e-07,-2.263474100065435811e-07
-1.114383194114018386e-07,-1.066621223719634792e-07,-1.017827632103718882e-07,-9.693468206379460274e-08,-9.228986091443437271e-08,-8.804989361316686591e-08,-8.441520144899787801e-08,-8.154690622127875352e-08,-7.950716641201831088e-08,-7.818160972253882663e-08,-7.720538225065631064e-08,-7.592216847191352462e-08,-7.343637001687068816e-08,-6.878621565979995753e-08,-6.129112907142235492e-08,-5.093092429598650174e-08,-3.858644445037508252e-08,-2.590481654083489467e-08,-1.473238911666479168e-08,-6.387201412970207783e-09,-1.235996162109519558e-09,1.260914637298403234e-09,2.113334166948957490e-09,2.300071797079733616e-09,2.440336850601383157e-09,2.584820464442491100e-09,1.928061204738704346e-09,-1.623048566699338770e-09,-1.130247218113238166e-08,-2.913581027290160719e-08,-5.132477571719316838e-08,-6.785142578003194931e-08,-7.339808397799360113e-08,-7.718864659274935863e-08,-9.312519949331094524e-08,-1.216734399902847587e-07,-1.492354326402224198e-07,-1.650589499673375094e-07,-1.704215163840853762e-07,-1.722206875206506322e-07,-1.753384172903661588e-07,-1.809837065538082662e-07,-1.883172080585089513e-07,-1.960938791147133742e-07,-2.034161714743046864e-07,-2.098421704654057090e-07,-2.152628488478398697e-07,-2.197319631310310437e-07,-2.233840892539302493e-07,-2.263256515587281469e-07
-1.114338175912428558e-07,-1.066571237273164964e-07,-1.017762516537265770e-07,-9.692821744505748678e-08,-9.228373139023509129e-08,-8.804268335400178114e-08,-8.440663925736518741e-08,-8.153814829736074253e-08,-7.949758515453142526e-08,-7.817160281102672047e-08,-7.719321933488729577e-08,-7.590840819007174974e-08,-7.342051879733983175e-08,-6.876844875948924133e-08,-6.127114668608290322e-08,-5.090687399821504354e-08,-3.855869595831070304e-08,-2.587166737697294430e-08,-1.469358321180462031e-08,-6.342682053586721820e-09,-1.184854859496061963e-09,1.319827541523741323e-09,2.180279647092174495e-09,2.375033545476151827e-09,2.522043368433957291e-09,2.671787111031854547e-09,2.017627009320188964e-09,-1.531875245639015740e-09,-1.121318769297101405e-08,-2.904896070715893053e-08,-5.124522591954065718e-08,-6.777859926526157803e-08,-7.333093045009985574e-08,-7.712897153020015687e-08,-9.307208056782165220e-08,-1.216259347151438877e-07,-1.491981035401112339e-07,-1.650217458773820137e-07,-1.703881409154237987e-07,-1.721894009395389268e-07,-1.753098190750024163e-07,-1.809578330344140763e-07,-1.882929627452858129e-07,-1.960700658851525060e-07,-2.033932860643201669e-07,-2.098201904396131534e-07,-2.152449821908213627e-07,-2.197100603670555397e-07,-2.233639818348835018e-07,-2.263041187427186335e-07
-1.114188213779519368e-07,-1.066537264992547670e-07,-1.017709231803313992e-07,-9.691590686393295745e-08,-9.227814598704698794e-08,-8.803637422654452214e-08,-8.440067951155757060e-08,-8.153055920254023434e-08,-7.948842186605814965e-08,-7.816219620891931819e-08,-7.718327210587987712e-08,-7.589602773051938194e-08,-7.340794596665261126e-08,-6.875150194017183870e-08,-6.125195529294570329e-08,-5.088452371555761701e-08,-3.853107138343670315e-08,-2.584217884550713442e-08,-1.465846883191647460e-08,-6.301184173273162902e-09,-1.136840917085936524e-09,1.375214291392318196e-09,2.242328494266086965e-09,2.444149296351810346e-09,2.597326671748808726e-09,2.751676592302604952e-09,2.102030353080732176e-09,-1.446599304958289887e-09,-1.112791609703885736e-08,-2.897031678179862424e-08,-5.117033098498354571e-08,-6.771016299749893455e-08,-7.327030691343075346e-08,-7.707450380238465346e-08,-9.302360745991315197e-08,-1.215839255924044453e-07,-1.491537401677979117e-07,-1.649873117618429363e-07,-1.703551557369552178e-07,-1.721605526630764411e-07,-1.752836820818188110e-07,-1.809342205514575989e-07,-1.882691103566234018e-07,-1.960470534592807876e-07,-2.033683576576254446e-07,-2.098004496437755597e-07,-2.152225031959023538e-07,-2.196911544602463710e-07,-2.233427109054753854e-07,-2.262831217497702492e-07
-1.114179952140915551e-07,-1.066489181092010605e-07,-1.017677942775051284e-07,-9.691223650150759834e-08,-9.227367528189645118e-08,-8.803180741761070028e-08,-8.439346779399994313e-08,-8.152356159658886780e-08,-7.948162779033496406e-08,-7.815373003193594744e-08,-7.717295817323409850e-08,-7.588512174381287348e-08,-7.339330463833928072e-08,-6.873740152042527568e-08,-6.123414594279801664e-08,-5.086457297948497325e-08,-3.850893373321309290e-08,-2.581677677849350308e-08,-1.462621494691878657e-08,-6.262271867967775622e-09,-1.092215695865392356e-09,1.425977912442545098e-09,2.300077272306184739e-09,2.507650594796001527e-09,2.666506733630051346e-09,2.826519791639210555e-09,2.180069538028513360e-09,-1.368824315127137582e-09,-1.105188515457691697e-08,-2.889596643964715588e-08,-5.110056015890856318e-08,-6.764623390382820758e-08,-7.321354867767606591e-08,-7.702287315129984749e-08,-9.297971066549059547e-08,-1.215429546451040881e-07,-1.491241387488794345e-07,-1.649549521120891884e-07,-1.703275548653146033e-07,-1.721354445549035079e-07,-1.752598386085469997e-07,-1.809100133985349483e-07,-1.882483564349484276e-07,-1.960255637795727692e-07,-2.033498904163451775e-07,-2.097798851298401150e-07,-2.152028227241989169e-07,-2.196759145799686142e-07,-2.233222899207285019e-07,-2.262669713062341984e-07
-1.114225450148948313e-07,-1.066463387447034224e-07,-1.017646365387326627e-07,-9.691422159983011163e-08,-9.226810783055705177e-08,-8.802650833397418558e-08,-8.438874619073828762e-08,-8.151737332831082178e-08,-7.947671036817685759e-08,-7.814469610432076141e-08,-7.716410942553545637e-08,-7.587562352301871066e-08,-7.338061602024139790e-08,-6.872457251565559021e-08,-6.121960327343764487e-08,-5.084525194669698154e-08,-3.848735597723376620e-08,-2.579125827788436720e-08,-1.459683164263782955e-08,-6.229400886845844984e-09,-1.053330827432271833e-09,1.471308769272544344e-09,2.351542316262164293e-09,2.565740246498202790e-09,2.730121233621273862e-09,2.893838228388055544e-09,2.249125415916168717e-09,-1.297828903265234996e-09,-1.098136378281545780e-08,-2.882850851810958767e-08,-5.103813360117388151e-08,-6.759038247289386993e-08,-7.316153500338460893e-08,-7.697735302452406390e-08,-9.293787736555948693e-08,-1.215085697574083692e-07,-1.490864298086646942e-07,-1.649258438722270855e-07,-1.703016953371597878e-07,-1.721114501420686437e-07,-1.752375241370958735e-07,-1.808911966760912938e-07,-1.882269109929550450e-07,-1.960079467623204476e-07,-2.033326930410994512e-07,-2.097637446768300634e-07,-2.151859453150169440e-07,-2.196573750106452486e-07,-2.233062219643202054e-07,-2.262510722892381159e-07
-1.114209710493605832e-07,-1.066449185869606063e-07,-1.017625474585260466e-07,-9.691087304491338197e-08,-9.226506023298544356e-08,-8.802261280924573763e-08,-8.438437557642474743e-08,-8.151249680968166117e-08,-7.946851428225966663e-08,-7.813892525171660749e-08,-7.715654263693144093e-08,-7.586754150452140156e-08,-7.337108080151108193e-08,-6.871232819710191865e-08,-6.120572201650685532e-08,-5.082968701282586754e-08,-3.846922293270434425e-08,-2.576965125445193302e-08,-1.457000278093937145e-08,-6.198620440683183915e-09,-1.017223646463373837e-09,1.512138936183470488e-09,2.397761680989282616e-09,2.617134620518078461e-09,2.786249781457731110e-09,2.954410960122785937e-09,2.312569072460583770e-09,-1.234164408651804175e-09,-1.091868918422862725e-08,-2.876899741413310891e-08,-5.098287029660792157e-08,-6.753892849609497844e-08,-7.311563729025750272e-08,-7.693651828566726910e-08,-9.290085933517948424e-08,-1.214752809024182917e-07,-1.490608157002043166e-07,-1.649014388492621554e-07,-1.702785410736672378e-07,-1.720905397551971033e-07,-1.752183540255314141e-07,-1.808724733478077177e-07,-1.882106244063633711e-07,-1.959909445508142824e-07,-2.033185980095506074e-07,-2.097513207381026899e-07,-2.151731361773083290e-07,-2.196440481549170785e-07,-2.232933847854352850e-07,-2.262368711004067807e-07
-1.114190010536924825e-07,-1.066417969849096459e-07,-1.017589522085711060e-07,-9.690745670084547170e-08,-9.226224267303162786e-08,-8.801859152427774043e-08,-8.438005167733228343e-08,-8.150761389622867715e-08,-7.946474954736605106e-08,-7.813340081668257624e-08,-7.714987385602986837e-08,-7.585968752615395243e-08,-7.336560529672006828e-08,-6.870208927659456628e-08,-6.119299024086941013e-08,-5.081524905724944022e-08,-3.845335049786105107e-08,-2.574855745754275216e-08,-1.454694061592315111e-08,-6.171534504419255720e-09,-9.864370946884498069e-10,1.548108506401276840e-09,2.438630432096515667e-09,2.663006211783904906e-09,2.835734731334209103e-09,3.007219728845058292e-09,2.366500212236694258e-09,-1.178349407093233796e-09,-1.086396849667958825e-08,-2.871687001184086539e-08,-5.093419286464481993e-08,-6.749446771535699910e-08,-7.307553146134062871e-08,-7.690069305803139811e-08,-9.286973032052400090e-08,-1.214476076509167823e-07,-1.490348697118726530e-07,-1.648784979447395001e-07,-1.702583766346872955e-07,-1.720723127861077739e-07,-1.752010346630751780e-07,-1.808556645672347115e-07,-1.881963807115972248e-07,-1.959785455396958317e-07,-2.033036945710259183e-07,-2.097368013057358145e-07,-2.151619928392014415e-07,-2.196316149694010115e-07,-2.232772598260252411e-07,-2.262252677510885640e-07
-1.114177147252065480e-07,-1.066404514773985841e-07,-1.017489143075141460e-07,-9.690637788907374550e-08,-9.225970192441350411e-08,-8.801627196542286388e-08,-8.437772587707623769e-08,-8.150631401729118789e-08,-7.946100685602051728e-08,-7.812849810849690330e-08,-7.714524620582647759e-08,-7.585258951893661683e-08,-7.335579933320936509e-08,-6.869394729701286979e-08,-6.118438976983625247e-08,-5.080420825789872506e-08,-3.843931110896351031e-08,-2.573135084126973474e-08,-1.452847567856172239e-08,-6.149277105790860678e-09,-9.598428557026610479e-10,1.579490935916498355e-09,2.473441881182436685e-09,2.701697803350787075e-09,2.878046127443342232e-09,3.052773920628952242e-09,2.414577553721508111e-09,-1.130424057026380826e-09,-1.081642582222870461e-08,-2.867148462746444583e-08,-5.089135551770744352e-08,-6.745643191345371781e-08,-7.304105406724457857e-08,-7.686986469620498899e-08,-9.284247813226778664e-08,-1.214234759365188983e-07,-1.490152352308563351e-07,-1.648602110627988437e-07,-1.702415833806100919e-07,-1.720571738302668654e-07,-1.751869001387194330e-07,-1.808419025199260160e-07,-1.881832273938923313e-07,-1.959652272393581679e-07,-2.032904347693909711e-07,-2.097238835182707191e-07,-2.151499566376177790e-07,-2.196189465124938887e-07,-2.232720816555483035e-07,-2.262166156374335589e-07
-1.114158258826114118e-07,-1.066373022331237306e-07,-1.017559045045504057e-07,-9.690463603744278335e-08,-9.225856402260242482e-08,-8.801386435177837425e-08,-8.437479452538583732e-08,-8.150265248356322843e-08,-7.945726601899409856e-08,-7.812406471998396006e-08,-7.714090976662855961e-08,-7.585011801281362208e-08,-7.334977547956041795e-08,-6.868699311094347478e-08,-6.117559274648384354e-08,-5.079451270412055827e-08,-3.842779865445055717e-08,-2.571848887569568767e-08,-1.451107712543071317e-08,-6.128772111535233789e-09,-9.370447914048721158e-10,1.604688597584536799e-09,2.502899988595779710e-09,2.734848846685107162e-09,2.914506864989820811e-09,3.091202281449191129e-09,2.454567420094951461e-09,-1.090225891630635577e-09,-1.077793350576317671e-08,-2.863370161467830443e-08,-5.085631048116788038e-08,-6.742212750219738124e-08,-7.301175713720874710e-08,-7.684340810395245558e-08,-9.281921470927812707e-08,-1.214034075213629794e-07,-1.489945423317791242e-07,-1.648449532033926016e-07,-1.702275192787799400e-07,-1.720443000573819078e-07,-1.751754463489786680e-07,-1.808331644549583380e-07,-1.881739745842037189e-07,-1.959575167558369114e-07,-2.032823898429690569e-07,-2.097173764492629254e-07,-2.151399484039845319e-07,-2.196096664639618983e-07,-2.232647615491470646e-07,-2.262079906141951572e-07
-1.114150743374472183e-07,-1.066369030921422651e-07,-1.017559471869199430e-07,-9.690495237842225710e-08,-9.225685488419097568e-08,-8.801384291670270992e-08,-8.437341388246154271e-08,-8.150069244673879917e-08,-7.945601834654932208e-08,-7.812248913320484139e-08,-7.713783700002227755e-08,-7.584435479921194305e-08,-7.334468493625761568e-08,-6.868109452682889847e-08,-6.116939328454733109e-08,-5.078656238960829165e-08,-3.841696399874490986e-08,-2.570698483885412420e-08,-1.449788159762470504e-08,-6.114493520788451201e-09,-9.187813839208762744e-10,1.626337228968272363e-09,2.526979811378336096e-09,2.761487382651390614e-09,2.944116930817147467e-09,3.122096325519629763e-09,2.488028760868518134e-09,-1.055830285808698906e-09,-1.074327249434972593e-08,-2.860208483866759752e-08,-5.082769847556430560e-08,-6.739584277215507528e-08,-7.298764299667260992e-08,-7.682228188884869890e-08,-9.280053117281592785e-08,-1.213870301321216847e-07,-1.489857424142282266e-07,-1.648299481889852772e-07,-1.702152245196207899e-07,-1.720333362653929360e-07,-1.751656120366851462e-07,-1.808244174808586543e-07,-1.881652586893684850e-07,-1.959498606919375347e-07,-2.032740459461307749e-07,-2.097098763837590665e-07,-2.151356873509360247e-07,-2.196042264076214089e-07,-2.232503715551911199e-07,-2.262028396083827666e-07
-1.114155461018807696e-07,-1.066379471634760334e-07,-1.017541401980956524e-07,-9.690349501476447235e-08,-9.225622059660333491e-08,-8.801191502861335887e-08,-8.437255433485535853e-08,-8.149957986639007541e-08,-7.945311960683582908e-08,-7.812087968764391175e-08,-7.713493499264306685e-08,-7.584338741236298254e-08,-7.334157017989288162e-08,-6.867721245464063464e-08,-6.116391601510004708e-08,-5.077998643962222701e-08,-3.840866923164330840e-08,-2.569895380958798203e-08,-1.448709284470123479e-08,-6.101640939447729228e-09,-9.038491546515172822e-10,1.643173382604734658e-09,2.546877604718019692e-09,2.783911191902614962e-09,2.968379426457716677e-09,3.148189052577640962e-09,2.514788845057570822e-09,-1.029061685158770206e-09,-1.071827990631831354e-08,-2.857583672986187174e-08,-5.080277877881890618e-08,-6.737436143323315013e-08,-7.296810584071680028e-08,-7.680411171248831125e-08,-9.278593546448421172e-08,-1.213722121426006284e-07,-1.489689070538053283e-07,-1.648209774917945686e-07,-1.702056494078212240e-07,-1.720249386745090585e-07,-1.751576501511878770e-07,-1.808159435574728029e-07,-1.881579144160489142e-07,-1.959431620549458643e-07,-2.032714550949454884e-07,-2.097018175647638815e-07,-2.151283177629250150e-07,-2.196000840338318406e-07,-2.232504452661899672e-07,-2.261963183597869172e-07
-1.114160223830474069e-07,-1.066368687056540575e-07,-1.017545332166587198e-07,-9.690356721694713053e-08,-9.225572736675452411e-08,-8.801149428218576901e-08,-8.437231645218320941e-08,-8.149769807518281243e-08,-7.945125476483629709e-08,-7.811922770317075638e-08,-7.713453886173710882e-08,-7.583938100684145934e-08,-7.333928049833195808e-08,-6.867330404379565312e-08,-6.116098766932610331e-08,-5.077523536448899930e-08,-3.840228846718421284e-08,-2.569191663573786779e-08,-1.447992578776739085e-08,-6.090946957227310486e-09,-8.914254365702995376e-10,1.656972441757711890e-09,2.562327825170247740e-09,2.802018045376166262e-09,2.987316050796954566e-09,3.169008142156906933e-09,2.536303884387270777e-09,-1.007063057223458691e-09,-1.069583312993149409e-08,-2.855536929043806032e-08,-5.078370711408321076e-08,-6.735652803504780864e-08,-7.295274608625373223e-08,-7.679102780672108216e-08,-9.277266804561558926e-08,-1.213627059555421971e-07,-1.489605342917539970e-07,-1.648123648075140467e-07,-1.701992824544161741e-07,-1.720190636072364279e-07,-1.751524396340346376e-07,-1.808107796900495081e-07,-1.881532970199857650e-07,-1.959381246000337893e-07,-2.032644876794669663e-07,-2.096983840267994006e-07,-2.151234873112775735e-07,-2.195921919261677712e-07,-2.232408837606192079e-07,-2.261913837926534882e-07
-1.114165754297289751e-07,-1.066381679307519785e-07,-1.017547103003460847e-07,-9.690318636494617420e-08,-9.225518584375042722e-08,-8.801109443803644801e-08,-8.437161884834005149e-08,-8.149710319472495502e-08,-7.945170933330344685e-08,-7.811793108777311380e-08,-7.713130319301634071e-08,-7.583955882995376621e-08,-7.333684694870255086e-08,-6.867224402280098158e-08,-6.115723835114003555e-08,-5.077257382636572745e-08,-3.839982079705517964e-08,-2.568767775463017704e-08,-1.447331826447399610e-08,-6.084384027146606972e-09,-8.836735517387570198e-10,1.667367704619820982e-09,2.574085586996826230e-09,2.814781609020365047e-09,3.002613289989189793e-09,3.185454114746194337e-09,2.552269640953944352e-09,-9.905476805037371335e-10,-1.067993507579709845e-08,-2.853942918260923849e-08,-5.077023569322434658e-08,-6.734340630348403020e-08,-7.294067152124233295e-08,-7.678079433011278564e-08,-9.276326804924767441e-08,-1.213546153600256071e-07,-1.489552335928982320e-07,-1.648062139145411343e-07,-1.701934154127637252e-07,-1.720136501189556083e-07,-1.751479339169894211e-07,-1.808069968138076277e-07,-1.881495633030447017e-07,-1.959332629508043391e-07,-2.032625285695401033e-07,-2.096930696514396287e-07,-2.151212547314792892e-07,-2.195946500283091410e-07,-2.232426728295431303e-07,-2.261884227381395387e-07
-1.114157837168648053e-07,-1.066388014267533296e-07,-1.017547902206923494e-07,-9.690298152965925897e-08,-9.225619861073549690e-08,-8.801165140738165948e-08,-8.437062106884343315e-08,-8.149754719401941223e-08,-7.945039039929379167e-08,-7.811726567705323983e-08,-7.713061744293321297e-08,-7.583580873569397021e-08,-7.333608595203822511e-08,-6.867071065668864318e-08,-6.115532045893351861e-08,-5.076970060632896187e-08,-3.839810438748795123e-08,-2.568270590851665785e-08,-1.446838636029570945e-08,-6.077903421370910630e-09,-8.766002761925710395e-10,1.674678203480908879e-09,2.582798720740855113e-09,2.824400893256956993e-09,3.013241438595810072e-09,3.196389990862750329e-09,2.564587643818809128e-09,-9.784244384596198660e-10,-1.066856062995705561e-08,-2.852919085834041151e-08,-5.075866898822657469e-08,-6.733385131450915810e-08,-7.293204392509791706e-08,-7.677267622530607676e-08,-9.275759569663831914e-08,-1.213489032145229018e-07,-1.489528268814068425e-07,-1.648017300467452293e-07,-1.701903743511583374e-07,-1.720100954087026253e-07,-1.751437560474046338e-07,-1.808033377038940003e-07,-1.881464702716591433e-07,-1.959312060590369412e-07,-2.032573884087393580e-07,-2.096933998464180429e-07,-2.151190721021997713e-07,-2.195900402189430705e-07,-2.232454148250920985e-07,-2.261874714929256359e-07
-1.114163898606373600e-07,-1.066376984427125246e-07,-1.017551091635596785e-07,-9.690313296179419207e-08,-9.225577106064731303e-08,-8.801104572047063179e-08,-8.436997869420661089e-08,-8.149686932746944208e-08,-7.945048960975928593e-08,-7.811820754964081263e-08,-7.713124473185904776e-08,-7.583798054791174627e-08,-7.333742658307704654e-08,-6.866941302051878449e-08,-6.115439885959854275e-08,-5.076806003298071770e-08,-3.839357545392492970e-08,-2.567868719354029917e-08,-1.446578860065859698e-08,-6.074627878606442006e-09,-8.723677731303783293e-10,1.679477974211334210e-09,2.588522695516285794e-09,2.830831624053744604e-09,3.020539384623014550e-09,3.203962293717125335e-09,2.572631271897587593e-09,-9.706330324673170623e-10,-1.066010601235603674e-08,-2.852191267902887625e-08,-5.075167814677555658e-08,-6.732699079640545191e-08,-7.292577664902692105e-08,-7.676797082775910955e-08,-9.275324375457865735e-08,-1.213443366223364996e-07,-1.489428780985165424e-07,-1.647994461910857579e-07,-1.701877208026268795e-07,-1.720079416849919033e-07,-1.751424011010113190e-07,-1.808018375021224523e-07,-1.881452809116861299e-07,-1.959301101805866933e-07,-2.032552877352428472e-07,-2.096920161984936225e-07,-2.151180047675162162e-07,-2.195884474225800531e-07,-2.232389780315479052e-07,-2.261840317732600194e-07
-1.114149653559920270e-07,-1.066381954052143260e-07,-1.017540617832797903e-07,-9.690281115759347774e-08,-9.225590126813566511e-08,-8.800812151803190904e-08,-8.437062135101660413e-08,-8.149689797396695095e-08,-7.945015164248585121e-08,-7.811682513734369026e-08,-7.713012634141912565e-08,-7.583576808109850490e-08,-7.333578454301347275e-08,-6.866811826410451007e-08,-6.115302019768834275e-08,-5.076676399559135708e-08,-3.839376974695183757e-08,-2.567884294173526122e-08,-1.446371074751278962e-08,-6.072780461093617322e-09,-8.693579725237731703e-10,1.683122444457817135e-09,2.592347272290062849e-09,2.834691303267207765e-09,3.024409531717467741e-09,3.209047739759806252e-09,2.577410110361421647e-09,-9.654084974624961020e-10,-1.065491148700523084e-08,-2.851657129501027169e-08,-5.074815385834392546e-08,-6.732454700803961342e-08,-7.292233164908679271e-08,-7.676437354378599506e-08,-9.275118975035251918e-08,-1.213429192066782633e-07,-1.489424792122800902e-07,-1.647974729274281876e-07,-1.701856934866059335e-07,-1.720065393361948759e-07,-1.751401162875364405e-07,-1.808006566171642742e-07,-1.881440891172952952e-07,-1.959274297230578161e-07,-2.032571039131694729e-07,-2.096902099160326589e-07,-2.151163298885662096e-07,-2.195865946667026528e-07,-2.232392078700622787e-07,-2.261833999793529925e-07
-1.114160993937723674e-07,-1.066385681284956930e-07,-1.017549682009790179e-07,-9.690232677161815738e-08,-9.225478751083970363e-08,-8.801022341492141216e-08,-8.437133714221487289e-08,-8.149824907453395900e-08,-7.944960205125291700e-08,-7.811704225735499060e-08,-7.712955604395482319e-08,-7.583499572401800707e-08,-7.333439343207608199e-08,-6.866768441501895477e-08,-6.115345439232968421e-08,-5.076730794346576481e-08,-3.839359718452874820e-08,-2.567871930690498550e-08,-1.446279374229241192e-08,-6.071317932524265883e-09,-8.689302661036170927e-10,1.683275989469459720e-09,2.593285052583923967e-09,2.835752434615318875e-09,3.025739570728325792e-09,3.210173743284535692e-09,2.578698661669820429e-09,-9.645843211471874312e-10,-1.065377008324454694e-08,-2.851519288018650426e-08,-5.074633644933956126e-08,-6.732292575972208077e-08,-7.292126081261906910e-08,-7.676341139532718327e-08,-9.275069735813073857e-08,-1.213410606904227033e-07,-1.489412993938055318e-07,-1.647973430953018905e-07,-1.701849831367870358e-07,-1.720063671951589252e-07,-1.751405867971353747e-07,-1.808012312105924776e-07,-1.881444364256232171e-07,-1.959282689750868310e-07,-2.032588781038060463e-07,-2.096872147486264054e-07,-2.151146695642534541e-07,-2.195864277220054105e-07,-2.232352075386437194e-07,-2.261860270522045761e-07
-1.114152635954554632e-07,-1.066376707581676493e-07,-1.017553269566350054e-07,-9.690308406814232281e-08,-9.225534841507127026e-08,-8.801087953420111854e-08,-8.437067151240759777e-08,-8.149719226129255163e-08,-7.945040432262683899e-08,-7.811673279020933624e-08,-7.713083577330591701e-08,-7.583656597080888223e-08,-7.333435028480634411e-08,-6.866792799116371928e-08,-6.115372338488812560e-08,-5.076799432367628964e-08,-3.839196399514575911e-08,-2.568062026986949276e-08,-1.446322729653990171e-08,-6.072971094645530759e-09,-8.702171644029952200e-10,1.682353930609980166e-09,2.591729321245996605e-09,2.834984996907777607e-09,3.024105582534696020e-09,3.208478764174919028e-09,2.576469588870428553e-09,-9.664931320995301068e-10,-1.065594913688451779e-08,-2.851638954694120155e-08,-5.074903866632387992e-08,-6.732401864773452570e-08,-7.292333512340430436e-08,-7.676607874385665046e-08,-9.274925285535190250e-08,-1.213428966946468198e-07,-1.489441082106958009e-07,-1.647990668766534976e-07,-1.701858858243474387e-07,-1.720067173844360067e-07,-1.751409340610008167e-07,-1.808016270091395684e-07,-1.881439469129325173e-07,-1.959267991126114589e-07,-2.032575626723060962e-07,-2.096901310535345923e-07,-2.151168294998740536e-07,-2.195913472933718057e-07,-2.232411291984885642e-07,-2.261848782982864550e-07
-1.114150255038954734e-07,-1.066375418703787446e-07,-1.017552872195767041e-07,-9.690190258297129113e-08,-9.225465690272524187e-08,-8.801095109342610687e-08,-8.437116800231136319e-08,-8.149649851181266762e-08,-7.945025207905935636e-08,-7.811584687349403819e-08,-7.713013546111727513e-08,-7.583513562781669499e-08,-7.333674278488504869e-08,-6.866912949348035854e-08,-6.115379643305016763e-08,-5.076865816144693451e-08,-3.839601716488319260e-08,-2.568085692953266647e-08,-1.446592944119525809e-08,-6.075180252515099088e-09,-8.725395099207376479e-10,1.679305849680903690e-09,2.588276273862208654e-09,2.830508491449316463e-09,3.019240099474482271e-09,3.203549263907375164e-09,2.572522623956206152e-09,-9.717497942775734331e-10,-1.066035026228608797e-08,-2.852232737643401548e-08,-5.075269087653305177e-08,-6.732816383899457956e-08,-7.292669406221449408e-08,-7.676870694643135999e-08,-9.275255614877044574e-08,-1.213458213644958723e-07,-1.489490202434383930e-07,-1.647996929368227156e-07,-1.701874134997386688e-07,-1.720075647455039989e-07,-1.751421019283006664e-07,-1.808013793857673689e-07,-1.881448137575624236e-07,-1.959292180517245471e-07,-2.032588006260193365e-07,-2.096909047456532585e-07,-2.151174902886942499e-07,-2.195872453185500678e-07,-2.232385352448433292e-07,-2.261865616771311956e-07
-1.114160076730085017e-07,-1.066366806935577450e-07,-1.017543432739430805e-07,-9.690237994184118768e-08,-9.225540546270016612e-08,-8.801078270057297971e-08,-8.437108349360556968e-08,-8.149670638919095052e-08,-7.945002939449314053e-08,-7.811843661140502267e-08,-7.713101068804306392e-08,-7.583643021961400717e-08,-7.333792755757977083e-08,-6.866947205347559465e-08,-6.115478341797713060e-08,-5.076863492008609655e-08,-3.839602405729594515e-08,-2.568341103725018406e-08,-1.446939219653368609e-08,-6.078365475939333250e-09,-8.773116877985648070e-10,1.674571156314241736e-09,2.582203702906872294e-09,2.823376540974540479e-09,3.012516494062487612e-09,3.196076864811997132e-09,2.562977480401986738e-09,-9.802648690247694284e-10,-1.066833412686838861e-08,-2.852931290940738520e-08,-5.075956176762476147e-08,-6.733472531703274124e-08,-7.293243481698477794e-08,-7.677360901209356010e-08,-9.275790127516381523e-08,-1.213493887738443390e-07,-1.489535085823488231e-07,-1.648025527184289271e-07,-1.701897134721419701e-07,-1.720101131378415123e-07,-1.751445209168059398e-07,-1.808051374016175525e-07,-1.881466824065428152e-07,-1.959298554913898705e-07,-2.032599928139684660e-07,-2.096939567671263711e-07,-2.151181788451298940e-07,-2.195884332930550857e-07,-2.232459310003088499e-07,-2.261860086199118229e-07
-1.114149320241994404e-07,-1.066367666188169550e-07,-1.017540611154040920e-07,-9.690224330895388890e-08,-9.225510171542227519e-08,-8.801143474129440237e-08,-8.437093143170623279e-08,-8.149934167313018806e-08,-7.945052194739044056e-08,-7.811818096946370115e-08,-7.713139304324318972e-08,-7.583717031225603645e-08,-7.333631943083745365e-08,-6.867134841747919175e-08,-6.115707311764865088e-08,-5.077138312811141532e-08,-3.839809472808725473e-08,-2.568712457856934547e-08,-1.447345335792523206e-08,-6.083625493004394411e-09,-8.840211900148859841e-10,1.666799487807476388e-09,2.573852306787354486e-09,2.813992303191989924e-09,3.001983628057439793e-09,3.184374032966611094e-09,2.551722915339317565e-09,-9.917566478302465885e-10,-1.068069955210976468e-08,-2.854153143099024018e-08,-5.077261979932089332e-08,-6.734557894680174615e-08,-7.294062073880541919e-08,-7.678081518007079550e-08,-9.276500639286156290e-08,-1.213544663154887889e-07,-1.489568073493604229e-07,-1.648070571233448547e-07,-1.701934453468052461e-07,-1.720133751244804684e-07,-1.751472442539391657e-07,-1.808061880289053483e-07,-1.881509276362743963e-07,-1.959332208561258879e-07,-2.032604247171914366e-07,-2.096965449160019318e-07,-2.151230235865793065e-07,-2.195920435155990092e-07,-2.232410874260487365e-07,-2.261897128786215620e-07
-1.114152653379494871e-07,-1.066371151979266628e-07,-1.017546634550530674e-07,-9.690269948580454777e-08,-9.225554677614500797e-08,-8.801156839964253452e-08,-8.437102535355063197e-08,-8.149697156636221997e-08,-7.945088650645564813e-08,-7.811953026306220497e-08,-7.713232826592820807e-08,-7.584024848059573014e-08,-7.333899073473748405e-08,-6.867402039708750030e-08,-6.115881314158368319e-08,-5.077581644421432432e-08,-3.840357271102400022e-08,-2.569150568815400828e-08,-1.447911311924425915e-08,-6.091445165142861495e-09,-8.923003015795841002e-10,1.657615844860642100e-09,2.562596892502302233e-09,2.801385967693668270e-09,2.988283307353170110e-09,3.169557166044963256e-09,2.536362870441513734e-09,-1.007344441564253222e-09,-1.069572427944369994e-08,-2.855592333856490528e-08,-5.078401425849791635e-08,-6.735675662161819729e-08,-7.295264603405481852e-08,-7.679055438154305226e-08,-9.277255712070709260e-08,-1.213629091152782331e-07,-1.489586105686275298e-07,-1.648125484528431991e-07,-1.701986880772686292e-07,-1.720187917146369955e-07,-1.751526702016779897e-07,-1.808116372654939257e-07,-1.881528612720234426e-07,-1.959367464774220156e-07,-2.032667063732262302e-07,-2.096970367489414761e-07,-2.151239777582116799e-07,-2.195978555482969557e-07,-2.232509262671454976e-07,-2.261912929927363957e-07
-1.114155040727791725e-07,-1.066370897946178429e-07,-1.017540671197484795e-07,-9.690333858465558421e-08,-9.225467820675760360e-08,-8.801162745480385017e-08,-8.437257785676620089e-08,-8.149898322293136764e-08,-7.945311426757182522e-08,-7.811902438225409140e-08,-7.713433345898231022e-08,-7.584215126585438338e-08,-7.334075295296960610e-08,-6.867657146345118431e-08,-6.116391301636521225e-08,-5.077943360291882279e-08,-3.841006477064028822e-08,-2.569894097785204231e-08,-1.448717022587501915e-08,-6.100740539902264158e-09,-9.025973907861811169e-10,1.645534083698193598e-09,2.548304553735165263e-09,2.785740734141176839e-09,2.970580892725584031e-09,3.151930075737013702e-09,2.517552175162362865e-09,-1.026723954529943332e-09,-1.071493207384981670e-08,-2.857383876054828891e-08,-5.080182023554537316e-08,-6.737165322929496998e-08,-7.296529917922464553e-08,-7.680269826104505173e-08,-9.278387508509859647e-08,-1.213715641267702495e-07,-1.489733716738639325e-07,-1.648200657996805898e-07,-1.702052775637439494e-07,-1.720246675198878225e-07,-1.751568074416429516e-07,-1.808153707906183960e-07,-1.881565067959204811e-07,-1.959414569607172961e-07,-2.032699721117883882e-07,-2.097027439802398393e-07,-2.151250707018413934e-07,-2.196012655650622343e-07,-2.232536460498930280e-07,-2.261948351982667012e-07
-1.114151546150899929e-07,-1.066371741026890730e-07,-1.017536208721099371e-07,-9.690255085968207379e-08,-9.225659704171688627e-08,-8.801172359618618664e-08,-8.437244488847791730e-08,-8.149931599612963074e-08,-7.945472524517636081e-08,-7.812015852219036397e-08,-7.713724418813280326e-08,-7.584369534496361031e-08,-7.334537367679129162e-08,-6.868061048764162515e-08,-6.116769319866327316e-08,-5.078632534571405888e-08,-3.841388226904123986e-08,-2.570439391764239389e-08,-1.449539345248739392e-08,-6.111208544509027428e-09,-9.154443872727451003e-10,1.630407217496631741e-09,2.532502288925857748e-09,2.767539093031081365e-09,2.950166096479779002e-09,3.130168081302863526e-09,2.494901316751495703e-09,-1.049414973309079183e-09,-1.073898104790570855e-08,-2.859524769029263864e-08,-5.082096896355987727e-08,-6.739023640155652811e-08,-7.298180069530937536e-08,-7.681749684469175301e-08,-9.279796288016414071e-08,-1.213836507270483458e-07,-1.489825899176832733e-07,-1.648288366323322376e-07,-1.702129632004913636e-07,-1.720313727162687816e-07,-1.751636386752615508e-07,-1.808210279925372665e-07,-1.881639562635488645e-07,-1.959472862250263258e-07,-2.032740087973604208e-07,-2.097078509172281816e-07,-2.151325210260548734e-07,-2.196056549259961678e-07,-2.232554170807598537e-07,-2.261994985853741791e-07
-1.114145136436542377e-07,-1.066382820395377334e-07,-1.017556695037880838e-07,-9.690385935477201757e-08,-9.225831662073615701e-08,-8.801378035062722969e-08,-8.437338275186735952e-08,-8.150120923186374187e-08,-7.945557050327463994e-08,-7.812282289224172310e-08,-7.713861829443302402e-08,-7.584558386478019243e-08,-7.334668302112049172e-08,-6.868390223973062308e-08,-6.117337841218257322e-08,-5.079167430916122004e-08,-3.842434592183910664e-08,-2.571612958180741816e-08,-1.450649939374758630e-08,-6.122803831587535260e-09,-9.295408040205560601e-10,1.614194575050619727e-09,2.513967605713557157e-09,2.746660170047184282e-09,2.928416284681317503e-09,3.105393944864184659e-09,2.469655943737059772e-09,-1.074973026338747767e-09,-1.076198136913246972e-08,-2.862047622985171790e-08,-5.084461824264561120e-08,-6.741077297244900040e-08,-7.300088901774285278e-08,-7.683428988495621485e-08,-9.281127974651486182e-08,-1.213972663155050528e-07,-1.489939130292309674e-07,-1.648382936295386174e-07,-1.702225190152130067e-07,-1.720389036561725105e-07,-1.751711901515327137e-07,-1.808286068635579886e-07,-1.881708574608720646e-07,-1.959539251204202404e-07,-2.032820946458322121e-07,-2.097114952722124473e-07,-2.151360193888854432e-07,-2.196061848140496633e-07,-2.232617605445744297e-07,-2.262059703864734773e-07
-1.114173245915119013e-07,-1.066390939737791717e-07,-1.017470081995878362e-07,-9.690508972215636060e-08,-9.225848142407574282e-08,-8.801482905793947499e-08,-8.437495513073406447e-08,-8.150194646440022629e-08,-7.945809467785005992e-08,-7.812536489493177699e-08,-7.714204417201189501e-08,-7.585108094208127481e-08,-7.335184933879711388e-08,-6.868906083695859525e-08,-6.117895805232424398e-08,-5.079934148942974860e-08,-3.843114000612168590e-08,-2.572510531740892842e-08,-1.451797600027672698e-08,-6.136863766432694154e-09,-9.448154084537300591e-10,1.596259769862843152e-09,2.493630482714690416e-09,2.724358282135186094e-09,2.903622182023259936e-09,3.079615132635804176e-09,2.441950911119023116e-09,-1.103237605918742464e-09,-1.079159006840194874e-08,-2.864635814348749593e-08,-5.086792207872860645e-08,-6.743435050282037595e-08,-7.302019275780861058e-08,-7.685166814701371733e-08,-9.282635456105115934e-08,-1.214100923462460943e-07,-1.490047392196495227e-07,-1.648504577740973627e-07,-1.702313897081709671e-07,-1.720478952410806607e-07,-1.751784369253220076e-07,-1.808356818719976814e-07,-1.881761420081227442e-07,-1.959604110131360230e-07,-2.032847449114084650e-07,-2.097206342909797442e-07,-2.151443527968249539e-07,-2.196132225781125138e-07,-2.232721246445834592e-07,-2.262097103701475668e-07
-1.114173223901824063e-07,-1.066395757167900519e-07,-1.017568329253753441e-07,-9.690618023246977937e-08,-9.225976005480811045e-08,-8.801598978598927982e-08,-8.437739494004014434e-08,-8.150651131530488077e-08,-7.946068542557808048e-08,-7.812768837040502266e-08,-7.714458667662478169e-08,-7.585301599138264693e-08,-7.335569064476992231e-08,-6.869382035651942502e-08,-6.118565090968877213e-08,-5.080584519136753196e-08,-3.844006383754714671e-08,-2.573484004752740292e-08,-1.452929910962924589e-08,-6.150472121716166603e-09,-9.616826419179523632e-10,1.577144889634012968e-09,2.471724755419438480e-09,2.700280723901374620e-09,2.877723902570585626e-09,3.051178453723628517e-09,2.413185022888352739e-09,-1.132096262638563813e-09,-1.081964864617663053e-08,-2.867370688844412810e-08,-5.089501015933919591e-08,-6.745736155409190209e-08,-7.304098035536349358e-08,-7.687085139002331131e-08,-9.284320106571409404e-08,-1.214255640893303692e-07,-1.490193812655406450e-07,-1.648595338212579020e-07,-1.702427007624486555e-07,-1.720574875632403384e-07,-1.751876250819232628e-07,-1.808445775350414669e-07,-1.881855876958325625e-07,-1.959665024535849692e-07,-2.032938574980318194e-07,-2.097288566079056121e-07,-2.151501023777865316e-07,-2.196193837795924643e-07,-2.232699543863811252e-07,-2.262151469432040800e-07
-1.114182332438642898e-07,-1.066403586982774270e-07,-1.017572399524906628e-07,-9.690832897770881816e-08,-9.226081939629353612e-08,-8.801704774038793739e-08,-8.437885911510864957e-08,-8.150654687381529268e-08,-7.946323828047430546e-08,-7.813084257518677141e-08,-7.714832607481290299e-08,-7.585732160913884909e-08,-7.336005460684292506e-08,-6.869991536438058630e-08,-6.119098695955708940e-08,-5.081391358491548788e-08,-3.844749249062786492e-08,-2.574535531767578661e-08,-1.454193414725793942e-08,-6.165439701903841864e-09,-9.778413564804950403e-10,1.558253500930791757e-09,2.450577559058935557e-09,2.676858007944601166e-09,2.851600983398920477e-09,3.023824809743161795e-09,2.384173703389373376e-09,-1.161498265492681176e-09,-1.084859018168527011e-08,-2.870048003392974407e-08,-5.092030321055725261e-08,-6.748037130715007012e-08,-7.306277095652755629e-08,-7.689002019076460666e-08,-9.286090568257467101e-08,-1.214396794002029318e-07,-1.490296508554693484e-07,-1.648730953449727468e-07,-1.702525774668240342e-07,-1.720668592383686698e-07,-1.751959241418720281e-07,-1.808520747966285188e-07,-1.881918680437912522e-07,-1.959731232754821137e-07,-2.033004123793223837e-07,-2.097322272638968382e-07,-2.151574614714923969e-07,-2.196281821200261417e-07,-2.232811700801156392e-07,-2.262238583031789949e-07
-1.114180600552169047e-07,-1.066430477284630345e-07,-1.017585419833187162e-07,-9.690827192931562065e-08,-9.226049877253899379e-08,-8.801903323494607095e-08,-8.438196184338616432e-08,-8.151214608411186305e-08,-7.946480712497389319e-08,-7.813470053614060955e-08,-7.715060343363122786e-08,-7.586025707723098004e-08,-7.336432546927509469e-08,-6.870457454261665996e-08,-6.119707806621379009e-08,-5.082091480078459891e-08,-3.845590592113061180e-08,-2.575504378232572986e-08,-1.455432222432916783e-08,-6.178660553794290304e-09,-9.934195346318971464e-10,1.540058573911576224e-09,2.429849574599290663e-09,2.652682287895312603e-09,2.826064293782243173e-09,2.997043417892053208e-09,2.356719328658941516e-09,-1.190090553460622736e-09,-1.087672104650270681e-08,-2.872792617852644145e-08,-5.094543492207114271e-08,-6.750362217231656992e-08,-7.308299783856069448e-08,-7.690802716700997080e-08,-9.287669105065506755e-08,-1.214552519739798482e-07,-1.490412595530958957e-07,-1.648840903421048199e-07,-1.702628295542437626e-07,-1.720759746800048496e-07,-1.752054501885884222e-07,-1.808601124626093492e-07,-1.881999084135767421e-07,-1.959813116816416675e-07,-2.033074352887319307e-07,-2.097416674838263141e-07,-2.151638682448865998e-07,-2.196354047806772108e-07,-2.232811493197384045e-07,-2.262290846973826277e-07
-1.114194128607077373e-07,-1.066410862140774687e-07,-1.017610399567063659e-07,-9.690983192073624328e-08,-9.226394667488041018e-08,-8.802083865025631369e-08,-8.438254412939069717e-08,-8.151169884496282382e-08,-7.946724417480158499e-08,-7.813682807323026480e-08,-7.715470831143414045e-08,-7.586503027320539595e-08,-7.336898715316738551e-08,-6.870955681473623139e-08,-6.120260417367824444e-08,-5.082654029438409859e-08,-3.846374823064326511e-08,-2.576329369959152147e-08,-1.456507919957014781e-08,-6.191820983060143560e-09,-1.008947609845091424e-09,1.522945397663519565e-09,2.410150701460493056e-09,2.632098018622539459e-09,2.802787768295617704e-09,2.971535331515966813e-09,2.331267090227573949e-09,-1.213388765005344480e-09,-1.090091631311122556e-08,-2.875335056297420998e-08,-5.096333416383026557e-08,-6.752437300795302342e-08,-7.310246844453262368e-08,-7.692461672825505789e-08,-9.289250438420166183e-08,-1.214679315385329871e-07,-1.490505448020511461e-07,-1.648937542909259347e-07,-1.702719651422047448e-07,-1.720841299911716032e-07,-1.752130126860074171e-07,-1.808679908290110430e-07,-1.882079957170695541e-07,-1.959873869921824096e-07,-2.033139941089317140e-07,-2.097459072114116260e-07,-2.151706492624381624e-07,-2.196423594043792805e-07,-2.232909468369125977e-07,-2.262365353047801331e-07
-1.114181383734514099e-07,-1.066431317894737195e-07,-1.017600115088348925e-07,-9.691071172399332240e-08,-9.226452111357157600e-08,-8.802141760323729900e-08,-8.438375389756664216e-08,-8.151211803092714506e-08,-7.946920389458049683e-08,-7.813843999210806425e-08,-7.715626966483396584e-08,-7.586695521208254047e-08,-7.337173643956603940e-08,-6.871422014000061619e-08,-6.120792861331050235e-08,-5.083245929503216896e-08,-3.847353588793643127e-08,-2.577148193891866853e-08,-1.457488040287767838e-08,-6.202628718520488832e-09,-1.021478474125987939e-09,1.507889449726604277e-09,2.391933048520885436e-09,2.612360525331996823e-09,2.780898306345452259e-09,2.949487026537073838e-09,2.307769244871499592e-09,-1.237736314475037612e-09,-1.092182493085789886e-08,-2.877284106138902179e-08,-5.098445703942598090e-08,-6.754165013032885463e-08,-7.311776265255738895e-08,-7.693976055873006586e-08,-9.290552689999050527e-08,-1.214793179165729863e-07,-1.490613597191368940e-07,-1.649037001253245092e-07,-1.702815470281855907e-07,-1.720923619516178946e-07,-1.752207759448471297e-07,-1.808756792410401242e-07,-1.882152106230192975e-07,-1.959961028450533283e-07,-2.033204139705113319e-07,-2.097525402843438099e-07,-2.151768977075015989e-07,-2.196465883912885334e-07,-2.232968834093483290e-07,-2.262401466271424197e-07
-1.114203292811404427e-07,-1.066430697316179812e-07,-1.017616131391682484e-07,-9.691059220849836667e-08,-9.226475851967463987e-08,-8.802299960110118254e-08,-8.438512340892902482e-08,-8.151413655397683381e-08,-7.947084043609519016e-08,-7.814151626654944024e-08,-7.715963609931291950e-08,-7.587074628801285104e-08,-7.337602949189185242e-08,-6.871859005363314993e-08,-6.121249130454478033e-08,-5.083868118581892851e-08,-3.848036536629447964e-08,-2.577987368979788288e-08,-1.458408656695204796e-08,-6.212558978109014977e-09,-1.033399763753266201e-09,1.493325046406009143e-09,2.377607536078365899e-09,2.594865519822865117e-09,2.762835239896574958e-09,2.929476333341502055e-09,2.284999300914437882e-09,-1.261396345827314368e-09,-1.094584511476254297e-08,-2.879043503142558549e-08,-5.100385346548709589e-08,-6.756110030755842818e-08,-7.313637705881645078e-08,-7.695284965712770630e-08,-9.291724589275473969e-08,-1.214901813562421319e-07,-1.490720874883676431e-07,-1.649119008202053980e-07,-1.702880265786822531e-07,-1.720991454594425369e-07,-1.752264315251018086e-07,-1.808815814780516644e-07,-1.882208716818893261e-07,-1.959992562168485963e-07,-2.033237281458939548e-07,-2.097572693232679140e-07,-2.151816692313780786e-07,-2.196540269621271267e-07,-2.232975491289815688e-07,-2.262440055349190831e-07
-1.114198563766148911e-07,-1.066448695652977992e-07,-1.017619133747455312e-07,-9.691176180718381350e-08,-9.226617039422155632e-08,-8.802351946994042723e-08,-8.438685698616295971e-08,-8.151525225115778901e-08,-7.947286103660852412e-08,-7.814334988670735748e-08,-7.716177228842870100e-08,-7.587285818214962600e-08,-7.337838489990275892e-08,-6.872148554682945857e-08,-6.121603184917880298e-08,-5.084235999581360106e-08,-3.848414555019999071e-08,-2.578702344066206685e-08,-1.459156068188532178e-08,-6.221900198621976503e-09,-1.044861810183072488e-09,1.481673722004410763e-09,2.363842401900034609e-09,2.579709075702745447e-09,2.746134015166630267e-09,2.911502991228642805e-09,2.268109305590490370e-09,-1.280340424626745995e-09,-1.096344504355647881e-08,-2.881059803448116936e-08,-5.102310294355947108e-08,-6.757479125190690118e-08,-7.314759398069575903e-08,-7.696582483569755457e-08,-9.292759537304732239e-08,-1.214975159906387358e-07,-1.490787915981296594e-07,-1.649190998971572446e-07,-1.702944497188429714e-07,-1.721043134676404987e-07,-1.752305821106633011e-07,-1.808851236976211174e-07,-1.882250338277639207e-07,-1.960068692480742094e-07,-2.033305625004284503e-07,-2.097611819322575539e-07,-2.151866900263327392e-07,-2.196560383209379222e-07,-2.233074472547042458e-07,-2.262505390125734637e-07
-1.114212885619013298e-07,-1.066444136093043903e-07,-1.017633386999140756e-07,-9.691263002258635539e-08,-9.226793761525654177e-08,-8.802556555096866807e-08,-8.438756042970263949e-08,-8.151742110745312384e-08,-7.947495874971775063e-08,-7.814574513874486219e-08,-7.716396323651747317e-08,-7.587607795243601860e-08,-7.338131734561939195e-08,-6.872468111133086981e-08,-6.121980931593019697e-08,-5.084763995224891877e-08,-3.848923192864371701e-08,-2.579274025675700896e-08,-1.459822289103929735e-08,-6.230056196354268369e-09,-1.054176470186941541e-09,1.470716209910395387e-09,2.351488138834855413e-09,2.566047856505306488e-09,2.730728690543565501e-09,2.895958500309875437e-09,2.251907558394517932e-09,-1.295559539085898876e-09,-1.098054713539809788e-08,-2.882721718098406110e-08,-5.103752432846778049e-08,-6.758786034260863212e-08,-7.316009659523526994e-08,-7.697682531005973443e-08,-9.293616415033092293e-08,-1.215049583855018020e-07,-1.490852052575819686e-07,-1.649255205094157092e-07,-1.702996235027790294e-07,-1.721099266783281182e-07,-1.752339251270657801e-07,-1.808869877939060378e-07,-1.882255325746208290e-07,-1.960070599287728625e-07,-2.033353820869868393e-07,-2.097662224343801858e-07,-2.151891700393468410e-07,-2.196613687642176978e-07,-2.233199876976488896e-07,-2.262544773801873953e-07
-1.114215817498820986e-07,-1.066457320297565402e-07,-1.017636265555135258e-07,-9.691406305762590832e-08,-9.226917010828172587e-08,-8.802686929490832388e-08,-8.438941104586491252e-08,-8.151887598528105928e-08,-7.947593289860962507e-08,-7.814741315877639962e-08,-7.716639269117673774e-08,-7.587794189929331569e-08,-7.338389463947954395e-08,-6.872732185940720229e-08,-6.122314268282192949e-08,-5.085096858109008519e-08,-3.849363104267919628e-08,-2.579788386933547982e-08,-1.460394143435055839e-08,-6.237886730409858859e-09,-1.061590336106041390e-09,1.462327473789739097e-09,2.341996733300201342e-09,2.554877804514589545e-09,2.719173425378669724e-09,2.883142492875162102e-09,2.238410008957264981e-09,-1.309173599516225123e-09,-1.099457366885067103e-08,-2.884069832521093123e-08,-5.105050232447001770e-08,-6.759914889175810291e-08,-7.316944512996146733e-08,-7.698498095624927396e-08,-9.294316099171617879e-08,-1.215104278308231136e-07,-1.490903892900116687e-07,-1.649301954296189501e-07,-1.703045191221115429e-07,-1.721141428687719825e-07,-1.752379319473493473e-07,-1.808885522505474642e-07,-1.882272813421712630e-07,-1.960076467411903607e-07,-2.033363780604161435e-07,-2.097700265172379098e-07,-2.151931013002001058e-07,-2.196615256353769327e-07,-2.233167763290006680e-07,-2.262549211629505189e-07
-1.114242625065991857e-07,-1.066464285829270337e-07,-1.017650058822148610e-07,-9.691636866899952966e-08,-9.226956292143843004e-08,-8.802791172718024088e-08,-8.439036080157590396e-08,-8.152002064213518546e-08,-7.947815088848854647e-08,-7.814880395311840480e-08,-7.716820784571638311e-08,-7.588012371639020986e-08,-7.338644211847066825e-08,-6.873050516417891339e-08,-6.122636322530328794e-08,-5.085396475710616750e-08,-3.849880976180765673e-08,-2.580296415689283698e-08,-1.460934776095602161e-08,-6.243637963414621184e-09,-1.069087000282787566e-09,1.453986241693321909e-09,2.333372766736329437e-09,2.545847182184237102e-09,2.708665977464110944e-09,2.871749989259722870e-09,2.226593022711252450e-09,-1.320965988241188159e-09,-1.100611893469192604e-08,-2.885259255892260073e-08,-5.106161802423892798e-08,-6.760893205974716128e-08,-7.317852179736652770e-08,-7.699220891549829508e-08,-9.295043316530646449e-08,-1.215177302100301472e-07,-1.490970634537821174e-07,-1.649350116087057232e-07,-1.703098366925237963e-07,-1.721184705315415937e-07,-1.752416628410114628e-07,-1.808927247528188046e-07,-1.882282579981116651e-07,-1.960084578600136286e-07,-2.033369594847180184e-07,-2.097707079986014749e-07,-2.151958181608872826e-07,-2.196684873167874620e-07,-2.233292988254233599e-07,-2.262575628052288135e-07
-1.114270106302014387e-07,-1.066503203467474969e-07,-1.017686852280591858e-07,-9.691750746989559694e-08,-9.227305969531573837e-08,-8.803073432722628816e-08,-8.439237242030505909e-08,-8.152206952278426745e-08,-7.947891326528433515e-08,-7.814986848167034708e-08,-7.716960053987403846e-08,-7.588098611430058979e-08,-7.338899892520884953e-08,-6.873301719148943279e-08,-6.123001338741688948e-08,-5.085965008278321107e-08,-3.850381029063576883e-08,-2.580800815855063250e-08,-1.461583490685102446e-08,-6.249286094570914649e-09,-1.075292769900446383e-09,1.447316603011898897e-09,2.326068096350160494e-09,2.538077585549679180e-09,2.700557716487658156e-09,2.862935281835963461e-09,2.217074607866076408e-09,-1.331450532231992481e-09,-1.101536817010506527e-08,-2.886229271076871000e-08,-5.107222268488892445e-08,-6.761745621728635997e-08,-7.318527579007884382e-08,-7.699915888077276189e-08,-9.295702371328396390e-08,-1.215241198389196472e-07,-1.491014171710131828e-07,-1.649389601911951680e-07,-1.703135474803800951e-07,-1.721226919006659646e-07,-1.752469100640599622e-07,-1.808948171067667071e-07,-1.882313464172835264e-07,-1.960113141882587849e-07,-2.033381470446190433e-07,-2.097738249993419183e-07,-2.151967894335383228e-07,-2.196666271620281660e-07,-2.233245164013049016e-07,-2.262599027695699621e-07
-1.114296141455550171e-07,-1.066519280785235388e-07,-1.017715948844120109e-07,-9.692079531560210277e-08,-9.227401758629158099e-08,-8.803149927587251592e-08,-8.439489998071091927e-08,-8.152305696050905071e-08,-7.948041919131015230e-08,-7.815167317522704477e-08,-7.717063821178855170e-08,-7.588370790166087042e-08,-7.339045101887387158e-08,-6.873632875054831051e-08,-6.123406365316098356e-08,-5.086475959757941342e-08,-3.850892428137903774e-08,-2.581309169852114537e-08,-1.461963529835399075e-08,-6.255302063952584716e-09,-1.080287971322607261e-09,1.442068754733899824e-09,2.320947420572329593e-09,2.531761989949396322e-09,2.693272487343157781e-09,2.856162768669745430e-09,2.208703730201766622e-09,-1.340127678652211357e-09,-1.102644282181411707e-08,-2.887378019027195275e-08,-5.108003085676488045e-08,-6.762475086122203763e-08,-7.319128960398790695e-08,-7.700540497887845961e-08,-9.296384079201953355e-08,-1.215312842835102946e-07,-1.491076167511101164e-07,-1.649438978766821657e-07,-1.703166938524547527e-07,-1.721250926267945646e-07,-1.752483042001414178e-07,-1.808988794181451683e-07,-1.882345160882635684e-07,-1.960111424791749619e-07,-2.033405185699798185e-07,-2.097753615101784493e-07,-2.152013027408118718e-07,-2.196687238854151146e-07,-2.233190307003990428e-07,-2.262622343087206326e-07
-1.114349667168650274e-07,-1.066583317761360224e-07,-1.017763510125802395e-07,-9.692456760579531059e-08,-9.227971159199331239e-08,-8.803632716120744617e-08,-8.439706636169333791e-08,-8.152612329700191979e-08,-7.948299776488709658e-08,-7.815343083377609731e-08,-7.717298349500323878e-08,-7.588532200702603007e-08,-7.339397622875190902e-08,-6.873942884519195597e-08,-6.123895342943830418e-08,-5.086933707256182717e-08,-3.851567980385804260e-08,-2.581996452115793262e-08,-1.462661423151584139e-08,-6.261988963637238598e-09,-1.087681056063549082e-09,1.435229146192217104e-09,2.313349943683462793e-09,2.524808581672954149e-09,2.686868858582296943e-09,2.847720729983168023e-09,2.201088216030331937e-09,-1.349588550391715766e-09,-1.103544269762294237e-08,-2.888375269647226462e-08,-5.108991976457516355e-08,-6.763338343365981942e-08,-7.319784768112758727e-08,-7.701235407272569499e-08,-9.297473203497924895e-08,-1.215413641734705607e-07,-1.491153892991840051e-07,-1.649508408030068558e-07,-1.703220727938485206e-07,-1.721300216160276769e-07,-1.752539039008274615e-07,-1.809047233393528898e-07,-1.882389098176263024e-07,-1.960153750697333198e-07,-2.033419090742693140e-07,-2.097760179026565891e-07,-2.151993434861519598e-07,-2.196728976456644775e-07,-2.233184180229192516e-07,-2.262658573279418883e-07
