9.175392723823476834e-08,8.012181704964574482e-08,6.774794308240648275e-08,5.478888601390033858e-08,4.148142971961769235e-08,2.815202412895075462e-08,1.520764805423078141e-08,3.104863674730617365e-09,-7.705169033762180172e-09,-1.686720928741016911e-08,-2.429734128955835724e-08,-3.018915552271155544e-08,-3.516933087050000310e-08,-4.011533542497167272e-08,-4.590917610496380091e-08,-5.308286771926114420e-08,-6.149022772466332120e-08,-7.022991205241744210e-08,-7.795014102961773964e-08,-8.341609785090757220e-08,-8.609972509110955552e-08,-8.641649382089331134e-08,-8.548373433261146929e-08,-8.459130599873031532e-08,-8.468311814315952250e-08,-8.594761656540139405e-08,-8.742095032880138483e-08,-8.671869830206149153e-08,-8.073759318386128350e-08,-6.829589072598442456e-08,-5.295597142950305951e-08,-4.017919600012446911e-08,-2.703314368716331403e-08,1.724680348164295961e-09,5.669005989501948363e-08,1.268473469559269822e-07,1.892490551046881276e-07,2.288398545905079897e-07,2.456154354951964870e-07,2.483946154290539795e-07,2.461865092407612257e-07,2.440039176061424241e-07,2.433040374872217104e-07,2.438751535416716711e-07,2.451248143757715622e-07,2.465893373858069542e-07,2.480076169740125991e-07,2.492609919388615806e-07,2.503227224791899987e-07,2.511905808626534004e-07
9.176157984986854177e-08,8.012770864074336770e-08,6.775404102053738806e-08,5.479589940789258763e-08,4.149143066670606711e-08,2.816146947665338534e-08,1.520822062314938110e-08,3.114257906643457363e-09,-7.690342406522444528e-09,-1.685649832080624655e-08,-2.427792642035752743e-08,-3.018060049261422750e-08,-3.515292135866332503e-08,-4.009737750688589930e-08,-4.588819097069341279e-08,-5.305926206631907623e-08,-6.146269200406830615e-08,-7.019800379461427555e-08,-7.791111433631527072e-08,-8.337242837978411408e-08,-8.604817708345734647e-08,-8.635758380953589141e-08,-8.541623501191303614e-08,-8.451722084213682453e-08,-8.460268850122019223e-08,-8.586179203150466722e-08,-8.733122167303612472e-08,-8.662851077436070700e-08,-8.064762278040741404e-08,-6.821028364696939743e-08,-5.287584502333373609e-08,-4.010577496442652172e-08,-2.696692008037356357e-08,1.786188450974723302e-09,5.674498181539729251e-08,1.268961786787658130e-07,1.892883536743864872e-07,2.288796731372675658e-07,2.456516847997535800e-07,2.484266165189546024e-07,2.462162601315957561e-07,2.440326599777746062e-07,2.433299205036278142e-07,2.439002979593570589e-07,2.451491637861854117e-07,2.466135554384970332e-07,2.480306713009526891e-07,2.492839870717434026e-07,2.503457374928054192e-07,2.512128318652583269e-07
9.176798754638241170e-08,8.013281888475252398e-08,6.776020398947358220e-08,5.480135847788324080e-08,4.149829734707313729e-08,2.816928005441691923e-08,1.522360074069931237e-08,3.137062428935184656e-09,-7.683840240094312697e-09,-1.685372607432678899e-08,-2.427185075611734983e-08,-3.016044639251136527e-08,-3.514045977188002154e-08,-4.007775888306960556e-08,-4.586561586911452866e-08,-5.303238199858403621e-08,-6.143238865140462160e-08,-7.016284677387336319e-08,-7.787138447709664080e-08,-8.332471781993126036e-08,-8.599437122227710697e-08,-8.629564279134773636e-08,-8.534777417364496208e-08,-8.443997213868208204e-08,-8.451757332379657090e-08,-8.577155902925435780e-08,-8.723795434607169070e-08,-8.653380661445340664e-08,-8.055452814518176888e-08,-6.812176064069717290e-08,-5.279354974951949809e-08,-4.002876814954365969e-08,-2.689809744075004206e-08,1.846017237752498484e-09,5.679825802850046132e-08,1.269461930152817343e-07,1.893323470443527154e-07,2.289196118137683284e-07,2.456882337872735760e-07,2.484604102574006545e-07,2.462483074349583777e-07,2.440625219916467923e-07,2.433583675543658940e-07,2.439273704942383546e-07,2.451748778320619317e-07,2.466391788226997814e-07,2.480546081268205663e-07,2.493076940406231706e-07,2.503693169559179126e-07,2.512362590255339674e-07
9.177144265887653934e-08,8.014120351642643032e-08,6.776702806636623208e-08,5.481052498695610062e-08,4.150596289355815990e-08,2.817861582666155351e-08,1.523514495091300505e-08,3.133232039870201231e-09,-7.665123501770971332e-09,-1.684043870620003613e-08,-2.425211291193821368e-08,-3.014885648718193289e-08,-3.512353028140882941e-08,-4.005752352067371751e-08,-4.584252894039783947e-08,-5.300721018840276597e-08,-6.140057938316065079e-08,-7.012811126860573804e-08,-7.783052636276517130e-08,-8.327704678562771060e-08,-8.593867462772122277e-08,-8.623234243554203596e-08,-8.527486737393008780e-08,-8.436004344771464933e-08,-8.443043260145051538e-08,-8.567889201984460662e-08,-8.714214468390745779e-08,-8.643665592513466660e-08,-8.046019090398618020e-08,-6.802999128127231321e-08,-5.270693954808161579e-08,-3.994959075004233325e-08,-2.682584542464279420e-08,1.908621290376768081e-09,5.685587721248341633e-08,1.269944857690228717e-07,1.893805696381530261e-07,2.289610652661384192e-07,2.457260240863319742e-07,2.484951344653493256e-07,2.462798756707552023e-07,2.440918729449004295e-07,2.433877973979334450e-07,2.439542574422000562e-07,2.452018639347499127e-07,2.466643378681214960e-07,2.480805711631332404e-07,2.493313747099422309e-07,2.503966387013352327e-07,2.512598954075967318e-07
9.177946961236684807e-08,8.014742475629274195e-08,6.777326785212341330e-08,5.481861271761202191e-08,4.151578456808097966e-08,2.818773561082933851e-08,1.524357223769209596e-08,3.143745790428290637e-09,-7.651993658857405421e-09,-1.682826560318253985e-08,-2.424129322352394391e-08,-3.012928315480986808e-08,-3.510107031308667759e-08,-4.003746001343072399e-08,-4.581951881460278330e-08,-5.297921307298352108e-08,-6.137168551721454100e-08,-7.009285922202075145e-08,-7.778894555402206411e-08,-8.322770633274711419e-08,-8.588235262857575919e-08,-8.616741629701871396e-08,-8.520168539532576764e-08,-8.427793780246191983e-08,-8.434108558789371689e-08,-8.558357048444112740e-08,-8.704296321890140337e-08,-8.633713146159918034e-08,-8.036255153359925988e-08,-6.793630319964346301e-08,-5.261864091189656043e-08,-3.986779704593162701e-08,-2.675224097820632964e-08,1.976724435946971029e-09,5.691499855503272150e-08,1.270478115967456597e-07,1.894285296261226324e-07,2.290034436988879649e-07,2.457646909557407499e-07,2.485306185539223652e-07,2.463127615974782441e-07,2.441227152913410521e-07,2.434171343363938128e-07,2.439821438645805945e-07,2.452285727776101676e-07,2.466912751579602232e-07,2.481056400065462703e-07,2.493579991075960524e-07,2.504195754489286617e-07,2.512844287986735925e-07
9.178328765447222668e-08,8.015385327785467978e-08,6.778154275445577717e-08,5.482557832339434223e-08,4.151923496978005635e-08,2.819518278353034172e-08,1.525156605140602969e-08,3.153730250580391797e-09,-7.645040329218363043e-09,-1.681656786018792339e-08,-2.422291114929625977e-08,-3.011845365309397506e-08,-3.508744319815415386e-08,-4.001633223798330900e-08,-4.579536899687644288e-08,-5.295230215410097568e-08,-6.133995298884471531e-08,-7.005541685068291933e-08,-7.774464631203769848e-08,-8.317758714634402912e-08,-8.582368443881952004e-08,-8.610058671721971342e-08,-8.512697010837756342e-08,-8.419421217781613849e-08,-8.424992534113539511e-08,-8.548695619013511587e-08,-8.694243240291564368e-08,-8.623544037814631739e-08,-8.026154902105365190e-08,-6.783969916254806838e-08,-5.252831792060269937e-08,-3.978527929282669628e-08,-2.667806161232891413e-08,2.043579423148722962e-09,5.697328380606581254e-08,1.271027749411148000e-07,1.894776901950704286e-07,2.290471379844587955e-07,2.458044304550056845e-07,2.485668800781292799e-07,2.463474024853263518e-07,2.441537840016877539e-07,2.434464110604465246e-07,2.440114453319512326e-07,2.452561993587315721e-07,2.467174939385231860e-07,2.481328906944230613e-07,2.493824067367452536e-07,2.504437750607484025e-07,2.513092939680596300e-07
9.179137817001675683e-08,8.015806282702016144e-08,6.778833184395973393e-08,5.483092499320418420e-08,4.152875257687996907e-08,2.820379204588859440e-08,1.526137865557931262e-08,3.164865052231862462e-09,-7.639311005899871993e-09,-1.679590137773646225e-08,-2.421536747798604562e-08,-3.009708871970551503e-08,-3.506702146236451712e-08,-3.999568471580967807e-08,-4.577206125861120662e-08,-5.292547818719900548e-08,-6.130646612854801252e-08,-7.001700438149777524e-08,-7.770235916229439311e-08,-8.312742776713649928e-08,-8.576563050276166970e-08,-8.603443401883896635e-08,-8.505114669960331445e-08,-8.410980597715173735e-08,-8.415857232176336053e-08,-8.538869259119989921e-08,-8.684054315859143432e-08,-8.613253358058316395e-08,-8.016162877333479488e-08,-6.774242780775159498e-08,-5.243735402906959701e-08,-3.970189762441435576e-08,-2.660194882306114280e-08,2.110555075721489555e-09,5.703342596874695458e-08,1.271596346787553775e-07,1.895270938446825303e-07,2.290916895069491472e-07,2.458443170035327886e-07,2.486036776566760436e-07,2.463807619763454648e-07,2.441861152893860078e-07,2.434772333987946807e-07,2.440398879767157765e-07,2.452835437790438074e-07,2.467441793133010394e-07,2.481582694297417298e-07,2.494082722229484814e-07,2.504684257387916092e-07,2.513350660047779224e-07
9.179696401038410759e-08,8.016378488910761451e-08,6.779322882082246249e-08,5.484023958657744971e-08,4.153804954043959491e-08,2.821221541499934606e-08,1.527277651506898123e-08,3.184495778340716361e-09,-7.617055716717008367e-09,-1.678972727549606564e-08,-2.420095710623135406e-08,-3.008630635579873768e-08,-3.504972308059276351e-08,-3.997484735606121136e-08,-4.574842040779871384e-08,-5.289772180980614899e-08,-6.127602933265013894e-08,-6.998019349101215567e-08,-7.765914924889008859e-08,-8.307618588114973201e-08,-8.570787350133883479e-08,-8.596727926775838848e-08,-8.497479379831777471e-08,-8.402572620512901234e-08,-8.406539680744637198e-08,-8.529068058772836531e-08,-8.673898931165017544e-08,-8.602991727358281439e-08,-8.005851398163219610e-08,-6.764615744160320401e-08,-5.234730432219591097e-08,-3.961798103138998392e-08,-2.652593158394723354e-08,2.178339069249182572e-09,5.709544224808041051e-08,1.272095674962317142e-07,1.895611072198664897e-07,2.291328712417421705e-07,2.458843230878353450e-07,2.486403860955813739e-07,2.464147393762499501e-07,2.442189713531236669e-07,2.435069558772860063e-07,2.440680706583320868e-07,2.453128641596710350e-07,2.467716022992215552e-07,2.481852079545325770e-07,2.494361596214104540e-07,2.504942965567579141e-07,2.513597177094918709e-07
9.180688319098584754e-08,8.017315309026757173e-08,6.780283895091690241e-08,5.484702769940995414e-08,4.154204704967639864e-08,2.820627823794433700e-08,1.528061680999058810e-08,3.184402939826292641e-09,-7.617780279714861474e-09,-1.677867188849872909e-08,-2.418111709464171181e-08,-3.007124195275297481e-08,-3.503297205152743396e-08,-3.995476950000325619e-08,-4.572383433254012539e-08,-5.286986394264737856e-08,-6.124372486107923544e-08,-6.994436945785462948e-08,-7.761569578323387347e-08,-8.302686594530910412e-08,-8.564937257522166364e-08,-8.590093186112369492e-08,-8.490006016564341247e-08,-8.394172055689328740e-08,-8.397511798857020402e-08,-8.519325766728166995e-08,-8.663796787340644042e-08,-8.592776602040654414e-08,-7.995858643482873287e-08,-6.754957189718052533e-08,-5.225581418268057029e-08,-3.953390210544431625e-08,-2.645029546851498646e-08,2.247748347657237676e-09,5.715626307095477229e-08,1.272649445827498835e-07,1.896167853862085740e-07,2.291778521239486423e-07,2.459231261813894901e-07,2.486763602502317489e-07,2.464482368049688610e-07,2.442492771479316088e-07,2.435348242459827487e-07,2.440980678469221957e-07,2.453399701745885738e-07,2.467982306114765237e-07,2.482118438894768540e-07,2.494619511776645204e-07,2.505199776880267232e-07,2.513843069238355632e-07
9.181126773393662154e-08,8.017662391958809493e-08,6.780736731754289862e-08,5.485156662298766478e-08,4.155357132871693821e-08,2.822592370928002805e-08,1.528747561906257168e-08,3.206732022774863859e-09,-7.603213913182053487e-09,-1.675884758079746111e-08,-2.416858459325089061e-08,-3.005502368311880152e-08,-3.501375794899260303e-08,-3.993529163082376079e-08,-4.570108135925238444e-08,-5.284305252134236223e-08,-6.121253955094079047e-08,-6.990615050356084124e-08,-7.757274214134942346e-08,-8.297667741376258028e-08,-8.559256445559337065e-08,-8.583473744651491322e-08,-8.482517035056449196e-08,-8.385895774202071369e-08,-8.388427386200941249e-08,-8.509717161218748662e-08,-8.653890264362814282e-08,-8.582712122620734210e-08,-7.986101629903589764e-08,-6.745561912871074556e-08,-5.216746195561317887e-08,-3.945276741341402861e-08,-2.637648335063524010e-08,2.312528449678864909e-09,5.721310257100094740e-08,1.273186454753581849e-07,1.896682029867621157e-07,2.292218399946043883e-07,2.459619383271785486e-07,2.487117995990710625e-07,2.464817746127066795e-07,2.442798554176042542e-07,2.435659206046249023e-07,2.441253588195532915e-07,2.453671067987317042e-07,2.468247673707657665e-07,2.482376139598577108e-07,2.494858057417201453e-07,2.505480543660559409e-07,2.514086378140695268e-07
9.181602751516159883e-08,8.018430264022238427e-08,6.781436019451822772e-08,5.485847302862775735e-08,4.155924250607533850e-08,2.823304434223521473e-08,1.529135074157566463e-08,3.204303328208599696e-09,-7.595037213883515003e-09,-1.674854288676921781e-08,-2.416058561014782596e-08,-3.003882094598351222e-08,-3.499853906507409684e-08,-3.991532700265516912e-08,-4.567831808938896444e-08,-5.281689821553687360e-08,-6.118158726889211348e-08,-6.987237731785228618e-08,-7.753216276037857935e-08,-8.292956214735672186e-08,-8.553688946914906465e-08,-8.577218704277807426e-08,-8.475422053072111564e-08,-8.377847189099195752e-08,-8.379717085163324983e-08,-8.500498369911716231e-08,-8.644191509979233644e-08,-8.573010226934309689e-08,-7.976456893945416251e-08,-6.736313255530031610e-08,-5.208074838877504741e-08,-3.937324471819401774e-08,-2.630454002675456654e-08,2.377516933283262709e-09,5.727135401906506138e-08,1.273682995152802169e-07,1.897146679504166386e-07,2.292607539684129353e-07,2.459988498238478154e-07,2.487463288769726715e-07,2.465131343122775308e-07,2.443103048476643437e-07,2.435938806278969663e-07,2.441527197113037416e-07,2.453930641412041507e-07,2.468487713662932096e-07,2.482604943309363742e-07,2.495110966111528210e-07,2.505680499672489617e-07,2.514323246231618566e-07
9.181821115772660709e-08,8.018851982377897435e-08,6.781826332958192928e-08,5.486587984031734006e-08,4.156475822130768386e-08,2.824491575538699843e-08,1.530573745079154375e-08,3.212688928872886993e-09,-7.578245352885764873e-09,-1.674254120838527456e-08,-2.414822989313133479e-08,-3.002243907189241117e-08,-3.497836118067625350e-08,-3.989685916822574734e-08,-4.565665935498462966e-08,-5.279133484598115067e-08,-6.115363953154254951e-08,-6.983919277599806691e-08,-7.749283628871880847e-08,-8.288350630595745670e-08,-8.548373432381456891e-08,-8.571062570106869135e-08,-8.468464647930605379e-08,-8.370232346841881289e-08,-8.371365944169006666e-08,-8.491485115502660889e-08,-8.634860599319676500e-08,-8.563656778255255629e-08,-7.967218574674307806e-08,-6.727399029496589721e-08,-5.199788341846365664e-08,-3.929757818067014578e-08,-2.623586185737839873e-08,2.437678785053567460e-09,5.732733797889716306e-08,1.274183316849461182e-07,1.897601750495798553e-07,2.293024057244216567e-07,2.460355015481659315e-07,2.487792963467098773e-07,2.465427856715625817e-07,2.443386501070329917e-07,2.436221068509096814e-07,2.441772315648617293e-07,2.454175824422780947e-07,2.468741791592913800e-07,2.482838982457829702e-07,2.495324196681442196e-07,2.505926165522945812e-07,2.514546569248101531e-07
9.182688269157410631e-08,8.019396693598078269e-08,6.782546090306000896e-08,5.487215689120632429e-08,4.157308151887018240e-08,2.825155847396404058e-08,1.531186847184481790e-08,3.230737452128002741e-09,-7.576392037795017441e-09,-1.672563512365800559e-08,-2.413554209858315523e-08,-3.000976342114897943e-08,-3.496297982916379798e-08,-3.987945102710323199e-08,-4.563695868432020124e-08,-5.276887048161433691e-08,-6.112506021544037408e-08,-6.980558064421082364e-08,-7.745468525094552450e-08,-8.283979436587151387e-08,-8.543363140385778595e-08,-8.565265737150886831e-08,-8.461893755022305488e-08,-8.362875643766838472e-08,-8.363505271796643179e-08,-8.483050939066320828e-08,-8.626131902628451736e-08,-8.554746868575085493e-08,-7.958488174636676017e-08,-6.719079813923056861e-08,-5.191887419537795909e-08,-3.922485293642486182e-08,-2.617219641539783883e-08,2.497364062927505552e-09,5.737681643846932403e-08,1.274640551499667301e-07,1.897988549207823763e-07,2.293399022580142059e-07,2.460697373867041352e-07,2.488106232369719717e-07,2.465723437377663781e-07,2.443662117167748743e-07,2.436464918152181956e-07,2.442017813643778822e-07,2.454422690548597612e-07,2.468971621956317313e-07,2.483066418626364283e-07,2.495553923306341025e-07,2.506096203928990285e-07,2.514760291524108939e-07
9.182686471116083089e-08,8.019701984157609912e-08,6.782865818977387544e-08,5.487802797231589853e-08,4.157937556794770938e-08,2.825677250985671209e-08,1.532041949135428566e-08,3.228887393084174924e-09,-7.567993390516167368e-09,-1.671542947044365952e-08,-2.411884134893939960e-08,-3.000037366583468683e-08,-3.495108128714049886e-08,-3.986284242473836524e-08,-4.561890109930856929e-08,-5.274680684328479351e-08,-6.110001754885886728e-08,-6.977518080554705252e-08,-7.742091283776353546e-08,-8.279955116940644329e-08,-8.538660743833277329e-08,-8.559884700174141893e-08,-8.455830749727987177e-08,-8.356084676391349841e-08,-8.355946849787448277e-08,-8.475124026465253212e-08,-8.617932545415208832e-08,-8.546425098061266070e-08,-7.950271665874518217e-08,-6.711237940881326287e-08,-5.184489874925908640e-08,-3.915791304460476927e-08,-2.611078592916768965e-08,2.551565424843908846e-09,5.742368770050142359e-08,1.275058000735250997e-07,1.898401619357143451e-07,2.293736330746780429e-07,2.461006310215091041e-07,2.488392977827958622e-07,2.465991956668311771e-07,2.443908171514904983e-07,2.436709309916594781e-07,2.442252898649531677e-07,2.454624411778801379e-07,2.469185021628076824e-07,2.483276428926310836e-07,2.495757117763394664e-07,2.506342543695945029e-07,2.514953113752304403e-07
9.182895034717228091e-08,8.020199390152570700e-08,6.783086978326647558e-08,5.488084128303673347e-08,4.158327984089597728e-08,2.826251573412793269e-08,1.532511393732493513e-08,3.235518350139170141e-09,-7.559916975418327523e-09,-1.671003395793866292e-08,-2.411040445469413042e-08,-2.998592028651718171e-08,-3.494094602079764100e-08,-3.984878524951959026e-08,-4.560087085582659591e-08,-5.272745582402303490e-08,-6.107732424106011968e-08,-6.974923502694000552e-08,-7.738844287768375408e-08,-8.276229565521072433e-08,-8.534379404358335927e-08,-8.554947816505926642e-08,-8.450226043459450129e-08,-8.349841584745100525e-08,-8.349098436791700383e-08,-8.467821362575080832e-08,-8.610375120815178028e-08,-8.538775106855444621e-08,-7.942785759579229355e-08,-6.703995559655195636e-08,-5.177871320696267488e-08,-3.909538873097691157e-08,-2.605395094118898757e-08,2.603561930104876749e-09,5.746867619235750228e-08,1.275478560493877172e-07,1.898765134192620459e-07,2.294056859403449076e-07,2.461306175265135715e-07,2.488656841306636648e-07,2.466233147810988158e-07,2.444147014853640228e-07,2.436912914472981461e-07,2.442455613468475754e-07,2.454829748973411856e-07,2.469373964525692704e-07,2.483466374386192303e-07,2.495930646791056455e-07,2.506519680386162617e-07,2.515137206139910504e-07
9.183585996797785091e-08,8.020906345552094253e-08,6.783686151017060361e-08,5.488573610231585046e-08,4.157245934830088166e-08,2.826692536735584021e-08,1.533127789677836082e-08,3.242374629875260739e-09,-7.554316764115595848e-09,-1.670673567323952806e-08,-2.410173845152957593e-08,-2.997619170221825996e-08,-3.492801844752157853e-08,-3.983563351554292964e-08,-4.558607308891434100e-08,-5.270902528925000922e-08,-6.105478560051696564e-08,-6.972586991003078421e-08,-7.735985378147134842e-08,-8.272915764568088037e-08,-8.530407095024296877e-08,-8.550466665020909550e-08,-8.445086356608729805e-08,-8.344115610766681714e-08,-8.342892226516294327e-08,-8.461106881833721561e-08,-8.603481761568862237e-08,-8.531855104552645623e-08,-7.935951564846626077e-08,-6.697412630083626663e-08,-5.171719784217253894e-08,-3.903885366057975936e-08,-2.600283896550831838e-08,2.647878245907416821e-09,5.751197504149517237e-08,1.275835726305826992e-07,1.899070630087033145e-07,2.294343446833628806e-07,2.461566895469775959e-07,2.488887182011726631e-07,2.466456837475956322e-07,2.444345670513168780e-07,2.437115373516089021e-07,2.442650252555742538e-07,2.455008445167014392e-07,2.469549382097860697e-07,2.483632490570284670e-07,2.496113661021419049e-07,2.506668961058238732e-07,2.515300415776134914e-07
9.183951878614163369e-08,8.020835533923084883e-08,6.783835453568683865e-08,5.488746090152160544e-08,4.159048119097948794e-08,2.827065268983067030e-08,1.533693267818256575e-08,3.245546117892596409e-09,-7.547511566273511109e-09,-1.670093554788471084e-08,-2.409997956267251618e-08,-2.996912180757791177e-08,-3.491515126845699818e-08,-3.982380472065328582e-08,-4.557284531796906200e-08,-5.269357191604322364e-08,-6.103829948352733491e-08,-6.970399658560666914e-08,-7.733435472537626180e-08,-8.269924703119871249e-08,-8.526954024226373881e-08,-8.546431239767567923e-08,-8.440561250172244692e-08,-8.339093794498078516e-08,-8.337389714760994314e-08,-8.455306800203502114e-08,-8.597324614893047186e-08,-8.525651684601501046e-08,-7.929895732994544912e-08,-6.691570768319782060e-08,-5.166198132329100257e-08,-3.898956534378763535e-08,-2.595783341221403947e-08,2.687138606280152758e-09,5.754836775910946627e-08,1.276155392928112874e-07,1.899372414574755228e-07,2.294630295338582322e-07,2.461794286064898188e-07,2.489106898972787114e-07,2.466652188986758468e-07,2.444527234847710108e-07,2.437286820072786164e-07,2.442807576439587114e-07,2.455169827698000083e-07,2.469693969418390951e-07,2.483785556939299989e-07,2.496267901568030519e-07,2.506817641510484856e-07,2.515431332107562206e-07
9.183902882351568795e-08,8.021116330362169798e-08,6.784409830498836740e-08,5.488947122919501614e-08,4.159321688169104397e-08,2.827582709959033452e-08,1.533843195195353854e-08,3.249485618180072417e-09,-7.544843934309458899e-09,-1.668714197299670022e-08,-2.408721591934121672e-08,-2.996385677666998974e-08,-3.490652630201888553e-08,-3.981397817411428075e-08,-4.556132676523034151e-08,-5.267960972302434295e-08,-6.102234637694690646e-08,-6.968481929733676490e-08,-7.731256779817816784e-08,-8.267310811768507344e-08,-8.523933568384746811e-08,-8.542972398134046904e-08,-8.436585006918342870e-08,-8.334609601216596218e-08,-8.332559189046649373e-08,-8.450144802758285431e-08,-8.591920208994949402e-08,-8.520244432026510964e-08,-7.924546267806645850e-08,-6.686499972226492121e-08,-5.161403379392556509e-08,-3.894488411444533969e-08,-2.591786229517725412e-08,2.722426266216711425e-09,5.757971595788031284e-08,1.276431451770904986e-07,1.899609297666868132e-07,2.294850432835454077e-07,2.461998250351646470e-07,2.489285365657948505e-07,2.466820177335060680e-07,2.444683253090100899e-07,2.437441500102683722e-07,2.442937232070218715e-07,2.455295950714459210e-07,2.469827486347549179e-07,2.483913854953261377e-07,2.496377308103777305e-07,2.506951173805148973e-07,2.515559210293209826e-07
9.183903922874461093e-08,8.021533011436869135e-08,6.784434953930568294e-08,5.489488798151758913e-08,4.159596391229966363e-08,2.827761770883619714e-08,1.534125007821665866e-08,3.261456106923273449e-09,-7.539995426233288871e-09,-1.668572907753920351e-08,-2.408196351761147938e-08,-2.995487874460646754e-08,-3.490333289642700344e-08,-3.980593821690213487e-08,-4.555105742778556967e-08,-5.266880361329778556e-08,-6.100889693845134101e-08,-6.966950442268881842e-08,-7.729320934684722664e-08,-8.265112044574403622e-08,-8.521291030024092758e-08,-8.539943971417461211e-08,-8.433076658622979623e-08,-8.330822113317642428e-08,-8.328358816333796320e-08,-8.445642710575672130e-08,-8.587298227851879783e-08,-8.515464439165383662e-08,-7.919925817875960949e-08,-6.682179709693714300e-08,-5.157354727957160223e-08,-3.890664408860882923e-08,-2.588408492894297449e-08,2.752962823967352733e-09,5.760627610011231472e-08,1.276682808820879736e-07,1.899838337997012148e-07,2.295024202697716565e-07,2.462163953093645328e-07,2.489454653326611549e-07,2.466964018125182867e-07,2.444823668536993440e-07,2.437569875045579219e-07,2.443059061458638584e-07,2.455427642767767850e-07,2.469938324471923092e-07,2.484014105160666885e-07,2.496473945300667451e-07,2.507019480908730964e-07,2.515657834956375947e-07
9.184291322930791177e-08,8.021183130488425471e-08,6.784569877053834199e-08,5.489533759007683495e-08,4.158445825746667318e-08,2.827760395509327741e-08,1.534214633732781685e-08,3.262197237173635386e-09,-7.537026062769043972e-09,-1.668449422522808001e-08,-2.407795357706548847e-08,-2.995323687443507131e-08,-3.489857421283904776e-08,-3.979910574954090585e-08,-4.554318209434918486e-08,-5.265908423909432818e-08,-6.099505262782554662e-08,-6.965342987024620564e-08,-7.727649993691582876e-08,-8.263193025442186284e-08,-8.519163084983521742e-08,-8.537394910583734346e-08,-8.430328037192328040e-08,-8.327608853524653727e-08,-8.324789254674973280e-08,-8.441842414430026632e-08,-8.583436632175812126e-08,-8.511526588863438806e-08,-7.916110476242591979e-08,-6.678368974518592517e-08,-5.153732139866256813e-08,-3.887429063393132381e-08,-2.585495743451354715e-08,2.781012259467307092e-09,5.762877691075554108e-08,1.276877782849105568e-07,1.900005202948554125e-07,2.295185766161295714e-07,2.462321776954276661e-07,2.489573670933958165e-07,2.467081063131949606e-07,2.444928624402373209e-07,2.437665697701087104e-07,2.443173741137136537e-07,2.455511456523568730e-07,2.470030541461534595e-07,2.484107497528992669e-07,2.496568522422374891e-07,2.507139039520716201e-07,2.515743858747297536e-07
9.184161254333311371e-08,8.020307934115489640e-08,6.784807856620993837e-08,5.487929057290324521e-08,4.159780764893897416e-08,2.826197355832028145e-08,1.534675881062980118e-08,3.257469301155822888e-09,-7.531077268538686238e-09,-1.667630593322692850e-08,-2.407722807054328714e-08,-2.994442949285250728e-08,-3.489347290855582723e-08,-3.979392869126332593e-08,-4.553728064719682753e-08,-5.265191664367067333e-08,-6.098645877433395702e-08,-6.964292752749908217e-08,-7.726415588979448178e-08,-8.261657783359053973e-08,-8.517351316524278641e-08,-8.535288962284990614e-08,-8.427857724380412428e-08,-8.324960746605217675e-08,-8.321763765288430493e-08,-8.438771605082068293e-08,-8.580129242418637305e-08,-8.508244536359071245e-08,-7.912823875747101396e-08,-6.675245690873663813e-08,-5.150853013465540571e-08,-3.884869037371095596e-08,-2.583006686521330662e-08,2.799194531457283216e-09,5.764873660635896188e-08,1.277075107300380207e-07,1.900082774415912721e-07,2.295305252345905293e-07,2.462423808017377191e-07,2.489677561846659919e-07,2.467181687730567425e-07,2.445020691964800257e-07,2.437753797024258902e-07,2.443244561115424578e-07,2.455594398416228549e-07,2.470104832963918016e-07,2.484180265113145982e-07,2.496634874560156687e-07,2.507185293126420003e-07,2.515816477904890767e-07
9.184147045828223213e-08,8.021305815096499173e-08,6.784410883400165298e-08,5.489964638780174787e-08,4.159866933616501427e-08,2.828156106257538327e-08,1.534880593333176887e-08,3.259830220546388828e-09,-7.532255292330959925e-09,-1.668287831152386057e-08,-2.407234509301471905e-08,-2.994190849932049097e-08,-3.488840147732879431e-08,-3.979035915917087746e-08,-4.553149465871536574e-08,-5.264602463759987686e-08,-6.098129022192191920e-08,-6.963672537983837117e-08,-7.725466730831425778e-08,-8.260409676795352170e-08,-8.515930608716113290e-08,-8.533663707164256137e-08,-8.425958452941375148e-08,-8.322703157720329759e-08,-8.319513891230614906e-08,-8.436177054044807244e-08,-8.577423248664367410e-08,-8.505539023628821984e-08,-7.910162266235269390e-08,-6.672739854067574191e-08,-5.148529901343721832e-08,-3.882712508390759760e-08,-2.581179688548946491e-08,2.816853422203713565e-09,5.766561225776944080e-08,1.277168947018886809e-07,1.900264950532764725e-07,2.295428918289127762e-07,2.462525093090040982e-07,2.489775455463918756e-07,2.467263146884106847e-07,2.445092750347759179e-07,2.437825216701062565e-07,2.443309497707229214e-07,2.455652667162146653e-07,2.470166845076816769e-07,2.484239509596457449e-07,2.496698705884591365e-07,2.507296515760007481e-07,2.515871368004074680e-07
9.184121299621996993e-08,8.021296199252586016e-08,6.784800834008383655e-08,5.489581239962867244e-08,4.160294076670718441e-08,2.826154639177060794e-08,1.534559545029377632e-08,3.259891128159384034e-09,-7.531599884351402854e-09,-1.667964231565797108e-08,-2.407734272211578162e-08,-2.993965597747677681e-08,-3.488349976493464842e-08,-3.978672875524798411e-08,-4.552839611176121591e-08,-5.264182155082928597e-08,-6.097560873139333285e-08,-6.962771733906514371e-08,-7.724476285935936583e-08,-8.259434550070424262e-08,-8.514742649024522449e-08,-8.532303458670163919e-08,-8.424411768202298563e-08,-8.321015998851620526e-08,-8.317634863088385863e-08,-8.434108776462528247e-08,-8.575359512480199465e-08,-8.503428418286190982e-08,-7.908071485784350966e-08,-6.670763967230753840e-08,-5.146655053668046155e-08,-3.881078695306231527e-08,-2.579638589205550637e-08,2.830874400486206345e-09,5.767538728399480755e-08,1.277272846786037154e-07,1.900264525119009823e-07,2.295509302480665153e-07,2.462594205395352083e-07,2.489832176379746477e-07,2.467319686647112015e-07,2.445143499717351598e-07,2.437869695877889362e-07,2.443359558176749645e-07,2.455697978895227663e-07,2.470205461446516476e-07,2.484278428195284263e-07,2.496744313430890190e-07,2.507292943920591018e-07,2.515906259146901628e-07
9.184072270707563439e-08,8.021454615874968561e-08,6.784553679044272419e-08,5.489992038680381864e-08,4.160114958431947243e-08,2.828050887735068066e-08,1.534931129676657643e-08,3.272528279705155875e-09,-7.530227941856229158e-09,-1.668015658378586513e-08,-2.407017619180291117e-08,-2.993875742354955382e-08,-3.488582979297020972e-08,-3.978494597725196858e-08,-4.552505377556082270e-08,-5.263729846438878371e-08,-6.097128155402553408e-08,-6.962226523491556977e-08,-7.723918987825806744e-08,-8.258738703440724386e-08,-8.513918347387882360e-08,-8.531295475815314109e-08,-8.423244217718994682e-08,-8.319720198156687429e-08,-8.316103000973317847e-08,-8.432610663822127094e-08,-8.573748602156364379e-08,-8.501814714739916923e-08,-7.906512358201826472e-08,-6.669093084325897437e-08,-5.145187594134455983e-08,-3.879686002690643332e-08,-2.578393549704215309e-08,2.840365376685291947e-09,5.768341631711412844e-08,1.277357373333088663e-07,1.900383425479235053e-07,2.295568782077926962e-07,2.462656094096871793e-07,2.489886064665835268e-07,2.467371978930350363e-07,2.445192015615945257e-07,2.437915845046993571e-07,2.443388118140200013e-07,2.455746608550125910e-07,2.470246055738532544e-07,2.484306252068982786e-07,2.496759112354075422e-07,2.507324279104974585e-07,2.515936029941523347e-07
9.184196285766931591e-08,8.021544571135927969e-08,6.784725353946773020e-08,5.489708020147068172e-08,4.160113110382552854e-08,2.828075222990020085e-08,1.534881796506477018e-08,3.260968105701501164e-09,-7.524059192634768030e-09,-1.667284186882837429e-08,-2.406886649926000170e-08,-2.993700798283258891e-08,-3.488431365925316803e-08,-3.978250733159087105e-08,-4.552317290915752524e-08,-5.263524424148785532e-08,-6.096762447512220043e-08,-6.961845433096563129e-08,-7.723501757990574018e-08,-8.258076654614626575e-08,-8.513232706868999716e-08,-8.530513625889399133e-08,-8.422418137652470876e-08,-8.318706886452254728e-08,-8.315095850939126232e-08,-8.431497971995874926e-08,-8.572551326842841010e-08,-8.500630480825123070e-08,-7.905318699233804760e-08,-6.668020342973146609e-08,-5.144114567026275670e-08,-3.878666758605274400e-08,-2.577650674876008660e-08,2.849886032460572670e-09,5.769286683232135095e-08,1.277401729169195641e-07,1.900459096269625849e-07,2.295619715410386705e-07,2.462693985379949693e-07,2.489927201106033140e-07,2.467395321841568155e-07,2.445216862836254850e-07,2.437942919101548906e-07,2.443420840009355666e-07,2.455747004964258378e-07,2.470271055933937382e-07,2.484341971522519881e-07,2.496797584927242720e-07,2.507368294715246258e-07,2.515960835126316802e-07
9.184383694229117155e-08,8.021161108788183444e-08,6.784673349721070535e-08,5.489704675754269209e-08,4.159920015027240472e-08,2.828129818884224941e-08,1.534795356036358420e-08,3.267623183970258112e-09,-7.529687016138281917e-09,-1.667128635977505004e-08,-2.407165968525274062e-08,-2.993638981427150530e-08,-3.487962748338682255e-08,-3.978202917431379323e-08,-4.552167482664817052e-08,-5.263224579306443467e-08,-6.096646868902336651e-08,-6.961794956985329561e-08,-7.723181646015565856e-08,-8.257805659037192358e-08,-8.512814631356882426e-08,-8.530013962019125475e-08,-8.421772748267596365e-08,-8.318139861919483218e-08,-8.314406751149103418e-08,-8.430728373157847477e-08,-8.571848558548269863e-08,-8.499787949046650271e-08,-7.904493263247331662e-08,-6.667311611429529215e-08,-5.143327894054184826e-08,-3.878019449727091076e-08,-2.577102954597030521e-08,2.854061493467983861e-09,5.769646121551177133e-08,1.277426655485002979e-07,1.900521506099908315e-07,2.295648495123735777e-07,2.462719686789374453e-07,2.489944608645305176e-07,2.467423151988103634e-07,2.445232924862751025e-07,2.437960531150302259e-07,2.443438516910477235e-07,2.455781126062405780e-07,2.470278560646393745e-07,2.484346469599586656e-07,2.496782388430453913e-07,2.507367181371359973e-07,2.515978824302239649e-07
9.184202114067672033e-08,8.021586707556251458e-08,6.784488043396451700e-08,5.489595858198933402e-08,4.160262167014996226e-08,2.828192528997527482e-08,1.534944910833529709e-08,3.274780179317387927e-09,-7.530085057136671209e-09,-1.667448712138565860e-08,-2.407004385768218323e-08,-2.994122950454606084e-08,-3.488291054279790966e-08,-3.978078407890998109e-08,-4.552143475355735630e-08,-5.263199093043762253e-08,-6.096419572513056791e-08,-6.961461151805481026e-08,-7.723074200753240160e-08,-8.257562189097021317e-08,-8.512555832659032352e-08,-8.529737876670447923e-08,-8.421509717005234407e-08,-8.317731582320926758e-08,-8.313976379460044570e-08,-8.430330462786443099e-08,-8.571381161313567636e-08,-8.499405645759204455e-08,-7.903974228183522022e-08,-6.666984263258062623e-08,-5.143109181491173569e-08,-3.877650820128389926e-08,-2.576725740129517066e-08,2.858739103367543385e-09,5.769970134855145167e-08,1.277484556328234728e-07,1.900447750619504907e-07,2.295629432800527372e-07,2.462730006132836947e-07,2.489957508857801598e-07,2.467427239766895269e-07,2.445247470529921642e-07,2.437969963227120434e-07,2.443454929435365160e-07,2.455789829863410870e-07,2.470301323401933776e-07,2.484352448095709291e-07,2.496820103784817255e-07,2.507376162808261123e-07,2.515986855165953864e-07
9.184304388795196518e-08,8.021462072790744315e-08,6.784796934613853805e-08,5.489678372398749400e-08,4.159888188447959813e-08,2.828007386345249157e-08,1.534956786756144528e-08,3.273140362982040786e-09,-7.518711818034258031e-09,-1.667087865597043023e-08,-2.407484158878684349e-08,-2.994091784059627763e-08,-3.487880991860354489e-08,-3.978035537235501545e-08,-4.552084031467092315e-08,-5.263197035424790071e-08,-6.096431328434694837e-08,-6.961616578827790713e-08,-7.723043997101942151e-08,-8.257519628195859986e-08,-8.512492334444490396e-08,-8.529668578770827659e-08,-8.421405252751470799e-08,-8.317625748862793169e-08,-8.313889427086771651e-08,-8.430150710583410103e-08,-8.571190271172394240e-08,-8.499213678508589542e-08,-7.903818648000675108e-08,-6.666810571745046766e-08,-5.142904989749606920e-08,-3.877573511819644736e-08,-2.576722085965579854e-08,2.858734186415185716e-09,5.769920621038072850e-08,1.277520813433933713e-07,1.900554218566713967e-07,2.295653275497633988e-07,2.462736469606696551e-07,2.489965462333940361e-07,2.467431023589927073e-07,2.445254437178447724e-07,2.437973633994664711e-07,2.443453738833389350e-07,2.455793771198984361e-07,2.470302687302074386e-07,2.484363560783799651e-07,2.496821314692552973e-07,2.507373603869369185e-07,2.515984439526641692e-07
9.184389902939258851e-08,8.021391255356544348e-08,6.784786769053992475e-08,5.489894463404302143e-08,4.160050876833668951e-08,2.827993556308711324e-08,1.534705610819317572e-08,3.276143010179002493e-09,-7.526017033166170109e-09,-1.667258982438703286e-08,-2.406957998613310278e-08,-2.994065258692185266e-08,-3.488084743587946940e-08,-3.978077639744152923e-08,-4.552052785611733513e-08,-5.263261635035959014e-08,-6.096449339883818606e-08,-6.961477473940324245e-08,-7.723059189389541282e-08,-8.257657642598391637e-08,-8.512599533961461678e-08,-8.529783649014318649e-08,-8.421488919088137380e-08,-8.317774058895603912e-08,-8.314026267071024063e-08,-8.430311197174763282e-08,-8.571314279326854362e-08,-8.499436946073354137e-08,-7.904011628323055491e-08,-6.666914101909684243e-08,-5.143144825186538216e-08,-3.877708940918133666e-08,-2.576718413006443440e-08,2.860244308481653746e-09,5.770235575882803170e-08,1.277485444196378583e-07,1.900535355351832322e-07,2.295661804204149270e-07,2.462739749104555025e-07,2.489961260598347735e-07,2.467436262069610349e-07,2.445249475251455717e-07,2.437968760661179057e-07,2.443449034149841792e-07,2.455788284792255556e-07,2.470302932628808705e-07,2.484355123035215431e-07,2.496831013127049986e-07,2.507352964750996849e-07,2.515988514101299822e-07
9.184196597047423656e-08,8.021426858028100259e-08,6.784753532160663810e-08,5.489535441169147337e-08,4.160224342130764225e-08,2.828242666345900868e-08,1.534912317702762297e-08,3.271443329009130863e-09,-7.521131435571389011e-09,-1.667897752775958357e-08,-2.407393947312144092e-08,-2.994102901171305867e-08,-3.487996424683292529e-08,-3.978189759306500932e-08,-4.552165627259119525e-08,-5.263267786584480635e-08,-6.096548892536687221e-08,-6.961808144337570150e-08,-7.723146955483946166e-08,-8.257829450637103400e-08,-8.512891417080150700e-08,-8.530065282235503827e-08,-8.421891759349622442e-08,-8.318147678221743197e-08,-8.314405713044319453e-08,-8.430852893861101203e-08,-8.571885142275548430e-08,-8.499872963080585919e-08,-7.904607744013092557e-08,-6.667358985284153857e-08,-5.143473192477479643e-08,-3.878068760416490864e-08,-2.577021074239026128e-08,2.854052848636312691e-09,5.769658742205764578e-08,1.277467001080231004e-07,1.900525474071876760e-07,2.295639748100316514e-07,2.462725535299601304e-07,2.489945151691109499e-07,2.467423109511324624e-07,2.445238847134305753e-07,2.437957761529329926e-07,2.443451138547837701e-07,2.455780022310356060e-07,2.470287718110340977e-07,2.484358203670401259e-07,2.496799150062314153e-07,2.507368511543752943e-07,2.515979660470116883e-07
9.184400066158561684e-08,8.021711107032165654e-08,6.784793333691796413e-08,5.489909356874746624e-08,4.160339802540892363e-08,2.828320982437700265e-08,1.534788279888662669e-08,3.267155202591853648e-09,-7.519862380193826592e-09,-1.667228792516653615e-08,-2.406957511667266733e-08,-2.994019709996570548e-08,-3.487993845608109741e-08,-3.978235401597560932e-08,-4.552386389145407863e-08,-5.263447500924996628e-08,-6.096817639874288768e-08,-6.962078760038041406e-08,-7.723413571101994548e-08,-8.258170692068889103e-08,-8.513285845342572295e-08,-8.530586723798296281e-08,-8.422467877822594439e-08,-8.318852456734399003e-08,-8.315170868460908760e-08,-8.431605547662005257e-08,-8.572617075080423807e-08,-8.500726137263302927e-08,-7.905290227121678830e-08,-6.668107573951000996e-08,-5.144248029796538475e-08,-3.878685677619925680e-08,-2.577737442157151384e-08,2.849122810342006186e-09,5.769217551055325569e-08,1.277435051880845526e-07,1.900365323832227384e-07,2.295617730930261329e-07,2.462697791081963226e-07,2.489918579841910017e-07,2.467403320898888680e-07,2.445215257139584546e-07,2.437942899413262782e-07,2.443423289883542573e-07,2.455771724556047993e-07,2.470273037303751424e-07,2.484338346954445360e-07,2.496795132944261941e-07,2.507341158340128008e-07,2.515965315685005810e-07
9.184227038110030236e-08,8.021558112847477830e-08,6.784623288935840808e-08,5.489524614498445431e-08,4.160170430653763282e-08,2.828197033512488157e-08,1.534748083386569356e-08,3.274850803795008247e-09,-7.527304976874349272e-09,-1.667242362401901686e-08,-2.407046724028292805e-08,-2.993774033496045911e-08,-3.488604173475529102e-08,-3.978404372178645813e-08,-4.552472349391465248e-08,-5.263605940105957010e-08,-6.096925641404244692e-08,-6.962155502369036019e-08,-7.723905503281770455e-08,-8.258705427662660829e-08,-8.513908965999543069e-08,-8.531266567443733841e-08,-8.423375624664916509e-08,-8.319827042551482451e-08,-8.316276196637760803e-08,-8.432647125257128665e-08,-8.573820102664678077e-08,-8.501857471484790217e-08,-7.906563054737588721e-08,-6.669142964665092461e-08,-5.145236833799427135e-08,-3.879620920830514412e-08,-2.578438448574799530e-08,2.843510121552084844e-09,5.768338767665477334e-08,1.277379792987268206e-07,1.900369812129500190e-07,2.295577877309967307e-07,2.462654410291436775e-07,2.489885693919113503e-07,2.467370893758239920e-07,2.445183101097434208e-07,2.437916780965800070e-07,2.443394410808646076e-07,2.455734868634600800e-07,2.470251405029286266e-07,2.484310763775748300e-07,2.496772579387293978e-07,2.507340018268515178e-07,2.515937323131921562e-07
9.184264159494738444e-08,8.021700662304919755e-08,6.784910725600464920e-08,5.489715193010761963e-08,4.160275253731843289e-08,2.828274637244567852e-08,1.534895766802841260e-08,3.269844772851101219e-09,-7.531250964813821579e-09,-1.667734089150355034e-08,-2.407237149715941849e-08,-2.993885335332205629e-08,-3.488742778565370441e-08,-3.978608378971866110e-08,-4.552759932789717117e-08,-5.263980733148197132e-08,-6.097272244654426553e-08,-6.962628765260432930e-08,-7.724446654092030545e-08,-8.259362598384468437e-08,-8.514675739693006157e-08,-8.532272670074985544e-08,-8.424387554541733243e-08,-8.320973908845376619e-08,-8.317659940835558195e-08,-8.434169319851061491e-08,-8.575358084453060008e-08,-8.503421755247999137e-08,-7.908033582628694148e-08,-6.670544424283240480e-08,-5.146518261357218088e-08,-3.880877714556909578e-08,-2.579575950447805071e-08,2.831789846742984768e-09,5.767807339323603391e-08,1.277327094396214283e-07,1.900260170718839465e-07,2.295528316852227742e-07,2.462603241881382403e-07,2.489841525521490379e-07,2.467324963417649709e-07,2.445152825473216216e-07,2.437874345005545409e-07,2.443373378181349403e-07,2.455705463434310073e-07,2.470219220622569563e-07,2.484291815037417190e-07,2.496735817984145316e-07,2.507278914698385303e-07,2.515916010279879033e-07
9.184320195425864801e-08,8.021789755310918695e-08,6.784843598009009996e-08,5.489796803898769839e-08,4.159996101546846878e-08,2.828416749264636350e-08,1.534788289698869886e-08,3.260435802808328088e-09,-7.529118992356481227e-09,-1.667335025312043939e-08,-2.407182603149996371e-08,-2.994062572690173798e-08,-3.488911174342296518e-08,-3.978837927984036652e-08,-4.553131801462061055e-08,-5.264425385291037919e-08,-6.097981434077237376e-08,-6.963390856356541447e-08,-7.725287028330384273e-08,-8.260318953335071901e-08,-8.515729978161107263e-08,-8.533470294805239324e-08,-8.425733420689133633e-08,-8.322540124320277779e-08,-8.319284310325978364e-08,-8.435977438753335906e-08,-8.577195481687297655e-08,-8.505241367043089447e-08,-7.909770364294927155e-08,-6.672249037717738974e-08,-5.148118215607831559e-08,-3.882343373358305367e-08,-2.580949529363344271e-08,2.822073172431158487e-09,5.766617319566554444e-08,1.277239665262449423e-07,1.900290777336588861e-07,2.295449680782604162e-07,2.462539938669428310e-07,2.489783892934437941e-07,2.467266159727244204e-07,2.445099965940177960e-07,2.437828813963981299e-07,2.443319456262943938e-07,2.455664589964516342e-07,2.470173480235355642e-07,2.484252861034002314e-07,2.496701130458601881e-07,2.507247917229849983e-07,2.515879947948527207e-07
9.184563166856289237e-08,8.021672772429562185e-08,6.784819894166431851e-08,5.489890849853477170e-08,4.160198178260313611e-08,2.828245930141488308e-08,1.534888689740927298e-08,3.259799260196735256e-09,-7.525606693156148540e-09,-1.667990425434428100e-08,-2.408054728290187431e-08,-2.994405309299503956e-08,-3.488804708137286661e-08,-3.979155051560119600e-08,-4.553553560223418417e-08,-5.264853806400634454e-08,-6.098477995914009263e-08,-6.964032252483667241e-08,-7.726144272913516724e-08,-8.261308894502224650e-08,-8.516998931647596796e-08,-8.534877278251845676e-08,-8.427452600430223224e-08,-8.324354866588981866e-08,-8.321257091335306671e-08,-8.438097006273863526e-08,-8.579412481290925252e-08,-8.507493915263986628e-08,-7.911975660213323420e-08,-6.674370784920045283e-08,-5.150166025918785101e-08,-3.884180933256992403e-08,-2.582467174166686179e-08,2.806117582156996075e-09,5.765451930923112031e-08,1.277073907026565042e-07,1.900216430869310521e-07,2.295364965217032598e-07,2.462461661795116265e-07,2.489709309951176236e-07,2.467204485585556663e-07,2.445042497883375942e-07,2.437771384373401281e-07,2.443264134249655645e-07,2.455610891602493324e-07,2.470118704698565809e-07,2.484209458855056971e-07,2.496667360269255926e-07,2.507219567487901610e-07,2.515836804935444348e-07
9.184549143069298068e-08,8.021373481507228391e-08,6.784747273439491975e-08,5.489714138853306043e-08,4.159881879269298023e-08,2.828112129364133116e-08,1.534757858688755364e-08,3.256695244927798659e-09,-7.533416576136356293e-09,-1.668477964931614688e-08,-2.407553432261691005e-08,-2.994669268845186024e-08,-3.489511556808500251e-08,-3.979634622581818195e-08,-4.554000711067368395e-08,-5.265485942996254198e-08,-6.099071662321341999e-08,-6.964911708477092973e-08,-7.727121231754769442e-08,-8.262402621237597620e-08,-8.518334093352982600e-08,-8.536456541903926332e-08,-8.429266132154406997e-08,-8.326443452550746898e-08,-8.323588523632711376e-08,-8.440407162376825630e-08,-8.581847483199226936e-08,-8.509900564856323280e-08,-7.914414857971860495e-08,-6.676824302427374156e-08,-5.152268266088646757e-08,-3.886214542814740532e-08,-2.584249272483309749e-08,2.792288563181840262e-09,5.764151207498443625e-08,1.276996816175136401e-07,1.900111978521941504e-07,2.295264968980781563e-07,2.462367382340530828e-07,2.489630308229986060e-07,2.467133192250227061e-07,2.444970727738961707e-07,2.437715225960599773e-07,2.443210568901382149e-07,2.455553726183874447e-07,2.470071822508513828e-07,2.484154197186798238e-07,2.496596249373412040e-07,2.507160711866994017e-07,2.515775466039419282e-07
9.184293761618563881e-08,8.021388336106635429e-08,6.784822055000585292e-08,5.489702160366389935e-08,4.160006502115237756e-08,2.828242656487400862e-08,1.534497098341674606e-08,3.256654034208489279e-09,-7.529505523934742132e-09,-1.667861189844931464e-08,-2.408517200416623297e-08,-2.994885191035446474e-08,-3.489520384233348040e-08,-3.980025730842071518e-08,-4.554556529326651000e-08,-5.266129184713274591e-08,-6.099985844235733652e-08,-6.965912607821765185e-08,-7.728178793391809135e-08,-8.263712680180324857e-08,-8.519864073483326752e-08,-8.538213490502348258e-08,-8.431209509452772021e-08,-8.328603221684652824e-08,-8.325971722663482027e-08,-8.442995571241671860e-08,-8.584551319793137040e-08,-8.512656961729175442e-08,-7.917049943245765791e-08,-6.679407978724853246e-08,-5.154720547241697685e-08,-3.888343292040301748e-08,-2.586211734265725047e-08,2.773946493001601247e-09,5.762465759812185487e-08,1.276847505802935781e-07,1.899982437829624087e-07,2.295154694618426314e-07,2.462270947307318250e-07,2.489543985201068516e-07,2.467054558857801988e-07,2.444899865050206206e-07,2.437640557344765615e-07,2.443147867471232859e-07,2.455489809370415047e-07,2.470007604746688253e-07,2.484083529062735743e-07,2.496537244541211750e-07,2.507123475562554734e-07,2.515721801694058372e-07
9.184285151267595516e-08,8.021216608329431879e-08,6.784757442615155639e-08,5.489476110936474117e-08,4.160020140640873395e-08,2.827812489323801218e-08,1.534424120742843502e-08,3.265439683290626290e-09,-7.527800349528730086e-09,-1.668891871851443323e-08,-2.408304208560461866e-08,-2.995285119435939170e-08,-3.490406468767650294e-08,-3.980545292986579131e-08,-4.555143879551787517e-08,-5.266770280622376987e-08,-6.100625882190290245e-08,-6.966718335050538332e-08,-7.729319099543367913e-08,-8.265032093172668476e-08,-8.521398855489467923e-08,-8.540103167910578505e-08,-8.433291206290894169e-08,-8.330960033670143420e-08,-8.328517080511506240e-08,-8.445727887116706239e-08,-8.587390373454298557e-08,-8.515514235639759228e-08,-7.919864004294163001e-08,-6.681948019386951486e-08,-5.157145737018523691e-08,-3.890735081893380513e-08,-2.588342786934803159e-08,2.756089447156818493e-09,5.761078567337762049e-08,1.276688653389527970e-07,1.899863827047556326e-07,2.295045110083120293e-07,2.462168149901225149e-07,2.489444686605850732e-07,2.466960092911897909e-07,2.444808371814810391e-07,2.437558444517485241e-07,2.443078038465327939e-07,2.455426499962573764e-07,2.469949116240180038e-07,2.484022608192805149e-07,2.496484798732927193e-07,2.507021648457795005e-07,2.515660886341616752e-07
9.184105097296102221e-08,8.021169791179724842e-08,6.784354988667318960e-08,5.489455246317262956e-08,4.156718138698247920e-08,2.827583028770038517e-08,1.534174051235340743e-08,3.253538791127910916e-09,-7.540252193008511648e-09,-1.668384673721405320e-08,-2.408530507879424554e-08,-2.995606634456526870e-08,-3.490772930542861302e-08,-3.981052390575352130e-08,-4.555697767321213644e-08,-5.267534008983528475e-08,-6.101692310877514554e-08,-6.967899077126276795e-08,-7.730474970054024588e-08,-8.266491161898362069e-08,-8.523013336258888642e-08,-8.541928835709878514e-08,-8.435463129466242178e-08,-8.333303807909513063e-08,-8.331025749609125123e-08,-8.448485627431296884e-08,-8.590210511500389424e-08,-8.518343206923335753e-08,-7.922655857288521165e-08,-6.684598886328062535e-08,-5.159669321224939694e-08,-3.893053964852944757e-08,-2.590395220200185603e-08,2.737713525375971721e-09,5.759402456347219780e-08,1.276556154008091827e-07,1.899713353449339698e-07,2.294921511071452140e-07,2.462073532286364923e-07,2.489351048988177147e-07,2.466871078472762922e-07,2.444735220075939506e-07,2.437486049044794238e-07,2.442991790463973648e-07,2.455347562350105052e-07,2.469864275524311553e-07,2.483964457324976245e-07,2.496419703527151634e-07,2.506981140398190479e-07,2.515601505812845381e-07
9.184084106561915331e-08,8.021164757834861102e-08,6.784576887264562514e-08,5.489463603957906962e-08,4.159565441049598202e-08,2.827568194174461001e-08,1.533830249260293431e-08,3.262758610439045779e-09,-7.537819113395198700e-09,-1.669567031347745079e-08,-2.408905550738548640e-08,-2.996009372145791546e-08,-3.491158007154252064e-08,-3.981593437716799819e-08,-4.556353904518286047e-08,-5.268190546020671921e-08,-6.102515702239171889e-08,-6.968881923874648139e-08,-7.731670053876148720e-08,-8.267873210886270195e-08,-8.524622358916750040e-08,-8.543767541473644718e-08,-8.437429710974295554e-08,-8.335626288291443376e-08,-8.333481263391329463e-08,-8.451118442273480840e-08,-8.592867784619134820e-08,-8.521018497970289634e-08,-7.925346348743508897e-08,-6.687315474047749500e-08,-5.162082272199177866e-08,-3.895101324658842684e-08,-2.592460658941141239e-08,2.720139985247146588e-09,5.757824071968778874e-08,1.276425190180108610e-07,1.899523651777102451e-07,2.294778068362859483e-07,2.461963180705536675e-07,2.489257208231536907e-07,2.466784513007667107e-07,2.444648904092522902e-07,2.437408447798572277e-07,2.442930441286507025e-07,2.455291345278988691e-07,2.469816556185091493e-07,2.483889324264720427e-07,2.496355805363509084e-07,2.506927782284897272e-07,2.515540461898160190e-07
9.183940537648383707e-08,8.021088803431777156e-08,6.784096467888349390e-08,5.489056622451236818e-08,4.159421931730646519e-08,2.827423082614317863e-08,1.533935417461790301e-08,3.247476764833525767e-09,-7.537288883909773089e-09,-1.668985016965532702e-08,-2.409767818415267376e-08,-2.996844651945954878e-08,-3.491667557264794632e-08,-3.982055046199946858e-08,-4.556931667765103832e-08,-5.268937734798059722e-08,-6.103136514577803587e-08,-6.969813113035493469e-08,-7.732755013863828784e-08,-8.269088740350031363e-08,-8.526112763313409513e-08,-8.545457758469556146e-08,-8.439384166574365035e-08,-8.337776212007932546e-08,-8.335897623477262936e-08,-8.453669623959220955e-08,-8.595531250205168562e-08,-8.523591440667792394e-08,-7.927796839488905623e-08,-6.689676175018069867e-08,-5.164376152959893520e-08,-3.897303639623908703e-08,-2.594302807691169185e-08,2.702950173119752822e-09,5.756229989308254415e-08,1.276290516646985280e-07,1.899453002024667892e-07,2.294691415788638351e-07,2.461865479042132073e-07,2.489164472127224884e-07,2.466698129974587237e-07,2.444569927926448035e-07,2.437333406134464252e-07,2.442864706888928808e-07,2.455214666046405082e-07,2.469742835113725501e-07,2.483836558054581103e-07,2.496295017433989251e-07,2.506843713527259523e-07,2.515482522081240002e-07
9.183964728697567289e-08,8.020983758465205690e-08,6.783943648780934105e-08,5.489007308732075618e-08,4.159191137605206349e-08,2.827009067555098805e-08,1.533701226656712905e-08,3.245671515763103323e-09,-7.547425097453533947e-09,-1.670041631081117385e-08,-2.410056857400637535e-08,-2.997170475637103739e-08,-3.491927847136929474e-08,-3.982508955389318067e-08,-4.557467319912945314e-08,-5.269527281366248656e-08,-6.103839536323075372e-08,-6.970547665309385572e-08,-7.733745066178906923e-08,-8.270189646955268942e-08,-8.527361986160791674e-08,-8.546964741302239749e-08,-8.441079407850828877e-08,-8.339639414730402006e-08,-8.337939926390270985e-08,-8.455805519645847544e-08,-8.597655228459657757e-08,-8.525965276513890881e-08,-7.930107248979887927e-08,-6.692096644691040189e-08,-5.166663617702163250e-08,-3.899346560273489073e-08,-2.595945843758208582e-08,2.685929876100803284e-09,5.754841722699137408e-08,1.276167444898937556e-07,1.899256572208906046e-07,2.294594599809088480e-07,2.461786114895256342e-07,2.489091173721165522e-07,2.466633231527475130e-07,2.444500802257497066e-07,2.437269446889034944e-07,2.442793446097930646e-07,2.455146408760147912e-07,2.469693763637222542e-07,2.483772098436875824e-07,2.496252317636592339e-07,2.506800304342667726e-07,2.515430227839827181e-07
9.183613049171190123e-08,8.020909061113487629e-08,6.783959662854509414e-08,5.488799341428226863e-08,4.158999690800387689e-08,2.826972818906201249e-08,1.533438750798102200e-08,3.244785817972672044e-09,-7.550192685656828792e-09,-1.670263356724481547e-08,-2.410207298623500965e-08,-2.997496119167016181e-08,-3.491995910081681394e-08,-3.982876375563819090e-08,-4.557885412007039491e-08,-5.270080074537992668e-08,-6.104489724307427434e-08,-6.971200509574026712e-08,-7.734545755659142329e-08,-8.271233484183392554e-08,-8.528600168288613180e-08,-8.548300352274802073e-08,-8.442548548299962939e-08,-8.341308583405573861e-08,-8.339744752051202544e-08,-8.457924320321965557e-08,-8.600058983713340350e-08,-8.528474843574929510e-08,-7.932728328631734628e-08,-6.694525080164204165e-08,-5.169007774964161814e-08,-3.901398202411559251e-08,-2.598126304525121052e-08,2.666050849475760404e-09,5.753648602502232197e-08,1.276044544695556936e-07,1.899152458825296949e-07,2.294498716111512536e-07,2.461699836763217993e-07,2.489020928308790004e-07,2.466574752949805066e-07,2.444448807381278608e-07,2.437212703751467258e-07,2.442734910192192444e-07,2.455102979065049815e-07,2.469635095495295183e-07,2.483708053035146708e-07,2.496194074841959559e-07,2.506762900280018048e-07,2.515384432426618148e-07
9.183358547194962270e-08,8.020662924157246216e-08,6.784110585128079318e-08,5.488515419804580001e-08,4.158729099484355182e-08,2.826795655314580819e-08,1.533220958463736531e-08,3.240514417622782443e-09,-7.552771399859208688e-09,-1.670542588473034992e-08,-2.410512681156589460e-08,-2.997756175255433101e-08,-3.492720845162393764e-08,-3.983295847896486824e-08,-4.558353046800698057e-08,-5.270550247226923070e-08,-6.105112845578505037e-08,-6.971868411887484944e-08,-7.735411175271178995e-08,-8.272178898798971478e-08,-8.529648903230407501e-08,-8.549441896807269018e-08,-8.443955079628960144e-08,-8.342834699693519569e-08,-8.341361510054421510e-08,-8.459459230009804229e-08,-8.601679744498915593e-08,-8.529925472844731217e-08,-7.934119306502290194e-08,-6.695534358941737221e-08,-5.169883864059949031e-08,-3.902646692089901576e-08,-2.599446855880063328e-08,2.660234495322293441e-09,5.752288141725604991e-08,1.275943446281144776e-07,1.899016437086917716e-07,2.294430696308228747e-07,2.461639362800165053e-07,2.488971497517817561e-07,2.466521458565077525e-07,2.444402227740605246e-07,2.437164662357830621e-07,2.442689664171881954e-07,2.455065258795780443e-07,2.469588306678214486e-07,2.483675142066328155e-07,2.496154830154398826e-07,2.506679998010708763e-07,2.515334934704657048e-07
9.183535747463382617e-08,8.020468957921564072e-08,6.783651531466629598e-08,5.488341587332396232e-08,4.158438725143188821e-08,2.826712908411789473e-08,1.533034892540317256e-08,3.240091972232084444e-09,-7.553383637252612973e-09,-1.670942168305279444e-08,-2.410829139464992827e-08,-2.998062554458143545e-08,-3.493010118882948329e-08,-3.983652460304232262e-08,-4.558713159659217348e-08,-5.271045927156485515e-08,-6.105627541753728715e-08,-6.972550394296020495e-08,-7.736030809381871071e-08,-8.272929215557900119e-08,-8.530494782770352456e-08,-8.550488163033158709e-08,-8.445061458048039626e-08,-8.344133636248029896e-08,-8.342845204130963421e-08,-8.461046122442424405e-08,-8.603174228083292945e-08,-8.531450815068415233e-08,-7.935522623047591541e-08,-6.697082646238345597e-08,-5.171309738789978612e-08,-3.903593994065241190e-08,-2.600103641463922481e-08,2.651646502270476944e-09,5.751365367086266731e-08,1.275822303653536306e-07,1.898957321474292104e-07,2.294351364365210033e-07,2.461580018360664415e-07,2.488909049876648722e-07,2.466482795191778392e-07,2.444359749036157449e-07,2.437123913146466881e-07,2.442648216061296928e-07,2.455008228421458173e-07,2.469551037276419658e-07,2.483639249890634603e-07,2.496119774716315396e-07,2.506674512467470225e-07,2.515295066900021819e-07
9.183347941405994931e-08,8.020393165653355252e-08,6.783385548946407719e-08,5.488449169766263563e-08,4.158566510369898302e-08,2.826568446256288756e-08,1.533010285683283230e-08,3.238490143904800230e-09,-7.556018225089333421e-09,-1.671008036408245914e-08,-2.410950543456132652e-08,-2.998167801896181190e-08,-3.493230895171469556e-08,-3.983914588422761334e-08,-4.559095501546581904e-08,-5.271401863204215860e-08,-6.105951436962994756e-08,-6.972974914324293857e-08,-7.736566570052326820e-08,-8.273590625279838301e-08,-8.531289427584783695e-08,-8.551399549006966781e-08,-8.446061885513285372e-08,-8.345249260819313128e-08,-8.344089931228600298e-08,-8.462319426451789921e-08,-8.604538293222812648e-08,-8.532848675912630385e-08,-7.936874360439175187e-08,-6.698283879566700947e-08,-5.172449448480693640e-08,-3.904712104051216415e-08,-2.601046257482887530e-08,2.640975949470587932e-09,5.750438450663819234e-08,1.275748984324524890e-07,1.898882815543320828e-07,2.294264031906599814e-07,2.461517102024916167e-07,2.488868303802236032e-07,2.466431251625658427e-07,2.444332753770944036e-07,2.437081432080841158e-07,2.442606951059148771e-07,2.454992554230559181e-07,2.469507321041576095e-07,2.483594425261721247e-07,2.496083760375014919e-07,2.506617336406123770e-07,2.515270965533887305e-07
9.183484174849390573e-08,8.020653603792029770e-08,6.783548249865107511e-08,5.488542670485089167e-08,4.158544810113885272e-08,2.826469039827137373e-08,1.532982818954362687e-08,3.238761570669519011e-09,-7.555560280114619854e-09,-1.671076793132477097e-08,-2.411034229828487782e-08,-2.998365756584907655e-08,-3.493378548763491026e-08,-3.984096371119537596e-08,-4.559212960647800592e-08,-5.271682166937967217e-08,-6.106341452232473490e-08,-6.973280820699064385e-08,-7.737036062762651205e-08,-8.273989934906613153e-08,-8.531938452426474407e-08,-8.552105089197083570e-08,-8.446943276802181214e-08,-8.346211219743590807e-08,-8.345077833448945885e-08,-8.463401554265543308e-08,-8.605622430098056321e-08,-8.533917791331583060e-08,-7.937932398012049043e-08,-6.699329907902936092e-08,-5.173442725042933315e-08,-3.905577386460146232e-08,-2.601887952283878681e-08,2.633771365337877509e-09,5.749684544357302484e-08,1.275678659108122066e-07,1.898821552142745192e-07,2.294226019515389037e-07,2.461463724220793619e-07,2.488827077979908135e-07,2.466397604635595524e-07,2.444287080480035251e-07,2.437053878223004307e-07,2.442584328338846877e-07,2.454954521043136832e-07,2.469492640700340619e-07,2.483574826356748870e-07,2.496058695799303914e-07,2.506576877167693614e-07,2.515240900890175298e-07
9.183815996507486249e-08,8.020754713615114667e-08,6.784200401579136185e-08,5.488703144183275414e-08,4.158859878443468486e-08,2.826844351536827744e-08,1.533187428858079071e-08,3.239245696678075572e-09,-7.554845828164162439e-09,-1.671059303325072752e-08,-2.411015969067671012e-08,-2.998488922415919738e-08,-3.493556861613777834e-08,-3.984205373943308211e-08,-4.559395730807298413e-08,-5.271779839051684203e-08,-6.106490110413180466e-08,-6.973630762588387964e-08,-7.737434108994316763e-08,-8.274542760712749251e-08,-8.532508728679671620e-08,-8.552781272722726013e-08,-8.447740941181832396e-08,-8.347035296867620779e-08,-8.346063658391180891e-08,-8.464393352130085080e-08,-8.606568474533739379e-08,-8.534861670257457720e-08,-7.938765756920801569e-08,-6.700081885509564918e-08,-5.174250897455134624e-08,-3.906358136540336990e-08,-2.602428229580711838e-08,2.630879230330647666e-09,5.749733276504710155e-08,1.275673834437770581e-07,1.898802213672450950e-07,2.294191243032137847e-07,2.461431894726367413e-07,2.488779532563013455e-07,2.466367169306897218e-07,2.444250993921678191e-07,2.437027054710748429e-07,2.442557208060329828e-07,2.454919946129535297e-07,2.469456481186352362e-07,2.483553915090323823e-07,2.496031692668502318e-07,2.506599971899352121e-07,2.515225756064193042e-07
9.184465175076233647e-08,8.021367073155335907e-08,6.784770071156321934e-08,5.489399092799314236e-08,4.159237578805736169e-08,2.827242605998516283e-08,1.533452493751634698e-08,3.243723790280853224e-09,-7.552526020780192440e-09,-1.670967334955066193e-08,-2.411010980997387326e-08,-2.998438979378624657e-08,-3.493583563251427603e-08,-3.984274004172908939e-08,-4.559508937900827135e-08,-5.271790603334810316e-08,-6.106587550894567116e-08,-6.973688085075352541e-08,-7.737506548199179073e-08,-8.274834855699598787e-08,-8.532837324169537021e-08,-8.553265496260210063e-08,-8.448330520823341258e-08,-8.347677162676327682e-08,-8.346698316017158124e-08,-8.465153489425560277e-08,-8.607359670950618707e-08,-8.535520763545377400e-08,-7.939410572970489459e-08,-6.700555058878021840e-08,-5.174696783764698127e-08,-3.906816959297808757e-08,-2.602875086955472355e-08,2.628997508455886019e-09,5.749865713740903057e-08,1.275695959393026385e-07,1.898805287568771292e-07,2.294184023450905392e-07,2.461402107878098064e-07,2.488755577885522762e-07,2.466327171254901428e-07,2.444221501232280254e-07,2.436995999858013687e-07,2.442522196708848054e-07,2.454895318093251606e-07,2.469442554967596668e-07,2.483538326712194545e-07,2.496003490182042274e-07,2.506602781831136457e-07,2.515205975103939564e-07
9.185198699664146145e-08,8.022045065064521268e-08,6.785500119755722465e-08,5.490010280542132347e-08,4.159942299005896985e-08,2.827713266982951357e-08,1.534074318356386404e-08,3.247857640293988492e-09,-7.551529609982687935e-09,-1.670751037911395015e-08,-2.411048025572515911e-08,-2.998402662496508271e-08,-3.493656447546561019e-08,-3.984402840676114115e-08,-4.559559078270194151e-08,-5.271927285676174713e-08,-6.106626406841321379e-08,-6.973797845134698365e-08,-7.737803824739431445e-08,-8.275167628911176187e-08,-8.533307988198423574e-08,-8.553857340916692360e-08,-8.449049656666061809e-08,-8.348652045837197628e-08,-8.347550173110007940e-08,-8.465965824330564332e-08,-8.608136727912632352e-08,-8.536239029935381048e-08,-7.939903845612517812e-08,-6.701035659248138519e-08,-5.175162031274243496e-08,-3.907254510876725501e-08,-2.603250627677341562e-08,2.628675355156328195e-09,5.750157918681896217e-08,1.275738577939914650e-07,1.898829116961774928e-07,2.294184236463636117e-07,2.461370464955439571e-07,2.488706936418941177e-07,2.466283123013392205e-07,2.444184760196320977e-07,2.436950312956450110e-07,2.442484405426705429e-07,2.454863685112822327e-07,2.469427386493734074e-07,2.483527568118946478e-07,2.496008176738876179e-07,2.506566545713833673e-07,2.515187877642791109e-07
