1.242582122004363152e-04,-8.846128144210496495e-05,-2.940040796926707018e-04,-4.121422156444589941e-04,-5.582771851536261903e-04,-7.479062250484760617e-04,-9.220494006729110627e-04,-1.180646082954948722e-03,-1.475290371264790807e-03,-1.700409007071942589e-03,-2.048190001640950476e-03,-2.384615570249824009e-03,-2.748859914302243055e-03,-3.293200999561469652e-03,-3.869714015006250809e-03,-4.555787814130762316e-03,-5.303090368536506755e-03,-6.380249146617398941e-03,-7.586704716465654703e-03,-9.118312826014853684e-03,-1.101420020552699823e-02,-1.338883174429392545e-02,-1.613465665238594804e-02,-1.956582353778911487e-02,-2.382529265631608273e-02,-2.877909372798606244e-02,-3.396331779776010779e-02,-4.069715450601584655e-02,-4.802242340640543866e-02,-5.591521737007346116e-02,-6.443666785633848926e-02,-7.341144587542437761e-02,-8.248856345044108807e-02,-9.178984849269969382e-02,-1.006827960537403088e-01,-1.092655260178158200e-01,-1.173244789654931952e-01,-1.245899895941330465e-01,-1.311458216865687976e-01,-1.369160920210803767e-01,-1.419770508869380443e-01,-1.457560478481256805e-01,-1.494964202018106703e-01,-1.524860265630480771e-01,-1.547072827925063121e-01,-1.567055703899095931e-01,-1.582397025033042692e-01,-1.598257395654270885e-01,-1.608789971060397561e-01,-1.617248363605751915e-01
2.493271047567575016e-04,3.546421484334053752e-05,-1.712550342760876506e-04,-2.907099490247295136e-04,-4.382788999726957668e-04,-6.294454173882380824e-04,-8.053097120389208097e-04,-1.065778479032864889e-03,-1.362456358728344292e-03,-1.589753805697446216e-03,-1.939927482930601903e-03,-2.278943822490708208e-03,-2.645950019148456036e-03,-3.193283617822983630e-03,-3.772968947058660035e-03,-4.462444524571579189e-03,-5.213287833634663512e-03,-6.294139270927807776e-03,-7.504498082920135239e-03,-9.040045280501349603e-03,-1.093991717938215015e-02,-1.331851709964581958e-02,-1.606816703931215548e-02,-1.950296116102437013e-02,-2.376586158625778808e-02,-2.872259853863796605e-02,-3.390927173652222987e-02,-4.064524202044245832e-02,-4.797204752820422025e-02,-5.586583406783405398e-02,-6.438778847772280711e-02,-7.336254620187813991e-02,-8.243937204863954760e-02,-9.173986894481024612e-02,-1.006321388757588087e-01,-1.092138642446524310e-01,-1.172713951477269839e-01,-1.245365114526082173e-01,-1.310906937778904546e-01,-1.368601980496592374e-01,-1.419204340439750023e-01,-1.456984751611607731e-01,-1.494388241306102427e-01,-1.524273643178067350e-01,-1.546474619675758666e-01,-1.566459943115378062e-01,-1.581798230527042548e-01,-1.597658827848721930e-01,-1.608187084742261075e-01,-1.616641512214121168e-01
3.885974313512142076e-04,1.735166600290270625e-04,-3.454607687116211613e-05,-1.554062449596777277e-04,-3.045394628956974055e-04,-4.974283905097237959e-04,-6.751488823379156023e-04,-9.376703784762366106e-04,-1.236604782106705226e-03,-1.466267847258702914e-03,-1.819093759596172562e-03,-2.160925495809367693e-03,-2.530948149206946156e-03,-3.081586792845616724e-03,-3.664770221935185861e-03,-4.357932705165656027e-03,-5.112646443326459081e-03,-6.197640545547399710e-03,-7.412213223102128747e-03,-8.952093890524696895e-03,-1.085635542578842518e-02,-1.323930936418897357e-02,-1.599313076248326873e-02,-1.943191818237465299e-02,-2.369859945866560971e-02,-2.865852510711383236e-02,-3.384789207869266792e-02,-4.058620121752778975e-02,-4.791474164953425652e-02,-5.580960999772045100e-02,-6.433211229211863169e-02,-7.330691177468313946e-02,-8.238341233760500260e-02,-9.168326760031947353e-02,-1.005744102603594731e-01,-1.091549917373473427e-01,-1.172116304125242203e-01,-1.244752713343429129e-01,-1.310286902267355225e-01,-1.367983323187265121e-01,-1.418562034507216962e-01,-1.456334135632527949e-01,-1.493727160815223609e-01,-1.523609175247805925e-01,-1.545806279215892476e-01,-1.565787538510668431e-01,-1.581120890125215228e-01,-1.596977854321242341e-01,-1.607503106053198294e-01,-1.615957636316488755e-01
5.441342733923785514e-04,3.277252438134502341e-04,1.182158688797777706e-04,-4.234507732913810017e-06,-1.550764024200304082e-04,-3.498271718011156345e-04,-5.296409480108078263e-04,-7.943465261906797062e-04,-1.095721417328420757e-03,-1.328023433930399866e-03,-1.683737949489940268e-03,-2.028641386206462074e-03,-2.402012517480499668e-03,-2.956252108620029129e-03,-3.543299263766628519e-03,-4.240500377077537943e-03,-4.999482254931185074e-03,-6.088969385201042570e-03,-7.308174701722862723e-03,-8.852799068194543500e-03,-1.076187921953490959e-02,-1.314958981936269374e-02,-1.590801946600788400e-02,-1.935118072441760831e-02,-2.362196125011263234e-02,-2.858547846693441571e-02,-3.377777467148072171e-02,-4.051872300583965469e-02,-4.784912137050397613e-02,-5.574516325999329114e-02,-6.426834675274316344e-02,-7.324320179599634606e-02,-8.231923098828226870e-02,-9.161840526048511957e-02,-1.005085130253274006e-01,-1.090879183229464949e-01,-1.171432787844133017e-01,-1.244056085836782732e-01,-1.309579615396461449e-01,-1.367250674145116529e-01,-1.417833539559016920e-01,-1.455594886284202194e-01,-1.492981522390798010e-01,-1.522860734804552529e-01,-1.545052503914246533e-01,-1.565024594248379253e-01,-1.580354025435418697e-01,-1.596210412727183392e-01,-1.606733151301202867e-01,-1.615184865541122727e-01
7.184415802633844356e-04,5.005804427139334736e-04,2.894768146588143571e-04,1.652541752630672838e-04,1.259334874311760002e-05,-1.842146790110819616e-04,-3.662772435945618158e-04,-6.334194214881256257e-04,-9.375096862302621748e-04,-1.172674716286851082e-03,-1.531561012573448653e-03,-1.879846201018720020e-03,-2.256841781050563951e-03,-2.815043733455621904e-03,-3.406290160573910691e-03,-4.107919805272486520e-03,-4.871577243495322194e-03,-5.965966774235377697e-03,-7.190298797576665651e-03,-8.740137461002444805e-03,-1.065446000777808128e-02,-1.304738492472042044e-02,-1.581086810121442102e-02,-1.925882069161083052e-02,-2.353402851928633119e-02,-2.850160840474620302e-02,-3.369708294999548132e-02,-4.044086948738673942e-02,-4.777337527173171339e-02,-5.567085008343756330e-02,-6.419461714688429188e-02,-7.316960783532606982e-02,-8.224517398528252698e-02,-9.154365318753700242e-02,-1.004327216053861604e-01,-1.090108049715418914e-01,-1.170648634197086063e-01,-1.243258532681046358e-01,-1.308768600978519325e-01,-1.366426608788391950e-01,-1.417000145862417348e-01,-1.454749528011835824e-01,-1.492130295677014384e-01,-1.521999805724801036e-01,-1.544186801719303337e-01,-1.564153712385802919e-01,-1.579478252804085436e-01,-1.595332119896266942e-01,-1.605850484039394177e-01,-1.614298787197578355e-01
9.145535687396511015e-04,6.950745973332766526e-04,4.822418201933082425e-04,3.561231295687914788e-04,2.014271225116331433e-04,2.379371959906791191e-06,-1.821471141964115122e-04,-4.519759002738008426e-04,-7.590228644974422040e-04,-9.973087886600187201e-04,-1.359659201631999766e-03,-1.711652821127046054e-03,-2.092634717375291449e-03,-2.655129502479754849e-03,-3.251007368924396009e-03,-3.957494194594152193e-03,-4.726247852871347591e-03,-5.826063384541935002e-03,-7.055959276720013759e-03,-8.611480329423841854e-03,-1.053159718530659837e-02,-1.293029213130480332e-02,-1.569924536002627671e-02,-1.915246564566083776e-02,-2.343271355204945561e-02,-2.840448441162482518e-02,-3.360353868332141558e-02,-4.035054992049535300e-02,-4.768534996900877093e-02,-5.558424904025228985e-02,-6.410888561530468654e-02,-7.308400481267221527e-02,-8.215921465009601299e-02,-9.145682625698314805e-02,-1.003445556974033037e-01,-1.089214663388270582e-01,-1.169741311333420131e-01,-1.242335407994876600e-01,-1.307830640796340538e-01,-1.365476874220302173e-01,-1.416039660597390726e-01,-1.453776282441044398e-01,-1.491150049922682630e-01,-1.521009564761152399e-01,-1.543191124262715264e-01,-1.563152963797460326e-01,-1.578471482782664026e-01,-1.594322364613914023e-01,-1.604843986476752193e-01,-1.613292916593226933e-01
1.136191285621982166e-03,9.149518381617149487e-04,7.002290663473193693e-04,5.720428848912601297e-04,4.150831163952271798e-04,2.136108655997647268e-04,2.637054799438558000e-05,-2.463735663276168898e-04,-5.566533240534154471e-04,-7.983659325748558707e-04,-1.164507603629754426e-03,-1.520560730617661650e-03,-1.905884159018521925e-03,-2.473148265105393467e-03,-3.074027347956330859e-03,-3.785808787214576393e-03,-4.560166712416055881e-03,-5.665857999572633703e-03,-6.901882292775577896e-03,-8.463626893045264610e-03,-1.039006130510114305e-02,-1.279499941823101193e-02,-1.557003671800779795e-02,-1.902901320891947634e-02,-2.331469647130630235e-02,-2.829120695495960375e-02,-3.349421514289217111e-02,-4.024462557746123076e-02,-4.758202316761941247e-02,-5.548265284417537579e-02,-6.400818289173020037e-02,-7.298350906597914078e-02,-8.205817712086868609e-02,-9.135505897210703663e-02,-1.002416249122803776e-01,-1.088167762371144709e-01,-1.168681784267025514e-01,-1.241260158850394368e-01,-1.306742951119695129e-01,-1.364373006064229787e-01,-1.414923595857100203e-01,-1.452647285761607399e-01,-1.490014887593542336e-01,-1.519863243932101649e-01,-1.542035569415608209e-01,-1.561994552293066996e-01,-1.577308277975579542e-01,-1.593155412722407349e-01,-1.603672142061994266e-01,-1.612112034002143868e-01
1.387934688941743237e-03,1.164782688113155055e-03,9.479709222309753080e-04,8.175119711908957571e-04,6.581394467006655745e-04,4.539688492994565150e-04,2.637841161032277067e-04,-1.212218016462536548e-05,-3.259453877595405247e-04,-5.713897924922705382e-04,-9.416473606305174110e-04,-1.302158793527266340e-03,-1.692238360123371000e-03,-2.264664956517057400e-03,-2.871045652972676384e-03,-3.588623657439329526e-03,-4.369093365961727177e-03,-5.481223641561139628e-03,-6.723902896590534806e-03,-8.292474461373610523e-03,-1.022583176708041081e-02,-1.263762943257169119e-02,-1.541927679550651048e-02,-1.888457580551611628e-02,-2.317614546263092185e-02,-2.815792890945540208e-02,-3.336523860004006470e-02,-4.011955330362361460e-02,-4.745977153620171279e-02,-5.536226110429844777e-02,-6.388891268527627232e-02,-7.286444328506558321e-02,-8.193871677930969488e-02,-9.123482365626625623e-02,-1.001200122492839906e-01,-1.086938526573113933e-01,-1.167435333037556561e-01,-1.239997759529529731e-01,-1.305461804226789035e-01,-1.363079247358460200e-01,-1.413616954369979195e-01,-1.451327217589744589e-01,-1.488685215091958836e-01,-1.518525677347638270e-01,-1.540694237860939508e-01,-1.560643088264007938e-01,-1.575950784884068145e-01,-1.591796591773715353e-01,-1.602306943184809984e-01,-1.610745575489968828e-01
1.675512313705502642e-03,1.450234274419572901e-03,1.231181118320842736e-03,1.098242376465464847e-03,9.362199986044514788e-04,7.291202562097494734e-04,5.357261524109799278e-04,2.563299982383630284e-04,-6.131010936957384343e-05,-3.108447503899037048e-04,-6.856096743710740670e-04,-1.050944795610699554e-03,-1.446222646948503929e-03,-2.024271115963654707e-03,-2.636661005922263760e-03,-3.360546654748950649e-03,-4.147696399056812096e-03,-5.266851107981429699e-03,-6.516813612104882178e-03,-8.092834554319566082e-03,-1.003372160582321343e-02,-1.245302649497784936e-02,-1.524192244179948912e-02,-1.871412999565005841e-02,-2.301229779383473506e-02,-2.799982241382045420e-02,-3.321179848710913152e-02,-3.997034468221064007e-02,-4.731371510169200129e-02,-5.521836796265022773e-02,-6.374623498775328079e-02,-7.272226602601679357e-02,-8.179631530328400346e-02,-9.109145079159698677e-02,-9.997550632668839032e-02,-1.085475700776319663e-01,-1.165956257867962198e-01,-1.238499807354418586e-01,-1.303949651666601317e-01,-1.361550970510466974e-01,-1.412077418141303164e-01,-1.449770499978414728e-01,-1.487120363544102153e-01,-1.516950484890284279e-01,-1.539111110577331132e-01,-1.559053369399887867e-01,-1.574354199784758768e-01,-1.590196099654256345e-01,-1.600702406472397643e-01,-1.609142078315946855e-01
2.006007811131543198e-03,1.778475169471984470e-03,1.556950637475093416e-03,1.421304853885162417e-03,1.256427120784226435e-03,1.046140852559962389e-03,8.492373784077495531e-04,5.660667123971955400e-04,2.442404269848645181e-04,-9.747365128226785210e-06,-3.894052737421336186e-04,-7.600218416248227240e-04,-1.160943146752858130e-03,-1.745123727118332675e-03,-2.364037403595460260e-03,-3.094825794985273625e-03,-3.889213414325848241e-03,-5.016049142226673002e-03,-6.273942777917553525e-03,-7.858054464564154240e-03,-9.807194844068417572e-03,-1.223465732456374515e-02,-1.503146621297872521e-02,-1.851125151746986150e-02,-2.281660041596539693e-02,-2.781030303568384973e-02,-3.302758237819957560e-02,-3.979085442331582734e-02,-4.713782589994856831e-02,-5.504488560004903303e-02,-6.357420329759963518e-02,-7.255077248306482374e-02,-8.162456408431509325e-02,-9.091896985501424222e-02,-9.980153751966884534e-02,-1.083720237193036146e-01,-1.164186720389843999e-01,-1.236715412361912986e-01,-1.302142329622088257e-01,-1.359741257859778396e-01,-1.410243368043120338e-01,-1.447919145042740885e-01,-1.485261415956624087e-01,-1.515083519403332690e-01,-1.537224563207460482e-01,-1.557167548854312134e-01,-1.572461069706336811e-01,-1.588302872064243088e-01,-1.598803103476557352e-01,-1.607233877928932186e-01
2.388396903083849551e-03,2.158397844255920649e-03,1.934177131094034314e-03,1.795611372347657390e-03,1.627584197540301236e-03,1.413854976102336958e-03,1.213167883348766334e-03,9.258753206828511991e-04,5.995033917922789951e-04,3.406891481131996331e-04,-4.427465347167747569e-05,-4.206205534458237511e-04,-8.276672555015102779e-04,-1.418522555567585395e-03,-2.044539367649374651e-03,-2.782781494618082399e-03,-3.585082427666180967e-03,-4.720229417839635552e-03,-5.986762799401084897e-03,-7.579695259327976636e-03,-9.537798260424763461e-03,-1.197422048660242225e-02,-1.477964701696450091e-02,-1.826769257736350974e-02,-2.258085637262974635e-02,-2.758151714131678450e-02,-3.280451307669687150e-02,-3.957300789951458814e-02,-4.692396372366446078e-02,-5.483373446916704752e-02,-6.336487940366285210e-02,-7.234213723142811359e-02,-8.141584035185070456e-02,-9.070948015802540731e-02,-9.959079754509106430e-02,-1.081599769491942697e-01,-1.162045880846798440e-01,-1.234558221775916703e-01,-1.299969329763193682e-01,-1.357538468155402023e-01,-1.408037169742486772e-01,-1.445696866328032570e-01,-1.483030541238402888e-01,-1.512837665141930077e-01,-1.534975168981109195e-01,-1.554911553180071959e-01,-1.570198687955216277e-01,-1.586035145504832988e-01,-1.596530985434684580e-01,-1.604959290518111481e-01
2.833878451380455760e-03,2.601165755589786386e-03,2.374081426826163931e-03,2.232341035768428683e-03,2.060915091103339251e-03,1.843439592664356062e-03,1.638615369583953235e-03,1.346905761239855894e-03,1.015589653510371587e-03,7.515615778342586142e-04,3.608131110687240180e-04,-2.172091465070773102e-05,-4.354181878997394122e-04,-1.033485523062171270e-03,-1.667196710388282399e-03,-2.413564741414409021e-03,-3.224404184137865271e-03,-4.368595296138029320e-03,-5.644493038998311951e-03,-7.247013013285038933e-03,-9.214871598346982551e-03,-1.166095677604518308e-02,-1.447580313757545686e-02,-1.797285785071006670e-02,-2.229462551743863902e-02,-2.730281010131744429e-02,-3.253218182823322535e-02,-3.930654120256216189e-02,-4.666194074789592472e-02,-5.457486497212588050e-02,-6.310812584982629370e-02,-7.208641321029045368e-02,-8.116013166953781055e-02,-9.045338115434922721e-02,-9.933357515616733635e-02,-1.079011974701171300e-01,-1.159443224419189900e-01,-1.231937875145995842e-01,-1.297332889810359768e-01,-1.354883175701577236e-01,-1.405368966682898069e-01,-1.443013028771765738e-01,-1.480338252565135959e-01,-1.510136227304214596e-01,-1.532260870816390952e-01,-1.552190605711195326e-01,-1.567470384965564678e-01,-1.583302093624925355e-01,-1.593796619452710617e-01,-1.602219189205826289e-01
3.356533552138734559e-03,3.120943822487598149e-03,2.890705311166638820e-03,2.745537189632663889e-03,2.570452893771754503e-03,2.348931048333576140e-03,2.139655311835638330e-03,1.843141843525482283e-03,1.506518427339076328e-03,1.236839666619670266e-03,8.398821430134236063e-04,4.506231290842125422e-04,2.977472031392851246e-05,-5.760981766680855825e-04,-1.218142870349207168e-03,-1.973236249598807942e-03,-2.793340826464892242e-03,-3.947309459852866263e-03,-5.233357672035100425e-03,-6.846247263889952174e-03,-8.824675659884952811e-03,-1.128128738930254601e-02,-1.410636196970874688e-02,-1.761325197520087135e-02,-2.194438949955120066e-02,-2.696090700505418547e-02,-3.219729505587135693e-02,-3.897810497458616824e-02,-4.633854923666044789e-02,-5.425519352496587649e-02,-6.279097438630151795e-02,-7.177064592595863712e-02,-8.084478515023706124e-02,-9.013789565373313273e-02,-9.901702022113538504e-02,-1.075833248283025873e-01,-1.156249694192778149e-01,-1.228726341579060855e-01,-1.294106057680957655e-01,-1.351641186122491678e-01,-1.402115667591452564e-01,-1.439740725118043574e-01,-1.477058127390929454e-01,-1.506841267531442430e-01,-1.528960493857307867e-01,-1.548883712530328416e-01,-1.564156716147093729e-01,-1.579985802093519243e-01,-1.590477952247217053e-01,-1.598893511644382814e-01
3.973997704510256503e-03,3.735297613079427773e-03,3.501733399868507159e-03,3.352853151333871906e-03,3.173838211914604794e-03,2.947998067873044276e-03,2.733911163554315817e-03,2.432249027155047785e-03,2.089877336314770705e-03,1.814130876866079699e-03,1.410469600211949068e-03,1.013994701949499444e-03,5.854285741477383920e-04,-2.885615530590246948e-05,-6.798406007883988711e-04,-1.444382918733948641e-03,-2.274445518422102928e-03,-3.438957354641861749e-03,-4.735928859319801440e-03,-6.360045108716960716e-03,-8.349877441731856295e-03,-1.081792390593721599e-02,-1.365407448058742097e-02,-1.717165482910990373e-02,-2.151303677335100056e-02,-2.653862089551518172e-02,-3.178286370422567231e-02,-3.857093880834360639e-02,-4.593702424811600682e-02,-5.385792870034618318e-02,-6.239678402506010357e-02,-7.137832023757087474e-02,-8.045335134786904541e-02,-8.974659517934950592e-02,-9.862492411143453097e-02,-1.071903027974096673e-01,-1.152306575112028997e-01,-1.224769990026783745e-01,-1.290132907366290937e-01,-1.347654358709571565e-01,-1.398116555528918781e-01,-1.435726404054860073e-01,-1.473035662385297484e-01,-1.502811488884936153e-01,-1.524919832140673170e-01,-1.544837000792895210e-01,-1.560102729372193076e-01,-1.575929173897203939e-01,-1.586415517243578710e-01,-1.594836222099619560e-01
4.708466467859942321e-03,4.466402544926723062e-03,4.229217462621268075e-03,4.076364712768953957e-03,3.893154783712684391e-03,3.662655460843657843e-03,3.443436640881359073e-03,3.136241254683137542e-03,2.787763530512808990e-03,2.505498551836867534e-03,2.094664763286983519e-03,1.690455829735048460e-03,1.253599768953953236e-03,6.303134959218158412e-04,-3.026859750263371344e-05,-8.049184343191169736e-04,-1.645668263077559607e-03,-2.821522575983302639e-03,-4.130249657795610416e-03,-5.766423305876151352e-03,-7.768560717521515169e-03,-1.024893956715255960e-02,-1.309709346007092642e-02,-1.662628974282127220e-02,-2.097884361812857312e-02,-2.601447119364768898e-02,-3.126725337204575017e-02,-3.806341066124058897e-02,-4.543602296955783632e-02,-5.336193566723886061e-02,-6.190455959899463650e-02,-7.088858244064250025e-02,-7.996499997400600968e-02,-8.925892341353520998e-02,-9.813713755509206882e-02,-1.067019758961396808e-01,-1.147416689245600308e-01,-1.219865286266986204e-01,-1.285216458773017489e-01,-1.342725943115666842e-01,-1.393181398794208492e-01,-1.430773436014041167e-01,-1.468078683010818342e-01,-1.497840255248312491e-01,-1.519948269871930768e-01,-1.539855868439373721e-01,-1.555114136788251777e-01,-1.570939371962734865e-01,-1.581421460408287682e-01,-1.589833876781645006e-01
5.587302697426701180e-03,5.341676913273848103e-03,5.100632457736864814e-03,4.943583590320635782e-03,4.755851996116461193e-03,4.520414826835774703e-03,4.295734752436917298e-03,3.982645102220641609e-03,3.627607277391335736e-03,3.338433153256375931e-03,2.919929094990332367e-03,2.507513760286156791e-03,2.061819017501487564e-03,1.428911452251689163e-03,7.580866676300631506e-04,-2.736384235956611160e-05,-8.795386560281043655e-04,-2.067466354496384079e-03,-3.388799957982911379e-03,-5.037887804115724968e-03,-7.053249270749940847e-03,-9.546889666104523345e-03,-1.240799837495535837e-02,-1.594977225355513964e-02,-2.031451081187915855e-02,-2.536105745702286682e-02,-3.062344066679308086e-02,-3.742865751278429132e-02,-4.480878437075593024e-02,-5.274060332967470122e-02,-6.128785913477714092e-02,-7.027524318925108815e-02,-7.935374977201072044e-02,-8.864904145967612836e-02,-9.752767445897510268e-02,-1.060923975478545167e-01,-1.141317582061009278e-01,-1.213763470980186582e-01,-1.279107272933418804e-01,-1.336606352420712518e-01,-1.387057150264237870e-01,-1.424631854549886223e-01,-1.461938657602623870e-01,-1.491693994731520534e-01,-1.513790140763111858e-01,-1.533696040082025980e-01,-1.548948596762822483e-01,-1.564772778856931557e-01,-1.575252238768938551e-01,-1.583663150920497920e-01
6.644406375945193649e-03,6.395003613724877141e-03,6.149900681018357837e-03,5.988351772754602759e-03,5.795901083349624949e-03,5.555204669523233947e-03,5.324705911126673998e-03,5.005395697006442303e-03,4.643418824623200304e-03,4.346907937613663474e-03,3.920285371670560563e-03,3.499117863274398086e-03,3.044096691297591261e-03,2.401009051021385857e-03,1.719288149495636162e-03,9.223987762238289746e-04,5.806848056811939735e-05,-1.142721269408934585e-03,-2.477462170626297967e-03,-4.140330356990701115e-03,-6.169851412799941433e-03,-8.677667684275688215e-03,-1.155273915155927492e-02,-1.510810773041933348e-02,-1.948609479413638754e-02,-2.454461222110662297e-02,-2.981764899569223567e-02,-3.663308860643581938e-02,-4.402177025145756484e-02,-5.196055270632179285e-02,-6.051351323496831358e-02,-6.950522098542018246e-02,-7.858707130655899487e-02,-8.788462955290810008e-02,-9.676473883494660089e-02,-1.053304763834936320e-01,-1.133699747016420623e-01,-1.206146948226675120e-01,-1.271489150007361901e-01,-1.328986899224257889e-01,-1.379435074815094642e-01,-1.417004264706263061e-01,-1.454307348933335242e-01,-1.484058242105291969e-01,-1.506148321758189190e-01,-1.526053844457053166e-01,-1.541302151715150948e-01,-1.557124196108964909e-01,-1.567604032663748870e-01,-1.576011520130700394e-01
7.921077686556388456e-03,7.667691057196808838e-03,7.418306178538276556e-03,7.252035322658373535e-03,7.054582792856626920e-03,6.808378514647704140e-03,6.571765542762550427e-03,6.245920843694322162e-03,5.876617927998265684e-03,5.572413817469920767e-03,5.137244168473315171e-03,4.706895675829034231e-03,4.242021707899877071e-03,3.588179449107377090e-03,2.895027497096344226e-03,2.086042446591918152e-03,1.208913585840598950e-03,-5.481936042365501560e-06,-1.354424453926043144e-03,-3.031916724342218969e-03,-5.076481872396377236e-03,-7.599466159262519005e-03,-1.048948623209575853e-02,-1.405951909331913663e-02,-1.845191486069911596e-02,-2.352363948789017514e-02,-2.880842233923916126e-02,-3.563538288089157513e-02,-4.303398173335112181e-02,-5.098111047198475992e-02,-5.954115708992355205e-02,-6.853860372986897431e-02,-7.762479969257890522e-02,-8.692625742370078956e-02,-9.580900786552036530e-02,-1.043767338841140868e-01,-1.124181459292514784e-01,-1.196634755724102217e-01,-1.261985416054333675e-01,-1.319498848786154199e-01,-1.369942885091562645e-01,-1.407504287297090539e-01,-1.444817050180715323e-01,-1.474563632051428819e-01,-1.496650531528798400e-01,-1.516556363932206608e-01,-1.531801664406490793e-01,-1.547630141459042930e-01,-1.558106911133069761e-01,-1.566514848132218030e-01
9.467030845157629187e-03,9.209482712853706357e-03,8.955636035625897523e-03,8.784428216341380949e-03,8.581764236914852725e-03,8.329821688491129833e-03,8.086836454678643718e-03,7.754152266604045531e-03,7.377209062099641425e-03,7.064946630953390996e-03,6.620892808212121110e-03,6.180924008305025905e-03,5.705762672057577631e-03,5.040680178367071620e-03,4.335524801241125853e-03,3.513911842491852528e-03,2.623351327139217086e-03,1.394673637438478874e-03,3.077433585747140540e-05,-1.662123721540458184e-03,-3.722619146260393915e-03,-6.261725019488790026e-03,-9.167715539196909236e-03,-1.275352004817388585e-02,-1.716154728180909611e-02,-2.224768544726306307e-02,-2.754564724302920389e-02,-3.438566545673463898e-02,-4.179564660570059959e-02,-4.975274858548603407e-02,-5.832162538028916321e-02,-6.732647156674589906e-02,-7.641894037151658603e-02,-8.572574745212677150e-02,-9.461267458198843738e-02,-1.031839831854735462e-01,-1.112282918282056221e-01,-1.184763907148785600e-01,-1.250131791570269491e-01,-1.307645678321662230e-01,-1.358114484237281649e-01,-1.395679068553516144e-01,-1.433004377586250822e-01,-1.462750175864849511e-01,-1.484842914059478769e-01,-1.504752571705712805e-01,-1.519997294923648989e-01,-1.535830040444390032e-01,-1.546308585407264735e-01,-1.554711586518150723e-01
1.134102696920616382e-02,1.107915765959448413e-02,1.082066344454646854e-02,1.064436415777938842e-02,1.043633413444673003e-02,1.017843690659675851e-02,9.928816793552841524e-03,9.589100321924955150e-03,9.204248234020140015e-03,8.883679801906995896e-03,8.430367495258096061e-03,7.980435198357017576e-03,7.494663993556571584e-03,6.817915693717137467e-03,6.100286559310726109e-03,5.265574291809618432e-03,4.361042156907508557e-03,3.117460056220139070e-03,1.737948652260290494e-03,2.886653678655204093e-05,-2.048394714911224226e-03,-4.604565973504172807e-03,-7.527529325309835311e-03,-1.113024454699547416e-02,-1.555521100606303657e-02,-2.065714363645348647e-02,-2.596976833120749964e-02,-3.282458911929952983e-02,-4.024790236006044880e-02,-4.821681997673844117e-02,-5.679655255605817882e-02,-6.581092014714728933e-02,-7.491177546626469341e-02,-8.422627106917819628e-02,-9.311935330519917342e-02,-1.016961540180966045e-01,-1.097455148632715677e-01,-1.169975257128013924e-01,-1.235376139883895552e-01,-1.292923244818321993e-01,-1.343415551516963513e-01,-1.380987297252642965e-01,-1.418333826713724100e-01,-1.448085299824290184e-01,-1.470193412224703733e-01,-1.490107161475494602e-01,-1.505354776110123527e-01,-1.521198198556008574e-01,-1.531675136082792099e-01,-1.540088429267892911e-01
1.361090613618053287e-02,1.334459956130288304e-02,1.308135926212548178e-02,1.289980377066907331e-02,1.268628879629745722e-02,1.242228303904316031e-02,1.216590866715417350e-02,1.181894476491855868e-02,1.142597456088981743e-02,1.109690678347552417e-02,1.063411754962808459e-02,1.017396628714843133e-02,9.677260487924201071e-03,8.988555431768777484e-03,8.258099155668267854e-03,7.409881242664261188e-03,6.490946545057639690e-03,5.231988583566197885e-03,3.836226531296902612e-03,2.110335151791055928e-03,1.551540993400940923e-05,-2.558618610005576350e-03,-5.499581895692737775e-03,-9.120381823375980565e-03,-1.356368156298995951e-02,-1.868297700949391946e-02,-2.401190770653072529e-02,-3.088353870061836398e-02,-3.832232177689884334e-02,-4.630553824170764721e-02,-5.489856138648389894e-02,-6.392503900399935934e-02,-7.303688652503409484e-02,-8.236159506063264746e-02,-9.126362778865687586e-02,-9.984840967079657015e-02,-1.079049303834356821e-01,-1.151632503115832679e-01,-1.217088496070767439e-01,-1.274670956956023837e-01,-1.325206828515691215e-01,-1.362801647336215338e-01,-1.400179761627939889e-01,-1.429950758049580717e-01,-1.452067155606539817e-01,-1.472004290089689582e-01,-1.487254218895340818e-01,-1.503109639620319737e-01,-1.513599978376216626e-01,-1.522011525643205132e-01
1.635290420584357626e-02,1.608210234710470352e-02,1.581406021448391458e-02,1.562714428952312676e-02,1.540807308389528264e-02,1.513792229554133950e-02,1.487461839597998062e-02,1.452038119777417438e-02,1.411913742231992938e-02,1.378145364674933891e-02,1.330905028326173807e-02,1.283849468431270784e-02,1.233069116242258012e-02,1.162976299119733263e-02,1.088625410027186519e-02,1.002430433977661434e-02,9.090622755424290422e-03,7.815851368871376548e-03,6.403381521118426713e-03,4.660067328107975193e-03,2.546996805641993811e-03,-4.591422872771140737e-05,-3.005912004541817784e-03,-6.645997771391302239e-03,-1.110910698113650071e-02,-1.624742827623051888e-02,-2.159455759609596459e-02,-2.848537071078982921e-02,-3.594218186280463689e-02,-4.394227927324610011e-02,-5.255167886149876566e-02,-6.159336422321569360e-02,-7.071954732466882720e-02,-8.005752197506880996e-02,-8.897162968104636860e-02,-9.756746249674584648e-02,-1.056341334320196751e-01,-1.129011614326743962e-01,-1.194543546215940388e-01,-1.252188297781906545e-01,-1.302788209843367684e-01,-1.340415352823603190e-01,-1.377841455753343325e-01,-1.407632756069898128e-01,-1.429782746977768249e-01,-1.449730253316595663e-01,-1.464997661049858846e-01,-1.480870473166618906e-01,-1.491370342165318219e-01,-1.499786225130407824e-01
1.964965216006175561e-02,1.937430744555814627e-02,1.910146411481487144e-02,1.890912809361326025e-02,1.868450494228088982e-02,1.840819282314436894e-02,1.813797079556683442e-02,1.777637794403831573e-02,1.736685219622377194e-02,1.702050652456595092e-02,1.653843122732316651e-02,1.605742962313902802e-02,1.553846410411383050e-02,1.482523966164853851e-02,1.406851347183512430e-02,1.319264739344703369e-02,1.224403951294347932e-02,1.095318063740707837e-02,9.523616424053582552e-03,7.762419714454703301e-03,5.630425588058634440e-03,3.017924496560072528e-03,3.791075374818089657e-05,-3.622706564597772023e-03,-8.107204671496191783e-03,-1.326626889181651246e-02,-1.863386915501794375e-02,-2.554641598865280486e-02,-3.302410463430214410e-02,-4.104444473575371427e-02,-4.967360844003097103e-02,-5.873417284575671582e-02,-6.787830519541281082e-02,-7.723373567132914286e-02,-8.616355982608021880e-02,-9.477410490857741954e-02,-1.028544644860317075e-01,-1.101333841935855928e-01,-1.166964850881774124e-01,-1.224714891296708602e-01,-1.275382587506191934e-01,-1.313061269578367773e-01,-1.350550018427075227e-01,-1.380380856115756005e-01,-1.402559964722932540e-01,-1.422540386005905211e-01,-1.437827004884932036e-01,-1.453726755073934951e-01,-1.464237736016753832e-01,-1.472665280365885454e-01
2.358658171937020112e-02,2.330669304014282989e-02,2.302904861160415609e-02,2.283132888167173358e-02,2.260119480228571162e-02,2.231875963775123775e-02,2.204158588153895884e-02,2.167279227615487650e-02,2.125498265734914599e-02,2.090007423832066988e-02,2.040832033412606078e-02,1.991692614761704505e-02,1.938684414723056484e-02,1.866129242854348488e-02,1.789130437967769577e-02,1.700153064188304752e-02,1.603788682925193915e-02,1.473082982384213251e-02,1.328383324055520780e-02,1.150437027140952320e-02,9.352903179944084891e-03,6.720023839281530006e-03,3.719018537576466565e-03,3.658756774071229248e-05,-4.471026747079605117e-03,-9.652790392266370062e-03,-1.504313411147579355e-02,-2.198037959231619390e-02,-2.948224060997909832e-02,-3.752634320950477831e-02,-4.617933840674631751e-02,-5.526302439702054925e-02,-6.442956949651471033e-02,-7.380681853965367911e-02,-8.275678608375837408e-02,-9.138620013571428780e-02,-9.948425772408886480e-02,-1.067784632570299291e-01,-1.133556501491479879e-01,-1.191406409074083628e-01,-1.242194597993573624e-01,-1.279944594596112151e-01,-1.317516801813821137e-01,-1.347395358550239342e-01,-1.369619459422631857e-01,-1.389643686656591992e-01,-1.404955951928797131e-01,-1.420888657826168133e-01,-1.431426668545403846e-01,-1.439870741002506060e-01
2.824632308832182928e-02,2.796201948433348419e-02,2.767964865493861490e-02,2.747656964374215610e-02,2.724108906104336439e-02,2.695255446960885884e-02,2.666859928125844131e-02,2.629271545846046179e-02,2.586666417059626730e-02,2.550334047342674507e-02,2.500206593472737576e-02,2.450034607659476449e-02,2.395929043069416897e-02,2.322150803899375449e-02,2.243837548829401632e-02,2.153478694084549547e-02,2.055610525021622781e-02,1.923268550522156881e-02,1.776810024377879077e-02,1.597009148794133887e-02,1.379855823614789360e-02,1.114458974739896552e-02,8.121578712593131161e-03,4.416013648759199023e-03,-1.164803916175438366e-04,-5.323106998184059038e-03,-1.073873883676408625e-02,-1.770390549170354141e-02,-2.523356035803782024e-02,-3.330555550286844191e-02,-4.198683661506268094e-02,-5.109835792520390357e-02,-6.029219484242387406e-02,-6.969643671822252362e-02,-7.867145175757567221e-02,-8.732451286511720701e-02,-9.544449621493511504e-02,-1.027587409747430097e-01,-1.093528160843119934e-01,-1.151544601742701540e-01,-1.202454636202871657e-01,-1.240294576950647654e-01,-1.277971226185185272e-01,-1.307919503131140249e-01,-1.330201045303657792e-01,-1.350276372367214262e-01,-1.365624461383600219e-01,-1.381594912733353497e-01,-1.392158071701039002e-01,-1.400621749160098628e-01
3.370183840461440927e-02,3.341305080379104731e-02,3.312607105994248152e-02,3.291773412654006720e-02,3.267700369608819710e-02,3.238264530170189420e-02,3.209194543482488116e-02,3.170911088517089360e-02,3.127500625976731286e-02,3.090347146795026020e-02,3.039280313780848286e-02,2.988099130677472279e-02,2.932912289098407732e-02,2.857928851730979700e-02,2.778308751495636025e-02,2.686586738378633765e-02,2.587219884416300936e-02,2.453242435356658632e-02,2.305010504595945628e-02,2.123318381750707862e-02,1.904116356839557350e-02,1.636532243185120569e-02,1.331931354169521749e-02,9.589212171803812232e-03,5.029946909259813692e-03,-2.036689826197217305e-04,-5.647465587500268870e-03,-1.264400789016355622e-02,-2.020542164166936119e-02,-2.830967264533760727e-02,-3.702409311471286518e-02,-4.616859859963761553e-02,-5.539518962317374617e-02,-6.483161504024878563e-02,-7.383718419333315519e-02,-8.251910520064981158e-02,-9.066607266142519272e-02,-9.800456095101510445e-02,-1.046201675778497264e-01,-1.104383739641828788e-01,-1.155475891443972641e-01,-1.193437768676204325e-01,-1.231238200316185638e-01,-1.261267774486929394e-01,-1.283626775579916057e-01,-1.303766727299057182e-01,-1.319159704986279658e-01,-1.335177790302139733e-01,-1.345775369020462964e-01,-1.354263748604931650e-01
4.000689942076600392e-02,3.971385685918280006e-02,3.942232038692207452e-02,3.920877604069108319e-02,3.896296286657273400e-02,3.866293056029591196e-02,3.836555889051190132e-02,3.797607787456312028e-02,3.753403274450108768e-02,3.715453951762234808e-02,3.663464099113545452e-02,3.611287946716318364e-02,3.555049163283971470e-02,3.478874120380919671e-02,3.397967614131468250e-02,3.304889456160191308e-02,3.204038506526691449e-02,3.068428528765333729e-02,2.918397002725236708e-02,2.734797928420320753e-02,2.513493787456349410e-02,2.243647129717208158e-02,1.936635232355258390e-02,1.561029333969748446e-02,1.102225884128795429e-02,5.759246057300622564e-03,2.844698482374561081e-04,-6.747111094196617601e-03,-1.434444331365009560e-02,-2.248552734125362079e-02,-3.123825799487087856e-02,-4.042116865401046422e-02,-4.968613700662607990e-02,-5.916069347513550764e-02,-6.820226140627455580e-02,-7.691868018679844099e-02,-8.509788287127655060e-02,-9.246507262113451420e-02,-9.910612547440937614e-02,-1.049464517714166628e-01,-1.100760263816669138e-01,-1.138860902617103987e-01,-1.176814524268712109e-01,-1.206944129453418335e-01,-1.229394469285410851e-01,-1.249610427976955151e-01,-1.265059582592011622e-01,-1.281138842409224876e-01,-1.291769376750133702e-01,-1.300293896742872046e-01
4.718690813645674137e-02,4.688965218102277011e-02,4.659372724959955081e-02,4.637493639773943022e-02,4.612429231868686585e-02,4.581871080227302440e-02,4.551488444052909088e-02,4.511886706201013314e-02,4.466900376590461630e-02,4.428171606568132718e-02,4.375279137455719003e-02,4.322125161750715872e-02,4.264844144118931646e-02,4.187498849916445470e-02,4.105316829472455131e-02,4.010903844922447670e-02,3.908568235916432682e-02,3.771321622348280250e-02,3.619482910477323651e-02,3.433938188236199118e-02,3.210471294666625980e-02,2.938276661071387991e-02,2.628749775527010682e-02,2.250398143819856700e-02,1.788513555860240384e-02,1.259040886040783090e-02,7.081654100586359281e-03,1.128085487253848473e-05,-7.626099424216112657e-03,-1.580875914490361550e-02,-2.460491248063398362e-02,-3.383161119872361150e-02,-4.314071047713025076e-02,-5.265916727892381438e-02,-6.174245424120537035e-02,-7.049859522259425970e-02,-7.871508326886654527e-02,-8.611625005554707224e-02,-9.278688693672300369e-02,-9.865305343597986776e-02,-1.038060823079735712e-01,-1.076331002812576793e-01,-1.114461285204940977e-01,-1.144703864667444421e-01,-1.167268800321783900e-01,-1.187568891839482499e-01,-1.203080425511411228e-01,-1.219225849979556214e-01,-1.229912207604485219e-01,-1.238475188714539543e-01
5.522928593204945447e-02,5.492773139222376783e-02,5.462751885738771629e-02,5.440371150101916409e-02,5.414813733107359112e-02,5.383717524066167909e-02,5.352688946904759354e-02,5.312454565512643445e-02,5.266687566571436052e-02,5.227207081731567728e-02,5.173423672327276401e-02,5.119314135103420621e-02,5.060994183364635884e-02,4.982476435541263043e-02,4.899030382143147733e-02,4.803290447085240000e-02,4.699466664237302027e-02,4.560573481468955387e-02,4.406889354600190128e-02,4.219356046073308164e-02,3.993662600505041432e-02,3.719048554023639958e-02,3.406884741896748503e-02,3.025635964772325007e-02,2.560463921341454840e-02,2.027582928005900592e-02,1.473024732043191204e-02,7.617439839195577767e-03,-6.409021072920035667e-05,-8.292774154185491783e-03,-1.713737079202353950e-02,-2.641311971418339524e-02,-3.577179243301201877e-02,-4.533969746436652265e-02,-5.447012804336384684e-02,-6.327130258180403699e-02,-7.153021626360253626e-02,-7.896950992441618966e-02,-8.567414902946368649e-02,-9.156931957496911023e-02,-9.674887770761614325e-02,-1.005951583681187061e-01,-1.044283313649133488e-01,-1.074655031609273587e-01,-1.097339087760843546e-01,-1.117746676716578208e-01,-1.133331801683100104e-01,-1.149556368381083882e-01,-1.160294420201882087e-01,-1.168903435589737222e-01
6.407560977851164963e-02,6.377011932580428644e-02,6.346561551929566503e-02,6.323668648222795230e-02,6.297644720628663151e-02,6.265997295077904705e-02,6.234322222344466230e-02,6.193459741887121645e-02,6.146934405370219068e-02,6.106687278125321611e-02,6.052010022692386887e-02,5.996962976476765544e-02,5.937598043764084899e-02,5.857913017113801357e-02,5.773187513168951540e-02,5.676106426970452951e-02,5.570793846536042232e-02,5.430224118590890742e-02,5.274651826472143146e-02,5.085101523597922168e-02,4.857106962978599562e-02,4.579976867801643925e-02,4.265053772071139560e-02,3.880758058696815588e-02,3.412098812464126746e-02,2.875599936097908774e-02,2.317078312499864026e-02,1.601222834663949823e-02,8.282795659886991319e-03,3.906002693225896790e-06,-8.893583493443893428e-03,-1.822312922547978872e-02,-2.763629490125108640e-02,-3.725857994584513833e-02,-4.644109316814511168e-02,-5.529184164186192602e-02,-6.359758654613770212e-02,-7.107930291127551037e-02,-7.782104160661945658e-02,-8.374866968390963506e-02,-8.895802071924156784e-02,-9.282507986617534457e-02,-9.668027187443858916e-02,-9.973307095228017838e-02,-1.020143474935219646e-01,-1.040662793247018603e-01,-1.056329046582612785e-01,-1.072636509575134595e-01,-1.083442861267292778e-01,-1.092088926494758777e-01
7.361904864017204675e-02,7.330908349695229587e-02,7.300016393549899063e-02,7.276589250715945201e-02,7.250094150946720384e-02,7.217925253894043325e-02,7.185599942822369635e-02,7.144103194532132328e-02,7.096773671860892585e-02,7.055779785167010099e-02,7.000210582366343803e-02,6.944202457450059096e-02,6.883791000412287087e-02,6.802910312615242927e-02,6.716889846306889345e-02,6.618463028604967824e-02,6.511626318748557629e-02,6.369344393646522717e-02,6.211860935691813218e-02,6.020204187123593537e-02,5.789841626367671357e-02,5.510093691561676610e-02,5.192306649008212455e-02,4.804820745991995184e-02,4.332499135534646773e-02,3.792180958122502721e-02,3.229480534266662706e-02,2.508743366248420217e-02,1.730706346798904782e-02,8.974477443187991316e-03,2.025942982784791581e-05,-9.366958446848155581e-03,-1.883861295594677424e-02,-2.851942928155958359e-02,-3.775788118482171357e-02,-4.666247456823281736e-02,-5.501847582329048858e-02,-6.254579688959563399e-02,-6.932777162333420007e-02,-7.529004645490139369e-02,-8.053100533415413764e-02,-8.442095009932634730e-02,-8.830040717617576584e-02,-9.136778254652855313e-02,-9.366480499433134377e-02,-9.572918420942563844e-02,-9.730396312882574894e-02,-9.894396722999862503e-02,-1.000305506502471437e-01,-1.009005417562657686e-01
8.370238611665581363e-02,8.338814514178592707e-02,8.307476212667012916e-02,8.283522704728393804e-02,8.256550958781563865e-02,8.223819900347140166e-02,8.190814211705717274e-02,8.148696056424505063e-02,8.100573554853554570e-02,8.058815754741226189e-02,8.002317155392636716e-02,7.945334869819184465e-02,7.883845676510455036e-02,7.801756520209592038e-02,7.714399403162575108e-02,7.614608890019532172e-02,7.506208650157647488e-02,7.362177797263590173e-02,7.202704252490772785e-02,7.008904930366396946e-02,6.776088511460977293e-02,6.493610170613328680e-02,6.172879964797917118e-02,5.782096839278070416e-02,5.305946057873175276e-02,4.761664360200199703e-02,4.194602569120419594e-02,3.468748521862623918e-02,2.685363193277259808e-02,1.846498177496419882e-02,9.451250379409461763e-03,3.570439845712759334e-06,-9.529529108964863299e-03,-1.927185235527525964e-02,-2.856906169604714676e-02,-3.752988176479930132e-02,-4.593891001610712899e-02,-5.351400530285855411e-02,-6.033873840999282034e-02,-6.633696704181533954e-02,-7.161157628171242739e-02,-7.552500037008459677e-02,-7.942972137418521927e-02,-8.251346357218060368e-02,-8.482534069844953339e-02,-8.690226971336256767e-02,-8.848654296456968937e-02,-9.013653650845394882e-02,-9.122939796514156763e-02,-9.210436636280330824e-02
9.412783804361714302e-02,9.380952403490032399e-02,9.349142883641019253e-02,9.324644841553819674e-02,9.297184620248563625e-02,9.263876253770987612e-02,9.230204971210100029e-02,9.187430553900163832e-02,9.138450766432215655e-02,9.095938029354168342e-02,9.038476544727115647e-02,8.980489974528406416e-02,8.917906398073005558e-02,8.834553121157011357e-02,8.745841047570379612e-02,8.644646886810958275e-02,8.534633401413813103e-02,8.388828464459097134e-02,8.227295177299405460e-02,8.031285448427724627e-02,7.795942175755454784e-02,7.510715998007387595e-02,7.186914316051318252e-02,6.792743563238347326e-02,6.312656645697334312e-02,5.764335582163128413e-02,5.192768784382617575e-02,4.461678398416303593e-02,3.672804033296879489e-02,2.828170252920063008e-02,1.920681428249559550e-02,9.697156750168028569e-03,1.010413699843560698e-04,-9.704368019114898575e-03,-1.906178859184265093e-02,-2.808014528956655903e-02,-3.654350207426425301e-02,-4.416773515452872972e-02,-5.103540642133970462e-02,-5.707109147407615074e-02,-6.238048222061541581e-02,-6.631705147884636720e-02,-7.024806616688555883e-02,-7.334819711564943834e-02,-7.567636015978609909e-02,-7.776583255693816921e-02,-7.935911375354433306e-02,-8.101838633345910534e-02,-8.211947742069190814e-02,-8.299979737077940734e-02
1.046684761675934217e-01,1.043451233094381536e-01,1.040225294198027783e-01,1.037714802672004277e-01,1.034919425220735822e-01,1.031535081289025185e-01,1.028092046643177687e-01,1.023749335858252368e-01,1.018767097425325591e-01,1.014432748623826097e-01,1.008589001462481122e-01,1.002690269691494523e-01,9.963171178367720426e-02,9.878545208481721851e-02,9.788415729237473495e-02,9.685789180023123002e-02,9.574147577574496082e-02,9.426505238946561449e-02,9.262871202768352408e-02,9.064627098786209869e-02,8.826675249356226438e-02,8.538621740492029211e-02,8.211736179456140261e-02,7.814136189221114470e-02,7.330049748970079992e-02,6.777671732156069495e-02,6.201591267625089499e-02,5.465165771255509758e-02,4.670763532980545807e-02,3.820353522833860871e-02,2.906717842124132214e-02,1.949551996723792799e-02,9.836274951601732194e-03,-3.229033600922527635e-05,-9.449893336825825052e-03,-1.852583126722746887e-02,-2.704363109901852455e-02,-3.471699374986296494e-02,-4.162777743562622729e-02,-4.770138868308967245e-02,-5.304422801879892652e-02,-5.700442716312765362e-02,-6.096188834052420485e-02,-6.407769305817473393e-02,-6.642165528902577165e-02,-6.852392447376634554e-02,-7.012587702885345053e-02,-7.179561382295054917e-02,-7.290284729889577597e-02,-7.378799216798262450e-02
1.150834228611759408e-01,1.147553648460104547e-01,1.144278081084098425e-01,1.141707129251934294e-01,1.138860307022606794e-01,1.135416861134717070e-01,1.131901510836599289e-01,1.127490792693841837e-01,1.122418497566444323e-01,1.118004105438288320e-01,1.112061324225428333e-01,1.106055973651786789e-01,1.099564853858189528e-01,1.090969861923691553e-01,1.081816935235557636e-01,1.071408459711334082e-01,1.060076710652872456e-01,1.045131545425283803e-01,1.028548069841512674e-01,1.008498489134256187e-01,9.844440260889698868e-02,9.553548348583575101e-02,9.223566965014955155e-02,8.822544505601719045e-02,8.334466813330058954e-02,7.778018155029056691e-02,7.197550698072080477e-02,6.455839407812977160e-02,5.656006751988875564e-02,4.799883302269909030e-02,3.880245020293236063e-02,2.916979477327782955e-02,1.944885076949482566e-02,9.518417481011075959e-03,4.214421802585837566e-05,-9.089978558726813374e-03,-1.766107438989574646e-02,-2.538199646046105859e-02,-3.233502378030342350e-02,-3.844334251180070439e-02,-4.382085713554576684e-02,-4.780351135874254948e-02,-5.178711023992327994e-02,-5.491732366118292491e-02,-5.727684980535337200e-02,-5.939186346986256165e-02,-6.100203064954753951e-02,-6.268126500089775399e-02,-6.379578473796196358e-02,-6.468543989625802348e-02
1.251388921768058771e-01,1.248061254478873144e-01,1.244736630040235159e-01,1.242105741420506809e-01,1.239210353511969037e-01,1.235706218951192759e-01,1.232113842790001773e-01,1.227637819591784751e-01,1.222474267878351090e-01,1.217975142707250352e-01,1.211933879355965166e-01,1.205822752075445398e-01,1.199216136540351696e-01,1.190487486131087125e-01,1.181187461334837485e-01,1.170632861924094936e-01,1.159138032709593757e-01,1.144005759239887232e-01,1.127207596064437739e-01,1.106928709141504208e-01,1.082622474436416710e-01,1.053251216530553952e-01,1.019944974750237043e-01,9.795080820504928343e-02,9.303072153082911355e-02,8.742780359655424882e-02,8.157973146486331706e-02,7.411135954574156470e-02,6.606024018589719271e-02,5.744444298838888296e-02,4.819001656598783517e-02,3.849936322671161648e-02,2.871929308726835564e-02,1.872970687812560917e-02,9.197561028630923952e-03,1.194480364989273839e-05,-8.609801737064532931e-03,-1.637669703339428989e-02,-2.336927050063042355e-02,-2.951156315315931269e-02,-3.492174133783523121e-02,-3.892434212106195279e-02,-4.293369844116356332e-02,-4.607680390893079819e-02,-4.845126144042432442e-02,-5.057839384565080559e-02,-5.219588887490004409e-02,-5.388449774440803169e-02,-5.500508584926508404e-02,-5.589993361537039240e-02
1.346286626976738732e-01,1.342905832997572102e-01,1.339533013870907729e-01,1.336833123037601267e-01,1.333888997101491947e-01,1.330325586955161676e-01,1.326661450692860345e-01,1.322119132512825368e-01,1.316860834080699483e-01,1.312291625577766963e-01,1.306138524975368753e-01,1.299926426000005686e-01,1.293201288560831275e-01,1.284336255610835920e-01,1.274893827937762514e-01,1.264199440568850863e-01,1.252536926678908813e-01,1.237229652670873287e-01,1.220215373174389495e-01,1.199714785232411790e-01,1.175154147452566883e-01,1.145508197873184447e-01,1.111909856189579188e-01,1.071151160897865218e-01,1.021561751179189542e-01,9.651741214514721057e-02,9.062864785923770150e-02,8.311131348345771053e-02,7.501050595636390983e-02,6.634339362435787146e-02,5.703415299812038264e-02,4.728928374880519980e-02,3.745375733293387910e-02,2.740901055665063285e-02,1.782488013633046556e-02,8.589348299152909164e-03,-7.978469505400369853e-05,-7.889086322136020998e-03,-1.491868013601035416e-02,-2.109289886021050928e-02,-2.653297163427270275e-02,-3.055358399924846050e-02,-3.458722227277744032e-02,-3.774207896744859875e-02,-4.012995317084003949e-02,-4.226855986449953168e-02,-4.389212914287901612e-02,-4.559018479044620042e-02,-4.671638796826001194e-02,-4.761552940189005961e-02
1.433845860097449354e-01,1.430421560237036260e-01,1.427001628057754379e-01,1.424238177655440252e-01,1.421244839753235956e-01,1.417626463779848578e-01,1.413874676008652631e-01,1.409273404861816348e-01,1.403924767008500329e-01,1.399272416311064804e-01,1.393026972217267789e-01,1.386706842224543490e-01,1.379868541910181379e-01,1.370877241928989410e-01,1.361294067006894315e-01,1.350465954622621367e-01,1.338645127384103239e-01,1.323161248183119532e-01,1.305944310664551300e-01,1.285222979048885605e-01,1.260420928844154520e-01,1.230519489165296798e-01,1.196641136566125446e-01,1.155579327007264789e-01,1.105639273329536848e-01,1.048904696635782202e-01,9.896472496946065456e-02,9.140075388012063040e-02,8.325396698496505266e-02,7.453957776375202959e-02,6.517983062589685628e-02,5.538492554142924323e-02,4.549900454468031735e-02,3.540382929660763900e-02,2.577213556335480882e-02,1.649113038024708350e-02,7.778598321412691016e-03,-6.947815112844661818e-05,-7.132754891879449465e-03,-1.333443410181100672e-02,-1.880366542055321444e-02,-2.283946346560570412e-02,-2.689598713415003797e-02,-3.006031344589354254e-02,-3.246022672081175925e-02,-3.460978551472535664e-02,-3.623849404926647588e-02,-3.794512995140874451e-02,-3.907659395010457809e-02,-3.997861449984862342e-02
1.512928048307711493e-01,1.509460741251199278e-01,1.505988362566009764e-01,1.503157956449587551e-01,1.500125080985285075e-01,1.496447882624547532e-01,1.492626641123533104e-01,1.487962551220368967e-01,1.482525452427747858e-01,1.477802566796206918e-01,1.471458742642949846e-01,1.465041635627323258e-01,1.458097163880918146e-01,1.448974137108569316e-01,1.439263702969123815e-01,1.428306173279680624e-01,1.416334777806891321e-01,1.400691836491500808e-01,1.383277812464923928e-01,1.362347922447324222e-01,1.337328178480316487e-01,1.307179732784621295e-01,1.273042001762197395e-01,1.231697741329345203e-01,1.181424861146226357e-01,1.124377889882780951e-01,1.064784960876523218e-01,9.887203151166149007e-02,9.068314585367291680e-02,8.192614347555178533e-02,7.252077380450855371e-02,6.268151766405628822e-02,5.275059713672605038e-02,4.260926684801841224e-02,3.293571286127074116e-02,2.361440453357364216e-02,1.486272067007372855e-02,6.979893331719496524e-03,-1.132922938672293911e-04,-6.339677907865568472e-03,-1.183478294518711636e-02,-1.588289372511150072e-02,-1.996079324108311973e-02,-2.313310585663375454e-02,-2.554451681586954875e-02,-2.770311455027708175e-02,-2.933593522454985489e-02,-3.105020104495779740e-02,-3.218620101303758252e-02,-3.309144928049762707e-02
1.582918189652708640e-01,1.579404424284169828e-01,1.575889493206556469e-01,1.573006160183317015e-01,1.569925518145894039e-01,1.566205480815218154e-01,1.562311255517824793e-01,1.557591123183595383e-01,1.552070047955911303e-01,1.547280825433272056e-01,1.540849507726976264e-01,1.534345505633492313e-01,1.527287863791980116e-01,1.518066905176388703e-01,1.508225656230720024e-01,1.497150181213614539e-01,1.485037544078196825e-01,1.469246062078268800e-01,1.451645221733448843e-01,1.430523101714588630e-01,1.405298841890180728e-01,1.374928355652180190e-01,1.340552313965037712e-01,1.298964367112905305e-01,1.248371697129822960e-01,1.191074746370809900e-01,1.131149931104670076e-01,1.054719543966202294e-01,9.724509025231782566e-02,8.845041339234577249e-02,7.900453964356729530e-02,6.912716583687188165e-02,5.915598156963788185e-02,4.897469067650715019e-02,3.926437881141816438e-02,2.990689213405063607e-02,2.112073511191303599e-02,1.320750535597422191e-02,6.088040543529591418e-03,-1.597013602105532741e-04,-5.678295192849487118e-03,-9.735876088527720823e-03,-1.383380854399450174e-02,-1.701133821319703726e-02,-1.943292987876730007e-02,-2.159986590010622154e-02,-2.323525375386606417e-02,-2.495716792902756900e-02,-2.609839175075820417e-02,-2.700504681147815333e-02
1.643750816294708983e-01,1.640194644931645407e-01,1.636633565519986788e-01,1.633696308972998334e-01,1.630583910364283295e-01,1.626819347869039589e-01,1.622851808478987246e-01,1.618097308462147776e-01,1.612490358045980399e-01,1.607638070827448196e-01,1.601121841996497597e-01,1.594541482700162494e-01,1.587402199615326470e-01,1.578059030987622735e-01,1.568097969651742196e-01,1.556919438297556524e-01,1.544679025534016759e-01,1.528767595979775296e-01,1.510983634985066104e-01,1.489696348638599177e-01,1.464290622760168747e-01,1.433708791324559695e-01,1.399113254191260980e-01,1.357296058694015817e-01,1.306442660280986712e-01,1.248922356304210529e-01,1.188757241675597737e-01,1.111956694917664579e-01,1.029360051996968395e-01,9.410925263989654288e-02,8.462812059115738805e-02,7.471657124055516852e-02,6.471062225831068770e-02,5.449460193875110131e-02,4.475269737941604126e-02,3.536510403000885094e-02,2.654896654814532797e-02,1.860825430977020023e-02,1.146674518353192271e-02,5.201212335425299711e-03,-3.386779596900548655e-04,-4.402649521679296782e-03,-8.519552768256777320e-03,-1.169996360176897739e-02,-1.413039207191922088e-02,-1.630508762558873989e-02,-1.794139902716036447e-02,-1.967087102517578456e-02,-2.081519837951182478e-02,-2.172376502023493777e-02
1.695779760390923874e-01,1.692186353855902325e-01,1.688601404556411278e-01,1.685591332654498564e-01,1.682466423068461614e-01,1.678657086296269640e-01,1.674622685425193325e-01,1.669826840576979776e-01,1.664150181576133647e-01,1.659249180895848164e-01,1.652658091867506840e-01,1.646001891806646578e-01,1.638776665105538266e-01,1.629338871321451276e-01,1.619279607616843641e-01,1.608015491513459516e-01,1.595649605303079421e-01,1.579630690652270020e-01,1.561694451289040719e-01,1.540250462590404545e-01,1.514677204332453564e-01,1.483927484442799649e-01,1.449167675871815553e-01,1.407135921572269521e-01,1.356036560818272563e-01,1.298346168216036045e-01,1.237954959091344814e-01,1.160822704238776426e-01,1.077945889986476058e-01,9.893980037462589416e-02,8.942840353456110725e-02,7.948749393407397723e-02,6.945155328170714293e-02,5.920695249479336619e-02,4.943781593585802603e-02,4.002418886223842176e-02,3.118097534069651233e-02,2.321844154253455833e-02,1.605822520220962293e-02,9.777775829397063884e-03,4.218780356882689299e-03,1.509184287923146645e-04,-3.983503954081504990e-03,-7.164830004168843726e-03,-9.603448257485042508e-03,-1.178483327182069072e-02,-1.342192444533226933e-02,-1.515744418176284518e-02,-1.630521315765520382e-02,-1.721486683451802641e-02
1.739713675575721707e-01,1.736081879390180827e-01,1.732463330350539898e-01,1.729406121765157400e-01,1.726241428062374739e-01,1.722411289919987265e-01,1.718323349666472655e-01,1.713494312502914507e-01,1.707748670209394137e-01,1.702806008686792161e-01,1.696145521011601653e-01,1.689432664199378153e-01,1.682125619336643507e-01,1.672605025793195699e-01,1.662449861614916924e-01,1.651115021235090019e-01,1.638647570997657510e-01,1.622542913438468348e-01,1.604462788519953886e-01,1.582895603710144372e-01,1.557176375966510262e-01,1.526261234101106423e-01,1.491344057299924530e-01,1.449147906819998888e-01,1.397838260739939220e-01,1.339973755160135949e-01,1.279405480029270070e-01,1.202004246228381840e-01,1.118882294329856947e-01,1.030093426884605423e-01,9.347209785095358936e-02,8.350833566317909795e-02,7.344851155888940109e-02,6.317689433641038299e-02,5.338545148212711644e-02,4.394906616547704370e-02,3.508415402875771777e-02,2.710160702399385529e-02,1.992655361870787623e-02,1.363366249031437889e-02,8.057453840099589731e-03,3.988024193197579198e-03,-1.629607267715502746e-04,-3.343414674284081976e-03,-5.788956707084708109e-03,-7.976413547448229016e-03,-9.612584048876595885e-03,-1.135483245217385612e-02,-1.250532716560237394e-02,-1.341521687841896321e-02
1.776434476808405050e-01,1.772759566760327976e-01,1.769127094895339702e-01,1.765992367170323707e-01,1.762821630719575428e-01,1.758955321549082185e-01,1.754820793019270797e-01,1.749972966579867173e-01,1.744165317838683726e-01,1.739198694081913743e-01,1.732483882623983562e-01,1.725705158716236420e-01,1.718341543054415499e-01,1.708745070781507447e-01,1.698505755981341570e-01,1.687113514773634360e-01,1.674557699122638521e-01,1.658378438761235196e-01,1.640184405258101052e-01,1.618488530615656007e-01,1.592643468090511050e-01,1.561600375511354721e-01,1.526529990582841112e-01,1.484217914966184659e-01,1.432702405842537219e-01,1.374745607052538787e-01,1.314015768148208141e-01,1.236373593576861468e-01,1.153042917046120108e-01,1.064060973387014469e-01,9.684542024215250788e-02,8.686223174404049396e-02,7.678139556056519377e-02,6.648825595785165521e-02,5.667853097392536871e-02,4.722387968050870133e-02,3.833951786670185269e-02,3.034012297753472739e-02,2.315343185701550927e-02,1.684982372646263299e-02,1.125694931028397260e-02,7.189363409671969789e-03,3.022104341147389701e-03,-1.556729779034787711e-04,-2.607256139660078277e-03,-4.800245178272196343e-03,-6.435227190465533063e-03,-8.183321175927829941e-03,-9.336086403935654407e-03,-1.024611408420849322e-02
1.806892055587327461e-01,1.803193862103568690e-01,1.799525316192318869e-01,1.796359118598169768e-01,1.793171359063763237e-01,1.789288952841406599e-01,1.785090377817125096e-01,1.780235191843279885e-01,1.774370254495072075e-01,1.769376752261818675e-01,1.762614880247929394e-01,1.755779836213300082e-01,1.748381730194309980e-01,1.738712358614086517e-01,1.728406361074417974e-01,1.716968772425815914e-01,1.704334256149186988e-01,1.688116009776326476e-01,1.669794157196605733e-01,1.648001552463841946e-01,1.622056516602364828e-01,1.590892427660042519e-01,1.555712206035973211e-01,1.513289833002446072e-01,1.461586222215682518e-01,1.403554462643957779e-01,1.342710579829597684e-01,1.264850149470194418e-01,1.181338671170802657e-01,1.092199429229815666e-01,9.964052909696033411e-02,8.964086057540300578e-02,7.954226643173961664e-02,6.923236883618881510e-02,5.940668265145720994e-02,4.993713617457534032e-02,4.103634359259410169e-02,3.302272235619514024e-02,2.582458793541459949e-02,1.951369338236192894e-02,1.390618148495280544e-02,9.841970550943475102e-03,5.658998269933056963e-03,2.485379425969261400e-03,2.825458489203262465e-05,-2.169602156618809577e-03,-3.802471869475073946e-03,-5.556929954232605641e-03,-6.711686516941593392e-03,-7.621546070342224109e-03
1.832074556207636817e-01,1.828348034126929256e-01,1.824656003297750184e-01,1.821448107638619640e-01,1.818260514542860140e-01,1.814360241993876466e-01,1.810122076189512041e-01,1.805248892380862391e-01,1.799330831657928731e-01,1.794323528593342321e-01,1.787500528078140860e-01,1.780646181452549548e-01,1.773194013734460950e-01,1.763479602277629454e-01,1.753111749281834608e-01,1.741638395649298399e-01,1.728931833857462741e-01,1.712685155019142424e-01,1.694259401702047640e-01,1.672384811467579335e-01,1.646361632604797509e-01,1.615084701494096386e-01,1.579825359519734518e-01,1.537298279812220891e-01,1.485455283072851240e-01,1.427359176733898616e-01,1.366433514932270943e-01,1.288371161471822957e-01,1.204710975828697794e-01,1.115444530944645213e-01,1.019485915673363496e-01,9.193587576986647636e-02,8.182310588136504359e-02,7.149689785394958141e-02,6.166003213903925584e-02,5.217775793961659109e-02,4.326208535153278772e-02,3.523657982196594374e-02,2.802617940836675536e-02,2.171209554039919831e-02,1.609129248914417318e-02,1.203116865470257521e-02,7.833011060644380977e-03,4.664890921393833288e-03,2.202809837584042071e-03,7.287926052814564253e-07,-1.629429590798350943e-03,-3.389959510710029069e-03,-4.547042592884297484e-03,-5.455682497538911005e-03
1.852845382073770308e-01,1.849100627269984198e-01,1.845398665187713561e-01,1.842135666589656551e-01,1.838949889011589067e-01,1.835041816150503879e-01,1.830754651631509855e-01,1.825888838442860929e-01,1.819923706318554435e-01,1.814911503065131104e-01,1.808047739656961361e-01,1.801157143356120760e-01,1.793676751049547713e-01,1.783897829860230932e-01,1.773486830725078955e-01,1.762000171880169774e-01,1.749233109288998722e-01,1.732960543183157676e-01,1.714450356676912035e-01,1.692500729205695942e-01,1.666393916444615653e-01,1.635048026425527101e-01,1.599694775111908107e-01,1.557092092414680273e-01,1.505123412496561230e-01,1.447008755219317822e-01,1.385990257562963457e-01,1.307766719929256416e-01,1.223988137032137602e-01,1.134606322053034883e-01,1.038502368929983266e-01,9.382907198535031523e-02,8.370318399662199371e-02,7.336489390957531831e-02,6.351730046792172790e-02,5.402377593442358322e-02,4.509530327709099923e-02,3.705898395913716226e-02,2.984237212399044187e-02,2.352395117824621421e-02,1.788993290960354948e-02,1.383617731159053621e-02,9.622873623682810795e-03,6.461366333649077622e-03,3.994683235058801157e-03,1.788849326664602828e-03,1.618731701103772683e-04,-1.604831621062631801e-03,-2.763166241729128961e-03,-3.671439771851728231e-03
1.869982914299581911e-01,1.866223851476800366e-01,1.862504306055381420e-01,1.859188303026914069e-01,1.856009358736037673e-01,1.852112650019755724e-01,1.847776144088137396e-01,1.842909525823770434e-01,1.836902840523881031e-01,1.831867657320973009e-01,1.824973329503496999e-01,1.818085322310945551e-01,1.810571675061182217e-01,1.800744792411492212e-01,1.790276181039367198e-01,1.778788057043863280e-01,1.765984455980706413e-01,1.749688308386091462e-01,1.731085023195477468e-01,1.709086331351527543e-01,1.682915650119451156e-01,1.651515711356659755e-01,1.616096850213523117e-01,1.573448712356532164e-01,1.521328504135978643e-01,1.463205604496671253e-01,1.402126946597806179e-01,1.323747259863449488e-01,1.239861062037695000e-01,1.150387898176899182e-01,1.054182756294134299e-01,9.538876658364259242e-02,8.525105128757350104e-02,7.490440233660275449e-02,6.504765116540309200e-02,5.554619547803420210e-02,4.660735353822220706e-02,3.856072661123423340e-02,3.133782083481765485e-02,2.501722147658034037e-02,1.937113020598443466e-02,1.532468119612042518e-02,1.109602027611348782e-02,7.943679917152593820e-03,5.471733292874106369e-03,3.262975960130023220e-03,1.639494571731555566e-03,-1.334196583741899548e-04,-1.293855890402580014e-03,-2.200685579772776630e-03
1.884145941340611141e-01,1.880357188070697350e-01,1.876637070383863903e-01,1.873287760997407181e-01,1.870134477219376479e-01,1.866190333381123057e-01,1.861836467278384089e-01,1.856981568972111418e-01,1.850926383011166909e-01,1.845903825620382743e-01,1.838965021536645705e-01,1.832056897851727650e-01,1.824517762623568962e-01,1.814656698344042085e-01,1.804160895055318403e-01,1.792651858225357553e-01,1.779793659199786215e-01,1.763534345289777816e-01,1.744840698055541428e-01,1.722784120371831373e-01,1.696561915124227549e-01,1.665061505487128724e-01,1.629626859338529077e-01,1.586945285744801037e-01,1.534695113811480049e-01,1.476603311782924699e-01,1.415461012424422682e-01,1.336949301667985646e-01,1.252962484888237860e-01,1.163425293063908295e-01,1.067103913110221680e-01,9.667447014268872041e-02,8.652770803579835912e-02,7.617171944308352705e-02,6.630696112502387773e-02,5.680340801402117279e-02,4.785443850233604690e-02,3.980082421661759046e-02,3.257158630389396514e-02,2.624970666313055853e-02,2.059273433066368189e-02,1.655361106244238392e-02,1.231079075203494848e-02,9.166874980856882030e-03,6.691894807224193185e-03,4.479350258903036161e-03,2.860241581241116781e-03,1.081359392689083994e-03,-8.055739442436467800e-05,-9.864467646047635988e-04
1.895886980029979074e-01,1.892074462377394406e-01,1.888367794905586317e-01,1.884947238409098724e-01,1.881800991100858744e-01,1.877887808239147860e-01,1.873474099856070330e-01,1.868637714482487833e-01,1.862531451522609072e-01,1.857534106046492550e-01,1.850578832492820458e-01,1.843630896503132832e-01,1.836067427477720004e-01,1.826190644735580515e-01,1.815667997969827030e-01,1.804141441825395653e-01,1.791257270492938314e-01,1.774975538792932794e-01,1.756236946371920182e-01,1.734124826366644778e-01,1.707867082603312936e-01,1.676337355228778581e-01,1.640837992463405060e-01,1.598127103132418181e-01,1.545773649726433219e-01,1.487698896890581601e-01,1.426513287849321410e-01,1.347874685741897727e-01,1.263818331130854566e-01,1.174235001235225812e-01,1.077843803930257360e-01,9.774136180424830567e-02,8.758877627960844070e-02,7.722425857303777397e-02,6.735371298064922463e-02,5.784551163925456124e-02,4.888601911338578271e-02,4.082829709071936902e-02,3.359161644295758503e-02,2.726830355843223863e-02,2.160089480225235725e-02,1.757204443507217814e-02,1.331362264142921942e-02,1.017950363265551425e-02,7.700408325697296122e-03,5.485181715118755442e-03,3.871541223827743277e-03,2.086888229376860672e-03,9.229242314616007423e-04,1.833241079689969108e-05
