-2.951843838142115785e-05,-6.496960102210271309e-05,-6.585431337355424834e-05,-2.304299770627758393e-05,-1.497396721173825261e-05,-2.633471691523046082e-05,6.279759278815186500e-06,4.420435656842180422e-07,-3.839233227979380275e-05,-5.399456355507732452e-05,-7.412766832546594973e-05,-2.196047656697409548e-05,-5.044751519272982674e-05,-3.050864996955676651e-05,-1.328051166456629839e-05,-7.718764778255397493e-05,-7.474618196216414629e-05,-4.133185700392204596e-05,-4.769347188512778040e-05,-1.139744009979720476e-05,-1.364143402177185117e-04,-5.240538631738631475e-05,6.839909350034430126e-05,-2.022639491036826880e-04,4.749622746115267661e-05,-1.473028595306698717e-04,-1.084564446967540500e-04,1.856147517089398204e-04,-2.345070149671137126e-04,-4.244867900969592674e-05,6.606493774146463525e-05,-8.699372239621981412e-05,-4.753574373441233822e-05,-4.057813433381868978e-05,-4.815625795488190591e-05,-5.410661411421426102e-05,-2.338312569561726799e-05,-9.267986212216277405e-05,-4.102998557165072929e-05,-2.661692974906512866e-06,-2.031327173368634588e-04,-6.304698208524033183e-03,8.405498880576031326e-03,-1.100396862112897750e-02,-1.102508039161295174e-02,-1.105266297148219806e-02,-1.109047619108658074e-02,-1.112303946133466788e-02,-1.115066108954975571e-02,-1.117332883406368937e-02
-2.949436856259621308e-05,-6.496142057989624438e-05,-6.587293151165080974e-05,-2.304022446724118754e-05,-1.498712629122358517e-05,-2.630846429552674475e-05,6.311284767345989605e-06,4.535545658211331919e-07,-3.837688516242541243e-05,-5.398218976982164152e-05,-7.415915612768206430e-05,-2.199289099985198557e-05,-5.044874612495061695e-05,-3.055175159283733699e-05,-1.330473974037586792e-05,-7.713412609833809430e-05,-7.474742120988541925e-05,-4.129616668251939586e-05,-4.772020540498082245e-05,-1.140863189705584944e-05,-1.364193488345717524e-04,-5.237938270178074175e-05,6.836410823312772625e-05,-2.022261096695350210e-04,4.752297289507680740e-05,-1.472786135138150362e-04,-1.084795756341969277e-04,1.856007460711239733e-04,-2.344689988931696685e-04,-4.243238877369134355e-05,6.608715566463187966e-05,-8.704266834199434844e-05,-4.762887975889156260e-05,-4.057716862205762274e-05,-4.819786100274653628e-05,-5.418508321324154480e-05,-2.331445252501396226e-05,-9.283402896213291627e-05,-4.110779813896013336e-05,-2.524733313993075592e-06,-2.030915030448869390e-04,-6.304743397387860271e-03,8.405498627715352750e-03,-1.100396634457603828e-02,-1.102501458185210434e-02,-1.105266303060162617e-02,-1.109049124635122507e-02,-1.112303949273992648e-02,-1.115061209210320946e-02,-1.117352578857092743e-02
-2.951951356599821986e-05,-6.499920324605291445e-05,-6.581041799035528158e-05,-2.307122673711571589e-05,-1.501357123256873727e-05,-2.631531250959798389e-05,6.263858990580303930e-06,4.914984689409779292e-07,-3.836337079970291179e-05,-5.396844636895311399e-05,-7.415102440891167509e-05,-2.197877934101523376e-05,-5.044297857967558078e-05,-3.052071992382648501e-05,-1.329049941505289313e-05,-7.720026391854442778e-05,-7.470900988260289349e-05,-4.137147127881814278e-05,-4.769266787373294499e-05,-1.141272688462105188e-05,-1.363812299896750174e-04,-5.243080943558551149e-05,6.839956885918614953e-05,-2.022643564096911347e-04,4.753360457646795662e-05,-1.473080435168987092e-04,-1.084794050068409063e-04,1.856039004494044434e-04,-2.345072304068498048e-04,-4.242126247609496228e-05,6.614476503528492765e-05,-8.697075026922051902e-05,-4.761752397157770954e-05,-4.062896680344887419e-05,-4.809877642903432612e-05,-5.419837842021057095e-05,-2.335075545219416355e-05,-9.275708108691248677e-05,-4.107605927586148610e-05,-2.635377368329168292e-06,-2.031163280979196941e-04,-6.304623193531566291e-03,8.405498740312463204e-03,-1.100388552144885949e-02,-1.102502030411898169e-02,-1.105266309620551481e-02,-1.109048587670584569e-02,-1.112303958298863603e-02,-1.115062998693793807e-02,-1.117352573507892147e-02
-2.951662390240832675e-05,-6.494904714378349681e-05,-6.585867551098801274e-05,-2.306589470048261601e-05,-1.497312961493960085e-05,-2.634898265291252026e-05,6.274241113943341817e-06,4.081718751544027312e-07,-3.838718228840826900e-05,-5.399744158659548087e-05,-7.418569306793135567e-05,-2.198074794191503322e-05,-5.045366401164916547e-05,-3.054644578176871907e-05,-1.329702947267883602e-05,-7.719555343938348249e-05,-7.475260468159788940e-05,-4.127749683609364701e-05,-4.770124811694786163e-05,-1.141147097178200514e-05,-1.363809073259180304e-04,-5.241051943815112370e-05,6.840062066993239675e-05,-2.022447056550622662e-04,4.749960546248184121e-05,-1.472496449469781331e-04,-1.084389154906431542e-04,1.855694296553065433e-04,-2.344829786167114253e-04,-4.244896227975788160e-05,6.611084275489821800e-05,-8.693959224733671903e-05,-4.760105433459421096e-05,-4.056846551172016305e-05,-4.809749867277392905e-05,-5.408123835898786771e-05,-2.326630795874089948e-05,-9.285114471079775685e-05,-4.107872117740242566e-05,-2.639630122327283683e-06,-2.031000723362052260e-04,-6.304683726586788294e-03,8.405498867445064526e-03,-1.100388633588242696e-02,-1.102501340154353991e-02,-1.105266317188332605e-02,-1.109041639277316867e-02,-1.112303962270256089e-02,-1.115054017734657885e-02,-1.117355215076661426e-02
-2.951354132270840941e-05,-6.495350763805507227e-05,-6.584936597494494203e-05,-2.306684496906832244e-05,-1.497856398023944884e-05,-2.630796886477846570e-05,6.293902153271928571e-06,4.779679481240842971e-07,-3.841061613512591747e-05,-5.398377171863735232e-05,-7.417999842795022943e-05,-2.198441201078825744e-05,-5.044858541725835271e-05,-3.049480986310866641e-05,-1.329425685802649002e-05,-7.719125043095040469e-05,-7.470215091784780290e-05,-4.129560908222618695e-05,-4.770408433194674267e-05,-1.141088559683618091e-05,-1.364099896993756092e-04,-5.240182069707821026e-05,6.836429481577201281e-05,-2.022231395826165341e-04,4.750291355560787131e-05,-1.472656566234987856e-04,-1.084651998765567382e-04,1.856453899476064745e-04,-2.344865016250045865e-04,-4.245596415137103160e-05,6.612497359576198627e-05,-8.701554206435002355e-05,-4.763755618889565108e-05,-4.060408064056760083e-05,-4.808940963843191260e-05,-5.406660454658224896e-05,-2.335017897202416672e-05,-9.270814921733943345e-05,-4.107962989819935294e-05,-2.525057377546171550e-06,-2.030683753104603505e-04,-6.304644955105436453e-03,8.405558278531075414e-03,-1.100385144940270281e-02,-1.102500684458156827e-02,-1.105266325678132266e-02,-1.109054897420970465e-02,-1.112303976414047955e-02,-1.115059821319293841e-02,-1.117335834133493730e-02
-2.953605053030523416e-05,-6.500204962821318590e-05,-6.585019743770621379e-05,-2.303205850861943344e-05,-1.495624380459500944e-05,-2.631292576413005340e-05,6.310205369699977492e-06,4.697924213984440014e-07,-3.841968102299118010e-05,-5.399095795172473652e-05,-7.420858371710278888e-05,-2.198960421194078726e-05,-5.045546146878717776e-05,-3.052931178464122136e-05,-1.329462467280983409e-05,-7.719314247804316199e-05,-7.467004617779080021e-05,-4.129160280467271605e-05,-4.768149971894409443e-05,-1.142454788130626424e-05,-1.363703077992340414e-04,-5.238457529953992521e-05,6.840099864085833034e-05,-2.022658580856356706e-04,4.748097903736035746e-05,-1.472770505424922762e-04,-1.085331903579579113e-04,1.856125400425288820e-04,-2.345163704962435639e-04,-4.246015251265710885e-05,6.611165540118517793e-05,-8.700168164427909642e-05,-4.760419465376658922e-05,-4.057403838987372639e-05,-4.814956342127834428e-05,-5.415813657773543458e-05,-2.334105697287351395e-05,-9.278065215708831764e-05,-4.104630440450813742e-05,-2.665769646410588382e-06,-2.030848210174437778e-04,-6.304780491096281976e-03,8.405498355525576823e-03,-1.100394708560354685e-02,-1.102504075744766172e-02,-1.105266335393598025e-02,-1.109045587517484659e-02,-1.112303983388397005e-02,-1.115060218784919184e-02,-1.117352625594031888e-02
-2.954610201011802239e-05,-6.494518042403103070e-05,-6.580856153330659258e-05,-2.304251152069420735e-05,-1.498870085275793893e-05,-2.632101622717434284e-05,6.257148180135587586e-06,4.828224956570699562e-07,-3.839417943880137459e-05,-5.402322091982252310e-05,-7.416863061237247308e-05,-2.198321909064444667e-05,-5.043700203529834019e-05,-3.050979310138434285e-05,-1.334350460548231993e-05,-7.714460912336390920e-05,-7.471762849235066123e-05,-4.132589738045258198e-05,-4.770329359360863324e-05,-1.144222749022924003e-05,-1.363570981517787061e-04,-5.241636286015328213e-05,6.841953335132509699e-05,-2.022669675997512630e-04,4.750221878499915094e-05,-1.472752537340824800e-04,-1.084381648907242377e-04,1.855791431432895187e-04,-2.344809806693146797e-04,-4.248375042814679409e-05,6.610596528024510396e-05,-8.696139390421519090e-05,-4.758178453973544716e-05,-4.058533720555074610e-05,-4.820006936688589862e-05,-5.416306869481784928e-05,-2.334834846608744088e-05,-9.283217430269275741e-05,-4.106560818027657397e-05,-2.556362563628637819e-06,-2.030688908750722136e-04,-6.304682149047687208e-03,8.405498152862764943e-03,-1.100389469344424664e-02,-1.102500043400434122e-02,-1.105266346728058999e-02,-1.109042062826150199e-02,-1.112303998075211617e-02,-1.115053851769043890e-02,-1.117348901692049798e-02
-2.950401650819016406e-05,-6.496354434976194306e-05,-6.585689665450502684e-05,-2.303599645623053275e-05,-1.498701807886464570e-05,-2.630518960685836787e-05,6.273366068124372484e-06,4.496259136081577788e-07,-3.841216752909408998e-05,-5.399531296519243136e-05,-7.418980176302324560e-05,-2.198967796963837882e-05,-5.044473679402544940e-05,-3.054850455401366099e-05,-1.332212266345527560e-05,-7.719250973981501662e-05,-7.472842216858494155e-05,-4.134112116390126196e-05,-4.768685920828665562e-05,-1.138573830482985017e-05,-1.363596915294206543e-04,-5.238940202261233297e-05,6.837485346316680382e-05,-2.022426398769439852e-04,4.753307475054475729e-05,-1.472734011761424474e-04,-1.084558117639717608e-04,1.855766447479376157e-04,-2.345106466288756101e-04,-4.244546534717195382e-05,6.610282986277871316e-05,-8.697288996630534244e-05,-4.765061585705736042e-05,-4.063991664271179600e-05,-4.813422680729013612e-05,-5.410954505012574014e-05,-2.334995745105424735e-05,-9.278315324789483860e-05,-4.105610100076424485e-05,-2.702130774084372070e-06,-2.030960562105724870e-04,-6.304708214374206768e-03,8.405498209114301358e-03,-1.100396072357346343e-02,-1.102506976244384783e-02,-1.105266359814418772e-02,-1.109050317282139243e-02,-1.112304017819232618e-02,-1.115057368292025203e-02,-1.117349336533240457e-02
-2.950582496793710229e-05,-6.495725524239103345e-05,-6.585301467179667675e-05,-2.305389824435783545e-05,-1.497718222382511251e-05,-2.635786149157614064e-05,6.298435975731479305e-06,4.262180130098374468e-07,-3.839914040308452014e-05,-5.401201497369324876e-05,-7.416408889249686892e-05,-2.197632153133958254e-05,-5.044556848450489506e-05,-3.056248894966995358e-05,-1.328783260218942490e-05,-7.722571489736920140e-05,-7.472805291373333834e-05,-4.132333577050888759e-05,-4.773638838180339395e-05,-1.139686642041711020e-05,-1.363883091069485428e-04,-5.239387678499115263e-05,6.835604704480212996e-05,-2.022387331294851092e-04,4.750318921447330205e-05,-1.473027248429637881e-04,-1.084267554745810681e-04,1.856035094111562205e-04,-2.345039730104904311e-04,-4.244367695926415808e-05,6.609868021078967482e-05,-8.698857773966718404e-05,-4.759056141738973321e-05,-4.052126390005577987e-05,-4.813660294033130351e-05,-5.420571490407274229e-05,-2.343977551465099854e-05,-9.278579867428323033e-05,-4.086849460426155491e-05,-2.658142133736594105e-06,-2.030644193946929982e-04,-6.304663299822368602e-03,8.405498158459208391e-03,-1.100387165163227085e-02,-1.102504118530503278e-02,-1.105266375051097878e-02,-1.109046039451769619e-02,-1.112304029776445789e-02,-1.115054337956024322e-02,-1.117341107658469633e-02
-2.950792073783008567e-05,-6.499656531244534614e-05,-6.580168703401756988e-05,-2.308367707852540673e-05,-1.502642218843182783e-05,-2.632723701688127058e-05,6.297032296282710234e-06,4.095090946854680974e-07,-3.839097160137403230e-05,-5.402274566697803227e-05,-7.418880693458813414e-05,-2.199389738088301983e-05,-5.045071264286479052e-05,-3.053223505696172691e-05,-1.328314933382775707e-05,-7.718867351689319726e-05,-7.473648764798041086e-05,-4.128536596844006379e-05,-4.774382573886088718e-05,-1.140635032790540673e-05,-1.363862940217562200e-04,-5.239398630560460356e-05,6.835364611204312771e-05,-2.022652790367648608e-04,4.751119388419767071e-05,-1.473581576178862392e-04,-1.084640176888514249e-04,1.855955307424298102e-04,-2.345247297220937922e-04,-4.245380043834544895e-05,6.613079576361150490e-05,-8.699961499535571903e-05,-4.754113241306041985e-05,-4.061977232876692466e-05,-4.814206647607499140e-05,-5.408834835504913334e-05,-2.340253762400791815e-05,-9.287051426056522688e-05,-4.107549950834833501e-05,-2.603861579169636805e-06,-2.030626479415189624e-04,-6.304721633580793842e-03,8.405557732273647234e-03,-1.100391873488894279e-02,-1.102500711778151878e-02,-1.105266393150111832e-02,-1.109045611040542639e-02,-1.112304055524550653e-02,-1.115062666761916510e-02,-1.117343872073380852e-02
-2.950265743540050206e-05,-6.499728834844139809e-05,-6.584128780416078838e-05,-2.306228957038648197e-05,-1.496837634846422814e-05,-2.634304068793724696e-05,6.266570455117376254e-06,4.485787137863507135e-07,-3.841103226863471322e-05,-5.401021311396515470e-05,-7.417287467085624520e-05,-2.202494398400034402e-05,-5.047403172234564151e-05,-3.053560853437294200e-05,-1.331642425070216467e-05,-7.718964011548426853e-05,-7.470850870062212994e-05,-4.132343676366750034e-05,-4.771932087940480876e-05,-1.143336951775116570e-05,-1.363744926678984537e-04,-5.236563239510430492e-05,6.840242395079440584e-05,-2.022389603276861171e-04,4.752409264346778165e-05,-1.472855149080939832e-04,-1.084608975973746706e-04,1.856670736518850563e-04,-2.345028321311425144e-04,-4.244082281239514303e-05,6.613267216533372434e-05,-8.697323097779106123e-05,-4.759917945364607164e-05,-4.057612220870704069e-05,-4.811814299848950335e-05,-5.413314473722454347e-05,-2.333378449161119681e-05,-9.278109230229614169e-05,-4.107185653810502388e-05,-2.609312860053570819e-06,-2.030568048285463529e-04,-6.304648584247387819e-03,8.405498038224240576e-03,-1.100386136541676302e-02,-1.102500772892024694e-02,-1.105266414630923406e-02,-1.109042143822556656e-02,-1.112304074265432589e-02,-1.115040471944348313e-02,-1.117341527411403433e-02
-2.953029681606482627e-05,-6.496491089799139062e-05,-6.584787327851114461e-05,-2.306781877719202349e-05,-1.500612415019978620e-05,-2.631836207154774956e-05,6.289966349002228258e-06,4.305989191823472948e-07,-3.842424232088410574e-05,-5.401480574955684659e-05,-7.416044519049142696e-05,-2.197682292852867346e-05,-5.043623246132611777e-05,-3.052013468152607622e-05,-1.332032854063863315e-05,-7.719550155928864429e-05,-7.471447729168190222e-05,-4.132537234083944350e-05,-4.770318531783375834e-05,-1.144777277252050494e-05,-1.363894862212898995e-04,-5.241005173524845151e-05,6.837944244619472995e-05,-2.022767244384148682e-04,4.749981796208897848e-05,-1.473460954581276442e-04,-1.085135870279117906e-04,1.855901982111809382e-04,-2.345182026017842466e-04,-4.246585618461339473e-05,6.609324937020165857e-05,-8.700368633486367791e-05,-4.759320400089663645e-05,-4.062402789303423245e-05,-4.814303513306529688e-05,-5.413706213412837514e-05,-2.342132065367153108e-05,-9.271353282186996345e-05,-4.108244149861715611e-05,-2.553092141432955740e-06,-2.030603261403110711e-04,-6.304688304450290631e-03,8.405557387844795475e-03,-1.100390710746878588e-02,-1.102507147972721369e-02,-1.105266440406157957e-02,-1.109046607273623912e-02,-1.112304110136468939e-02,-1.115053435185553096e-02,-1.117330730402329997e-02
-2.954361636085853606e-05,-6.500127269240187240e-05,-6.581184177440351543e-05,-2.306195589832545835e-05,-1.498943110917354359e-05,-2.633961532547354371e-05,6.293083477383904165e-06,4.633624508733966705e-07,-3.838553890796510016e-05,-5.397342922844647990e-05,-7.418337150729333040e-05,-2.199407490822803405e-05,-5.043740252098201181e-05,-3.052655250638887152e-05,-1.332003920730558405e-05,-7.718061724330016232e-05,-7.472518568198568370e-05,-4.129039194686677354e-05,-4.768173893010541065e-05,-1.139399546259411943e-05,-1.364221484147892501e-04,-5.239272131794251217e-05,6.836013489473138775e-05,-2.022790006783602330e-04,4.749830493074297372e-05,-1.472644004771926456e-04,-1.084770716213399335e-04,1.855851943459691877e-04,-2.344823342112558066e-04,-4.243107270110441477e-05,6.606881338453305850e-05,-8.695200197696311187e-05,-4.764044271321622959e-05,-4.065294072800756015e-05,-4.815941090909746949e-05,-5.414173768416843870e-05,-2.338045966984675188e-05,-9.280421795369133743e-05,-4.103651914208153478e-05,-2.718462614949921627e-06,-2.030530028500163880e-04,-6.304697225471902165e-03,8.405556978932310006e-03,-1.100392022848134532e-02,-1.102499607813482545e-02,-1.105266471580923851e-02,-1.109047314856318085e-02,-1.112304135496864840e-02,-1.115050041818264892e-02,-1.117335649031200688e-02
-2.949703759540511715e-05,-6.498366759870117181e-05,-6.578890756334262145e-05,-2.306980539276440472e-05,-1.501062732114568481e-05,-2.634052695216148682e-05,6.243080453216868941e-06,4.232340898110723439e-07,-3.842305319164458522e-05,-5.402652939879747166e-05,-7.418300088298094869e-05,-2.192812001020011208e-05,-5.044789010162836274e-05,-3.053087488484940902e-05,-1.330033870681000317e-05,-7.720893845657777143e-05,-7.472269204977856111e-05,-4.130541905959803566e-05,-4.775044884257752758e-05,-1.141832972680048600e-05,-1.363888514616268819e-04,-5.239092773351271140e-05,6.839985242440056344e-05,-2.022815174827009062e-04,4.749025733865530282e-05,-1.472746660091619098e-04,-1.084633406604759785e-04,1.856083014857855848e-04,-2.344620364216006860e-04,-4.248450124162686720e-05,6.608804942654753921e-05,-8.702070608471016745e-05,-4.759435404581788276e-05,-4.058786778443523500e-05,-4.804625526181832240e-05,-5.406173255235332094e-05,-2.332507927182307840e-05,-9.287780693143914698e-05,-4.102653816147117983e-05,-2.603515103693717423e-06,-2.030860334850488808e-04,-6.304711819234989044e-03,8.405556114582034624e-03,-1.100391475809736445e-02,-1.102500760715477944e-02,-1.105266509611175195e-02,-1.109047981374543246e-02,-1.112304186592098613e-02,-1.115071123210618735e-02,-1.117341801527428104e-02
-2.951068568392034878e-05,-6.502040939705916543e-05,-6.581580591199542895e-05,-2.303509662880987526e-05,-1.500416583914034544e-05,-2.633677538018181736e-05,6.237418423562311512e-06,4.898286718080909079e-07,-3.844621403601961149e-05,-5.398741756725699306e-05,-7.418329387403459500e-05,-2.195550969037788797e-05,-5.045802776544653479e-05,-3.052860692092096700e-05,-1.331448925341921952e-05,-7.717686489935618953e-05,-7.473990380158956252e-05,-4.130500594873534495e-05,-4.770775703853542501e-05,-1.145210945339080692e-05,-1.364099853130392088e-04,-5.240422385519784857e-05,6.835553188137506243e-05,-2.022846157326699593e-04,4.749556982029104810e-05,-1.473287150468141410e-04,-1.084452613912669986e-04,1.856073864044469458e-04,-2.345350443296887811e-04,-4.246852560027026424e-05,6.609808837038941905e-05,-8.701396490560702271e-05,-4.764837879526498626e-05,-4.060591561823775198e-05,-4.812553137716066781e-05,-5.406288623738231372e-05,-2.336522748514530850e-05,-9.284721664948180242e-05,-4.117129648782599230e-05,-2.551915748688122398e-06,-2.030851693766976831e-04,-6.304693315243087813e-03,8.405556225825897704e-03,-1.100384927158267259e-02,-1.102505102816255314e-02,-1.105266556348535358e-02,-1.109048926475571413e-02,-1.112304230775441188e-02,-1.115055584243258326e-02,-1.117354033760069310e-02
-2.953334510168605499e-05,-6.497425365335804772e-05,-6.581735940900055042e-05,-2.307613001417281912e-05,-1.501245886668717868e-05,-2.634358323052453618e-05,6.238947013275031455e-06,4.281308156264734041e-07,-3.837698300091693231e-05,-5.397718956985577288e-05,-7.417681768659373047e-05,-2.199587706615261013e-05,-5.044143932556420252e-05,-3.054648664401833142e-05,-1.326904904482402326e-05,-7.718943412147991653e-05,-7.471604508320276296e-05,-4.132609511944408367e-05,-4.769390367130361166e-05,-1.143907718979659937e-05,-1.364281401326397202e-04,-5.239448454210582026e-05,6.839921173049993389e-05,-2.022493820634406394e-04,4.749459754132798509e-05,-1.472739570878308475e-04,-1.084616450702542153e-04,1.855991049214539539e-04,-2.345440817235523463e-04,-4.246150853776210424e-05,6.604727878805129215e-05,-8.700510265055600844e-05,-4.754149940527750565e-05,-4.063776107053313055e-05,-4.814948050340106804e-05,-5.417975977293209986e-05,-2.335132925178248211e-05,-9.273389591869754154e-05,-4.100511097309201457e-05,-2.745027713617553536e-06,-2.030276980456122995e-04,-6.304668303653105516e-03,8.405555473516387877e-03,-1.100391541577410044e-02,-1.102509515096822962e-02,-1.105266613817266173e-02,-1.109049084718140114e-02,-1.112304285677433689e-02,-1.115065197701218397e-02,-1.117344380326424497e-02
-2.950291725570584151e-05,-6.497572223575851099e-05,-6.586605345191288139e-05,-2.303656775077082616e-05,-1.499805326160395502e-05,-2.638784600058518203e-05,6.247285954096394857e-06,4.319536978339001420e-07,-3.836076744933261158e-05,-5.403790334829419620e-05,-7.422253026543649515e-05,-2.198517649603912136e-05,-5.046544957201787697e-05,-3.053138284597577004e-05,-1.331015048470521720e-05,-7.716784281807345821e-05,-7.471086372750810299e-05,-4.135482315700906501e-05,-4.767885962598638060e-05,-1.144203960815839558e-05,-1.363996506956349265e-04,-5.239840056805781761e-05,6.842086792842578364e-05,-2.022841968507280228e-04,4.748998703266356787e-05,-1.472781652914157628e-04,-1.084688980628741939e-04,1.855522692882102082e-04,-2.344889894239680580e-04,-4.243516954267477666e-05,6.607310731438313103e-05,-8.704431195626798935e-05,-4.755736925911799182e-05,-4.061440462732399798e-05,-4.808004768009338769e-05,-5.414701020118806098e-05,-2.341606194831349089e-05,-9.278748069338902857e-05,-4.102849622944157188e-05,-2.645842459711192692e-06,-2.030735149770032189e-04,-6.304715333605154584e-03,8.405553994474424320e-03,-1.100394613050304816e-02,-1.102509564946697711e-02,-1.105266685209907104e-02,-1.109055084044513299e-02,-1.112304369548088208e-02,-1.115063424560838214e-02,-1.117355676058456350e-02
-2.954223912864205128e-05,-6.499539196983976147e-05,-6.585688597562904402e-05,-2.306887672621737827e-05,-1.500859865978288383e-05,-2.633705456497831092e-05,6.241948209110988607e-06,4.241218987539327683e-07,-3.844187371243085503e-05,-5.398624747118577704e-05,-7.416783697147267521e-05,-2.203771327176354462e-05,-5.043746914979626699e-05,-3.053685098146899428e-05,-1.335737696928410755e-05,-7.718106786575669367e-05,-7.477094976309486211e-05,-4.132799538041085279e-05,-4.772585842684288891e-05,-1.140428555781582173e-05,-1.363587360321097430e-04,-5.241082802032103833e-05,6.842537555805695295e-05,-2.022884894474492163e-04,4.750741247313460458e-05,-1.472556518245351012e-04,-1.085401394615588658e-04,1.855733577780978858e-04,-2.344698693372581938e-04,-4.244254632424420353e-05,6.610197758277052153e-05,-8.699748696570020672e-05,-4.762607835987307537e-05,-4.058354699677221887e-05,-4.813009633538758547e-05,-5.407915398043797368e-05,-2.334766198982978329e-05,-9.283853854135610336e-05,-4.112977194415441023e-05,-2.637194256262201007e-06,-2.030824935078109428e-04,-6.304643354673106388e-03,8.405585320431240709e-03,-1.100397193794017299e-02,-1.102505312050204578e-02,-1.105266774025809480e-02,-1.109046378072262896e-02,-1.112304463013368168e-02,-1.115049918430395352e-02,-1.117341753879749940e-02
-2.950200804381083948e-05,-6.504030966312179200e-05,-6.584277493574230945e-05,-2.305216168912959982e-05,-1.502479046126362941e-05,-2.632309135473234743e-05,6.234866067439224757e-06,4.090907960964354370e-07,-3.837775914441387767e-05,-5.399998248479439671e-05,-7.419059410351409845e-05,-2.201652370226248856e-05,-5.048041484475069863e-05,-3.053583085190164723e-05,-1.333845579378094607e-05,-7.717749417974155814e-05,-7.474590552347806305e-05,-4.135110614802967434e-05,-4.771547365643632457e-05,-1.145244450609558016e-05,-1.363765501283146304e-04,-5.239468216183918939e-05,6.836919359743247348e-05,-2.022858141960886885e-04,4.748657856181659140e-05,-1.472473093715252052e-04,-1.084792880298996435e-04,1.855507290215000795e-04,-2.345188040020471695e-04,-4.245972060975040674e-05,6.608526480713303728e-05,-8.696793502891835568e-05,-4.758625965890091566e-05,-4.063727658522469814e-05,-4.814147224411439042e-05,-5.406745068978084710e-05,-2.338323145801678098e-05,-9.282892416866685918e-05,-4.108722509544085726e-05,-2.650241930236451265e-06,-2.030196724888409560e-04,-6.304723013563951969e-03,8.405585359102605431e-03,-1.100385445674010969e-02,-1.102509734500020308e-02,-1.105266884477433022e-02,-1.109043234897378639e-02,-1.112304576761866462e-02,-1.115053581034333545e-02,-1.117330979484771995e-02
-2.955980667113078150e-05,-6.500706163461098528e-05,-6.585999327914791770e-05,-2.309304320065244049e-05,-1.502284046092465102e-05,-2.638221114484357556e-05,6.255246162090840267e-06,3.917267309423501184e-07,-3.842711093593464966e-05,-5.401332646089760070e-05,-7.421400860668545094e-05,-2.196110486556704437e-05,-5.047831408050396199e-05,-3.052444808025248893e-05,-1.337304467956209666e-05,-7.719957965904284238e-05,-7.478796299462417494e-05,-4.134983412416699485e-05,-4.768128600930152160e-05,-1.148657574638620315e-05,-1.363817026518483885e-04,-5.240298560748204006e-05,6.839230439661123442e-05,-2.023109708871893354e-04,4.755058614074392974e-05,-1.473262063705197994e-04,-1.085588035002962864e-04,1.856010759283860563e-04,-2.344941863088406643e-04,-4.242220449592007012e-05,6.609341396161825860e-05,-8.700348136300465273e-05,-4.759438188343965076e-05,-4.067001059515427247e-05,-4.817399189271258565e-05,-5.416691739813483784e-05,-2.341247611625392783e-05,-9.282724896627390454e-05,-4.109271353677056154e-05,-2.564395261435215721e-06,-2.030867544587054165e-04,-6.304626520958288467e-03,8.405582867312137024e-03,-1.100391864015906607e-02,-1.102502552790869672e-02,-1.105267022262994281e-02,-1.109062343572989572e-02,-1.112304722824552367e-02,-1.115064959033928646e-02,-1.117353371952015118e-02
-2.955302955426443443e-05,-6.502187029287559341e-05,-6.586313594383263689e-05,-2.307260732344918280e-05,-1.504471417951056267e-05,-2.635964723433788486e-05,6.211885491995291422e-06,3.817795546179673307e-07,-3.841889219993178375e-05,-5.405764183697476415e-05,-7.421928244024926405e-05,-2.199547959625991781e-05,-5.049490325677771086e-05,-3.055023257549983103e-05,-1.334668081237308319e-05,-7.722959217516231533e-05,-7.476680471683577864e-05,-4.135852623527329949e-05,-4.770932622537380884e-05,-1.141266187081391902e-05,-1.364061530439889620e-04,-5.243469255960851125e-05,6.836859622234569840e-05,-2.022522821992192750e-04,4.750822611074441947e-05,-1.472824158940600392e-04,-1.085193673637877281e-04,1.855986358821334415e-04,-2.345328615753990208e-04,-4.251849989722947514e-05,6.608872698071653281e-05,-8.707933582546542909e-05,-4.760768315379281277e-05,-4.066660087988858404e-05,-4.818009969937705968e-05,-5.408706616467370772e-05,-2.335532379889711458e-05,-9.283470315756910303e-05,-4.099687567151194415e-05,-2.669139668487474552e-06,-2.030953966448479134e-04,-6.304787658318908999e-03,8.405581306834657151e-03,-1.100391982989551952e-02,-1.102496077763236854e-02,-1.105267193527547341e-02,-1.109043695529299961e-02,-1.112304886792792914e-02,-1.115058335732278805e-02,-1.117349394769276416e-02
-2.956043119632732318e-05,-6.504791444160684362e-05,-6.592832600738063320e-05,-2.309783247280167371e-05,-1.505254928152959869e-05,-2.639608005030198826e-05,6.169730051329803546e-06,4.038494629161682665e-07,-3.842885979836326265e-05,-5.405918844761230404e-05,-7.420469365413743493e-05,-2.200062607509358924e-05,-5.048720835538554310e-05,-3.054368426664439958e-05,-1.332990184863816477e-05,-7.721488580293726304e-05,-7.475572950279966468e-05,-4.134034743870421803e-05,-4.772279242517619199e-05,-1.147382735239052990e-05,-1.364170611339246423e-04,-5.240603987538595152e-05,6.838139590943102038e-05,-2.022984410880301757e-04,4.749436379632078920e-05,-1.473066196576513782e-04,-1.084737411884084760e-04,1.855690038172131317e-04,-2.345345819787877809e-04,-4.248889937182898801e-05,6.609673579410005860e-05,-8.706261805641350368e-05,-4.761882172439470902e-05,-4.062248733029422013e-05,-4.815510039633726916e-05,-5.413391407790460019e-05,-2.338218184716198345e-05,-9.275385070048679074e-05,-4.104218546912546798e-05,-2.639969473745630228e-06,-2.030813542391450186e-04,-6.304717601946131442e-03,8.405579951670226826e-03,-1.100384167843704471e-02,-1.102508009096770172e-02,-1.105267405843066847e-02,-1.109046962928524407e-02,-1.112305109957354918e-02,-1.115062186032295122e-02,-1.117354784142558614e-02
-2.961036518284603555e-05,-6.501074021471278284e-05,-6.586170643809057305e-05,-2.306499464764227627e-05,-1.509919658155093943e-05,-2.641196075122058956e-05,6.211838453942377533e-06,3.923830920330810471e-07,-3.840943858002736849e-05,-5.408066465833724949e-05,-7.422565607112486478e-05,-2.202399313160419890e-05,-5.050419355625691522e-05,-3.054290851952802798e-05,-1.332788673381030047e-05,-7.724312755799168147e-05,-7.476578527233390030e-05,-4.137962557165506298e-05,-4.778565335670966743e-05,-1.149502850590479426e-05,-1.364293568997820036e-04,-5.240608929509468073e-05,6.836549424602409906e-05,-2.023289902963083808e-04,4.748185528098481701e-05,-1.473389889148411607e-04,-1.085066720004251352e-04,1.855968478986375081e-04,-2.345310555005403154e-04,-4.248963186170649070e-05,6.612418982497903787e-05,-8.700101867609368750e-05,-4.764470246812463729e-05,-4.067617658673153307e-05,-4.819224992786369190e-05,-5.413865905353317182e-05,-2.340024311920896159e-05,-9.266578188916708102e-05,-4.101812704574000281e-05,-2.640418806655903336e-06,-2.030187310707998042e-04,-6.304745247242216771e-03,8.405577303597458819e-03,-1.100395014306269383e-02,-1.102496408323543238e-02,-1.105267667491390687e-02,-1.109043471158078359e-02,-1.112305377991399183e-02,-1.115049941037066054e-02,-1.117333394438634921e-02
-2.960614270122242489e-05,-6.508441791619603645e-05,-6.593581733973778616e-05,-2.312389402459507636e-05,-1.505091592288260931e-05,-2.639974307262381713e-05,6.239296014969914418e-06,3.606567724010333521e-07,-3.845385885514617408e-05,-5.410168254132952207e-05,-7.426301281621072931e-05,-2.205874106059358428e-05,-5.050514613272849530e-05,-3.057773273987313996e-05,-1.337495873993357620e-05,-7.724510579759210553e-05,-7.479843814036624366e-05,-4.139823345767497772e-05,-4.779325158764299300e-05,-1.147696999279029272e-05,-1.364006000377563342e-04,-5.244058528658290439e-05,6.835666080099681453e-05,-2.023191162206717977e-04,4.747898670932581942e-05,-1.473018139242240172e-04,-1.085256304149051965e-04,1.856407875011636629e-04,-2.344951248368488494e-04,-4.249227164218689272e-05,6.602969974423606619e-05,-8.706980605405302890e-05,-4.758730216603742751e-05,-4.067642786348178117e-05,-4.815085018048392704e-05,-5.408937209092500340e-05,-2.339753485766396683e-05,-9.278986776533521051e-05,-4.107139040689866346e-05,-2.562779731336292945e-06,-2.030646790637442335e-04,-6.304693043758428407e-03,8.405540618651532320e-03,-1.100387804873180497e-02,-1.102509720362600081e-02,-1.105267988158981085e-02,-1.109062646477457399e-02,-1.112305702937645656e-02,-1.115056062135087733e-02,-1.117336431217907065e-02
-2.961494229507062370e-05,-6.509897941079738337e-05,-6.589376634450505349e-05,-2.314262233115048974e-05,-1.512011674721268760e-05,-2.642196032385448493e-05,6.201497624166070657e-06,3.103821951617130675e-07,-3.846233081103720618e-05,-5.413729048631536777e-05,-7.424892820346997520e-05,-2.207156583145234013e-05,-5.053585976854898815e-05,-3.063091451203900269e-05,-1.338077405441000627e-05,-7.729590006846635722e-05,-7.481266001906048432e-05,-4.140508140479746805e-05,-4.777312169085515150e-05,-1.153545487812630440e-05,-1.364421968649861920e-04,-5.246084106236820454e-05,6.835180543709865920e-05,-2.023322909520328659e-04,4.743291114059171570e-05,-1.473739805572328631e-04,-1.085562930663803223e-04,1.855747415881664269e-04,-2.345152397643960002e-04,-4.248897970211148008e-05,6.601040556275931969e-05,-8.702768331602276177e-05,-4.756069036001800448e-05,-4.064518307844644046e-05,-4.814601939689125480e-05,-5.416327802893557055e-05,-2.340556002003026134e-05,-9.277469686244976040e-05,-4.115399237961366919e-05,-2.658772324924716288e-06,-2.030572243907145097e-04,-6.304718177370762129e-03,8.405569930365891854e-03,-1.100386612616646199e-02,-1.102509384845693288e-02,-1.105268377316538479e-02,-1.109046374164102122e-02,-1.112306096284218331e-02,-1.115055104812195941e-02,-1.117346993285365554e-02
-2.965858767831889062e-05,-6.512930315053477826e-05,-6.594482344705357663e-05,-2.317181128318704199e-05,-1.510764947360997319e-05,-2.648201642809766689e-05,6.147991224857530839e-06,3.266680326376127936e-07,-3.851065453753092804e-05,-5.419087132829007914e-05,-7.428473701862884813e-05,-2.204454576572539596e-05,-5.052950163034719523e-05,-3.062979765465532014e-05,-1.339413224761747684e-05,-7.733200204895292380e-05,-7.483384607533950220e-05,-4.142901402732364731e-05,-4.777568806734559521e-05,-1.154849227693128561e-05,-1.364707228406445718e-04,-5.247916530154204349e-05,6.835907292607426469e-05,-2.023924193308017947e-04,4.745401020473332911e-05,-1.473846899371692419e-04,-1.085981045553046465e-04,1.855466439546455770e-04,-2.345521765175887809e-04,-4.253706494685907121e-05,6.605920406633534830e-05,-8.707750760172468425e-05,-4.761599230897759286e-05,-4.070336050042935345e-05,-4.809157301322838961e-05,-5.412452144395856081e-05,-2.329357607768756247e-05,-9.279732394399153102e-05,-4.105203003577152413e-05,-2.633845238932077677e-06,-2.030609817288588483e-04,-6.304684290212358121e-03,8.405564264009754080e-03,-1.100396101139416299e-02,-1.102509480769507146e-02,-1.105268844798490586e-02,-1.109054238395775112e-02,-1.112306566349144030e-02,-1.115053752016133271e-02,-1.117341786796929685e-02
-2.964915492786475743e-05,-6.515216727577568504e-05,-6.596031858751320788e-05,-2.316196717305661965e-05,-1.516161638156252628e-05,-2.645286693338202608e-05,6.135790353826199143e-06,2.745033736586881664e-07,-3.851566179247023020e-05,-5.418290128106586947e-05,-7.430296919280193605e-05,-2.212052037402153392e-05,-5.057100185225397386e-05,-3.064676217274192274e-05,-1.346135778062579825e-05,-7.734257145944721935e-05,-7.483953414319056768e-05,-4.143971521171748102e-05,-4.774966087675294659e-05,-1.153337290478779098e-05,-1.365094113765239002e-04,-5.250433809353568203e-05,6.827197217055302786e-05,-2.024028745602059025e-04,4.742774299200517879e-05,-1.473770462713235464e-04,-1.085289249695437093e-04,1.855425400107160955e-04,-2.345568102340269204e-04,-4.256629627608694182e-05,6.606767721590317707e-05,-8.709685959822019441e-05,-4.760548816218346246e-05,-4.070379438152740896e-05,-4.817115659950832766e-05,-5.409543102583300932e-05,-2.339992788156556561e-05,-9.288225202312781325e-05,-4.112440648481562993e-05,-2.721156910126111410e-06,-2.029904793164227946e-04,-6.304792474173818301e-03,8.405559282968195697e-03,-1.100385127294352741e-02,-1.102510378926858242e-02,-1.105269399729978327e-02,-1.109049420562640241e-02,-1.112307124545462364e-02,-1.115056316625293899e-02,-1.117338465102982181e-02
-2.969307647079804218e-05,-6.517195783535873377e-05,-6.599013198200035792e-05,-2.320247793873466259e-05,-1.520278310819076926e-05,-2.651755641594191672e-05,6.110924845001167670e-06,2.888970056527242122e-07,-3.854362282267253202e-05,-5.420248205961326974e-05,-7.432953114048169356e-05,-2.210093519731418666e-05,-5.059642606717318223e-05,-3.065521447400082564e-05,-1.343338283775987950e-05,-7.733930185892961585e-05,-7.486470111913352831e-05,-4.147562073789803189e-05,-4.782715481819593004e-05,-1.156410681016132324e-05,-1.365083820121510533e-04,-5.252606923058444563e-05,6.824561186810041108e-05,-2.024482135938700592e-04,4.743149668761945315e-05,-1.473970356436196596e-04,-1.085600428511700584e-04,1.855155401786598066e-04,-2.346009105034833561e-04,-4.254651545489312629e-05,6.592702684383757166e-05,-8.708059924380507613e-05,-4.769438243390624010e-05,-4.069238214470990154e-05,-4.818327235361874564e-05,-5.415481544639242761e-05,-2.342763987564685436e-05,-9.278676324851650161e-05,-4.097574106240269281e-05,-2.680709616730046008e-06,-2.030246521943562463e-04,-6.304673850576252882e-03,8.405552800033419883e-03,-1.100387387833847049e-02,-1.102510085711321842e-02,-1.105270049459589933e-02,-1.109056688827380135e-02,-1.112307771734064032e-02,-1.115056068748028137e-02,-1.117347474458424764e-02
-2.980570717319769961e-05,-6.523813115563394842e-05,-6.604765812003798528e-05,-2.322094712170687952e-05,-1.521193409459981135e-05,-2.656091606395134550e-05,6.074116232385353842e-06,2.316976450296563677e-07,-3.860629493921139609e-05,-5.423230585489312110e-05,-7.436880710137605175e-05,-2.219613368569273667e-05,-5.063279597384738666e-05,-3.066580230509753305e-05,-1.345025630277970980e-05,-7.744381245330356450e-05,-7.491586481710679919e-05,-4.150214997723399095e-05,-4.786715059096369759e-05,-1.163372339225766259e-05,-1.365534265513123160e-04,-5.259469506339884342e-05,6.824350818233340318e-05,-2.024615524812223093e-04,4.734635426404870320e-05,-1.474353445750837578e-04,-1.086000541317187578e-04,1.855827614338859675e-04,-2.345918715275883287e-04,-4.260048887638554621e-05,6.598019254411886141e-05,-8.706026725034518219e-05,-4.763406634281081410e-05,-4.067494229523154555e-05,-4.817746391740054433e-05,-5.411754699210884461e-05,-2.350578092981821357e-05,-9.284408339478099727e-05,-4.105597290304594655e-05,-2.602124083734566716e-06,-2.031552622271897801e-04,-6.304776609051078451e-03,8.405543819049808574e-03,-1.100395053338054652e-02,-1.102511232823007864e-02,-1.105270798345217402e-02,-1.109050997943727100e-02,-1.112308782471214952e-02,-1.115055502864155217e-02,-1.117339376612025426e-02
-2.982095209236447730e-05,-6.527420417938588121e-05,-6.607113225096258001e-05,-2.327548923906681036e-05,-1.530052260921944553e-05,-2.655980737600047506e-05,6.022181376658950035e-06,1.690120030864355194e-07,-3.863472272617757969e-05,-5.432128815006031456e-05,-7.442791329495597615e-05,-2.221670095862800009e-05,-5.067462866415310707e-05,-3.070630496718101195e-05,-1.352882631977458308e-05,-7.743874177930302040e-05,-7.497277323214304116e-05,-4.151702026416981376e-05,-4.790223371160394657e-05,-1.169757926335621323e-05,-1.365822772689925433e-04,-5.258965740449198287e-05,6.825063811622115084e-05,-2.025004385962802416e-04,4.733807702569807539e-05,-1.474533817416266170e-04,-1.086865798180221363e-04,1.854626288139398632e-04,-2.346697327256752315e-04,-4.258807857325158300e-05,6.590635865734061820e-05,-8.709446353660036939e-05,-4.770141845756757719e-05,-4.075806406811175581e-05,-4.820389472770593192e-05,-5.412319977622976919e-05,-2.340968016170456202e-05,-9.291388937954729978e-05,-4.106926654671060934e-05,-2.572215394560785211e-06,-2.030649184891557236e-04,-6.304713910761110610e-03,8.405534952460953085e-03,-1.100396710456141153e-02,-1.102512208267104193e-02,-1.105271646996179233e-02,-1.109058126001581483e-02,-1.112309628477689376e-02,-1.115062156957687990e-02,-1.117344163088359286e-02
-2.986921973524368413e-05,-6.531627097193490913e-05,-6.614849639788159853e-05,-2.335207360929009680e-05,-1.531818627887635524e-05,-2.661638649393804733e-05,5.949394891103698378e-06,1.115281349131888418e-07,-3.867414614410035064e-05,-5.433872957086894213e-05,-7.447292487877105031e-05,-2.227841524855959682e-05,-5.071204084781795137e-05,-3.077732461198848712e-05,-1.354317966593603792e-05,-7.748386994102502258e-05,-7.498912258343538287e-05,-4.157928630102431357e-05,-4.795719898776750200e-05,-1.171683995817035748e-05,-1.365881420422602381e-04,-5.262206595727346182e-05,6.820312255507890269e-05,-2.025714516145850255e-04,4.732131878683951950e-05,-1.474592514026801260e-04,-1.086865274620305510e-04,1.854282818772026644e-04,-2.346777562454551228e-04,-4.265644126261685889e-05,6.595904379322556636e-05,-8.707622055923323521e-05,-4.776198754083567886e-05,-4.075256450856191032e-05,-4.827147088468854722e-05,-5.421276598313612703e-05,-2.341733927100824594e-05,-9.278974640786836949e-05,-4.110098101157498275e-05,-2.714936990949769756e-06,-2.030963009904482991e-04,-6.304783399306721804e-03,8.405524914761194899e-03,-1.100396558839465688e-02,-1.102512190806280261e-02,-1.105272590991068608e-02,-1.109061020311956185e-02,-1.112306259358462023e-02,-1.115062297341834485e-02,-1.117355057374612957e-02
-2.989365411457970423e-05,-6.542377626592710813e-05,-6.617116126939115233e-05,-2.338222398321555443e-05,-1.539877358423586453e-05,-2.665689535642198947e-05,5.925727472918159566e-06,6.718231445366073492e-08,-3.877235091937509534e-05,-5.442024395166305335e-05,-7.453432503432757953e-05,-2.231002100334599932e-05,-5.075746152698457352e-05,-3.083037596726762790e-05,-1.363339261820135233e-05,-7.755745307194274554e-05,-7.503821426160846449e-05,-4.164417540385064722e-05,-4.795462617491450018e-05,-1.174556075366845815e-05,-1.366377660293454244e-04,-5.268348187180121997e-05,6.815359270470830737e-05,-2.026042961771967548e-04,4.728174753377464417e-05,-1.474916051073221063e-04,-1.087741335895949787e-04,1.854488751118192223e-04,-2.346726394863632827e-04,-4.261952021767766440e-05,6.590852119251242687e-05,-8.718547489805900097e-05,-4.779040826793267338e-05,-4.083305542615092633e-05,-4.829336408638319381e-05,-5.414131070373493903e-05,-2.356683107321541466e-05,-9.294942108900347663e-05,-4.113134956581600071e-05,-2.654678960589011979e-06,-2.031361570796059697e-04,-6.304826030851718235e-03,8.405514062040887399e-03,-1.100394293879193922e-02,-1.102514055516004739e-02,-1.105273620245224991e-02,-1.109056397024543728e-02,-1.112307273341395925e-02,-1.115074011771479030e-02,-1.117359480565659202e-02
-3.001724006797529249e-05,-6.548385454046820912e-05,-6.627812986500200337e-05,-2.345094042895048354e-05,-1.543749519488371640e-05,-2.673617307515514910e-05,5.862038150226998536e-06,3.468052208777442889e-08,-3.880183837190330943e-05,-5.447456571645716646e-05,-7.453175872008497725e-05,-2.238356464645945032e-05,-5.086077316627919350e-05,-3.090448332759137011e-05,-1.369494173698615953e-05,-7.757400633475976985e-05,-7.511607555627537855e-05,-4.168236346151219445e-05,-4.805363611043478886e-05,-1.182218833171021192e-05,-1.367288973697775760e-04,-5.272684733458826663e-05,6.811557189232700024e-05,-2.026210898513840610e-04,4.725141278249270850e-05,-1.475204253393734739e-04,-1.088448350490159951e-04,1.854120820302600052e-04,-2.347303330461918049e-04,-4.268887023639925376e-05,6.587081214048873463e-05,-8.715736032926609163e-05,-4.778252659104577019e-05,-4.081308169815142163e-05,-4.819430157276210998e-05,-5.426801905664119631e-05,-2.347809546791674917e-05,-9.287000122487990841e-05,-4.118285500808139085e-05,-2.767788276051656122e-06,-2.031007277290738098e-04,-6.304770340291357932e-03,8.405466903759019337e-03,-1.100400407992698816e-02,-1.102510657287581949e-02,-1.105274718577489539e-02,-1.109062243872541154e-02,-1.112308370935017471e-02,-1.115070703468845278e-02,-1.117346314709326792e-02
-3.002348732492004545e-05,-6.555052104531271131e-05,-6.633942316798729433e-05,-2.353847450561633186e-05,-1.550573128318131642e-05,-2.681549021697129123e-05,5.758657903025140673e-06,-3.668376357427147039e-08,-3.890288447582650378e-05,-5.453469381422797684e-05,-7.463910611253350214e-05,-2.243433544859428882e-05,-5.089223521495730014e-05,-3.093180712630050680e-05,-1.373977933611196139e-05,-7.767060211645777403e-05,-7.519859809388677494e-05,-4.176045313489033480e-05,-4.806412360214755924e-05,-1.184466085757867434e-05,-1.367272761080964632e-04,-5.272475640288304248e-05,6.801689996477714719e-05,-2.026697694013400507e-04,4.718299732147102348e-05,-1.475934191161311045e-04,-1.088246421629887459e-04,1.853562679149721817e-04,-2.347894537966230862e-04,-4.280324730742169639e-05,6.579620721657466044e-05,-8.721680018285202609e-05,-4.781197940037389181e-05,-4.089226690120596443e-05,-4.825889562481136601e-05,-5.417421179119747446e-05,-2.357479427090992914e-05,-9.292356294350122661e-05,-4.117662859498583702e-05,-2.722123078973395672e-06,-2.031028254590931496e-04,-6.304803890374764686e-03,8.405470835155947826e-03,-1.100401511120317581e-02,-1.102515366978548336e-02,-1.105275864410277045e-02,-1.109065039512485522e-02,-1.112309516113046612e-02,-1.115071833449524097e-02,-1.117349220716017284e-02
-3.014000728259175183e-05,-6.560290905479065785e-05,-6.642567047939718322e-05,-2.361278046972399515e-05,-1.557951155812405504e-05,-2.688908265807934514e-05,5.701168243740195665e-06,-1.468146355544947210e-07,-3.892786357847813849e-05,-5.461861120133858222e-05,-7.467185951250147273e-05,-2.249662854843633092e-05,-5.097880725948839399e-05,-3.099613302531598844e-05,-1.379527578247559238e-05,-7.771345189827617037e-05,-7.525323408304996037e-05,-4.183908695280396289e-05,-4.817057672519679562e-05,-1.196490082368096845e-05,-1.368307117221528413e-04,-5.285185937155023909e-05,6.799147349176118697e-05,-2.027502398749216517e-04,4.716099626050604713e-05,-1.476450334808567725e-04,-1.088872289837894387e-04,1.853238758440503488e-04,-2.347675687623722524e-04,-4.280581196861083822e-05,6.579516103952529136e-05,-8.728205054855790214e-05,-4.782758992458186208e-05,-4.087957564563088662e-05,-4.834368044355421157e-05,-5.424892963002801992e-05,-2.359436598860291008e-05,-9.292458397768636465e-05,-4.138265630543078952e-05,-2.582324045016204283e-06,-2.031751001555726023e-04,-6.304820848576467816e-03,8.405333977807995238e-03,-1.100397717131450584e-02,-1.102517355253595024e-02,-1.105277031832436509e-02,-1.109060577054977320e-02,-1.112312013201135347e-02,-1.115075050840792607e-02,-1.117344726755084561e-02
-3.020005075454241343e-05,-6.570667837568968533e-05,-6.649788748970029777e-05,-2.366329395258048794e-05,-1.565719809846547708e-05,-2.693858241730689608e-05,5.654835324724933436e-06,-1.975732535797192319e-07,-3.902397075441690352e-05,-5.470646806869288928e-05,-7.482003432462801121e-05,-2.256366486057402964e-05,-5.103455596412555316e-05,-3.111793015354008117e-05,-1.384857461442823560e-05,-7.782028112319560144e-05,-7.527810069880098900e-05,-4.187741737624796915e-05,-4.823371513340625233e-05,-1.201591679194966459e-05,-1.368604602301007615e-04,-5.292221216006092843e-05,6.797423162834405168e-05,-2.028144016404491705e-04,4.710393273825921466e-05,-1.477585214638652022e-04,-1.089389486960061048e-04,1.852538595165374486e-04,-2.348195498184270770e-04,-4.284241848065468457e-05,6.572704931563064278e-05,-8.731891760161542525e-05,-4.789968147262351996e-05,-4.088667874712373997e-05,-4.836197359842659690e-05,-5.428611782080397746e-05,-2.361626380858579142e-05,-9.300042611068309894e-05,-4.135695468449691794e-05,-2.660929090613318848e-06,-2.031793621669171165e-04,-6.304857067215395225e-03,8.405418308561285468e-03,-1.100402004162644685e-02,-1.102516788258334386e-02,-1.105278192655100022e-02,-1.109058062782510359e-02,-1.112313150875218933e-02,-1.115072219588761175e-02,-1.117354985335793603e-02
-3.024808232818607998e-05,-6.580490238780280958e-05,-6.652431368745561095e-05,-2.372516616997444520e-05,-1.573636618685477797e-05,-2.699710367950806280e-05,5.555317995670048950e-06,-2.780946354920561058e-07,-3.912102173772866930e-05,-5.478460668964833065e-05,-7.483447943397642833e-05,-2.267420445803330149e-05,-5.113439759187204562e-05,-3.115860287390213569e-05,-1.392989903872737041e-05,-7.786858970058715610e-05,-7.535816763261128919e-05,-4.193574654574510821e-05,-4.823097710645092318e-05,-1.206951315116305064e-05,-1.368675633284257523e-04,-5.299538639606208180e-05,6.791613599469078762e-05,-2.028791703227130936e-04,4.708955299667049848e-05,-1.477628467728004909e-04,-1.089663142907875819e-04,1.852743984273950279e-04,-2.348911865834076983e-04,-4.289017164623003004e-05,6.568609801285893153e-05,-8.732467527729578403e-05,-4.791230943251340344e-05,-4.098460648765316837e-05,-4.840170450698568069e-05,-5.422030858476627316e-05,-2.357191624697627859e-05,-9.295901691603477798e-05,-4.130640332915009455e-05,-2.730156556646381097e-06,-2.032564281225409384e-04,-6.304845648824852246e-03,8.405394433004953134e-03,-1.100409324685880201e-02,-1.102522931164337527e-02,-1.105279318676661085e-02,-1.109065079991723886e-02,-1.112314245705234642e-02,-1.115069945059687928e-02,-1.117351419460845159e-02
-3.036261313479439244e-05,-6.580938768413648185e-05,-6.659555312669757001e-05,-2.381192977480312153e-05,-1.579479577648203786e-05,-2.704380519949529073e-05,5.483816360417715956e-06,-3.496461803185056938e-07,-3.913596087347261647e-05,-5.486159303139166195e-05,-7.489842989013394809e-05,-2.269210504019733373e-05,-5.118222558972783224e-05,-3.118645831483243824e-05,-1.397937438624724678e-05,-7.791175771241895173e-05,-7.543192285629866651e-05,-4.200954156253599024e-05,-4.834031651575930932e-05,-1.213499217802358740e-05,-1.369488912726513487e-04,-5.301321814924050204e-05,6.788792764575194371e-05,-2.029167702978761372e-04,4.702856424543064978e-05,-1.477837622203723405e-04,-1.090610989180241402e-04,1.852132929375095260e-04,-2.349137592723109366e-04,-4.289153254475925361e-05,6.563684715357579781e-05,-8.738279705094965325e-05,-4.790678466685027221e-05,-4.098138484974723036e-05,-4.840756574356998499e-05,-5.442641235444823890e-05,-2.362530126590836366e-05,-9.306182893853971283e-05,-4.122554073388523212e-05,-2.879848178039663593e-06,-2.032320811370492497e-04,-6.304940728851635492e-03,8.405268620048044620e-03,-1.100402420717855843e-02,-1.102511545987777328e-02,-1.105280384310017815e-02,-1.109063128080751102e-02,-1.112315306263474309e-02,-1.115065606938897905e-02,-1.117348535380161337e-02
-3.041929390108634746e-05,-6.592683148496774346e-05,-6.666215118164716368e-05,-2.390288193479377256e-05,-1.588937235668714358e-05,-2.710979929033383072e-05,5.430293820522665435e-06,-4.260442732451748621e-07,-3.925183702062293178e-05,-5.488850432020654744e-05,-7.499942674271205441e-05,-2.275735480372093479e-05,-5.124512628221811634e-05,-3.127762953631391948e-05,-1.405905008247783137e-05,-7.801862062037183670e-05,-7.554243702086040708e-05,-4.210585623802764142e-05,-4.838464373422347490e-05,-1.222273806321032971e-05,-1.370649144916593742e-04,-5.306082951842841738e-05,6.782627368755188063e-05,-2.029476523933347826e-04,4.696033787508608844e-05,-1.478083475288711102e-04,-1.090824368836892428e-04,1.851578787686761294e-04,-2.350021408819135272e-04,-4.292946567680752136e-05,6.561373296580259168e-05,-8.738706483242063663e-05,-4.801612958349735694e-05,-4.101063051368495239e-05,-4.838297519693130356e-05,-5.437169655286171378e-05,-2.372528256378889604e-05,-9.310762037725330009e-05,-4.139034792034748862e-05,-2.811151680802805045e-06,-2.031706586703889504e-04,-6.304856530755078084e-03,8.405380942757723073e-03,-1.100404580419608348e-02,-1.102522455071644134e-02,-1.105288682657739989e-02,-1.109060004776581121e-02,-1.112328331602184875e-02,-1.115075120833998977e-02,-1.117349322262430750e-02
-3.050068267049115383e-05,-6.602303109330360587e-05,-6.674715686011916229e-05,-2.396039146856461028e-05,-1.594810542546059144e-05,-2.719565452936511106e-05,5.397539857261166139e-06,-4.950469863885371906e-07,-3.930977622574143140e-05,-5.499054452922159296e-05,-7.501272490997704968e-05,-2.282051838768950279e-05,-5.124777171578460407e-05,-3.131509719356273536e-05,-1.411146989873926598e-05,-7.802342099592209188e-05,-7.554190159247191837e-05,-4.210415772041825719e-05,-4.841586403226591078e-05,-1.227999285866318644e-05,-1.370928086612328736e-04,-5.311592349485049885e-05,6.773426836156236841e-05,-2.030101027523441184e-04,4.696090382173994830e-05,-1.478610874173679401e-04,-1.091737631643846670e-04,1.851413664576774575e-04,-2.350377750445752372e-04,-4.300515287516943176e-05,6.552485721792356173e-05,-8.746353457258763844e-05,-4.803592439116779507e-05,-4.109160697505422635e-05,-4.848352618873081471e-05,-5.434068430619473552e-05,-2.366328421335423034e-05,-9.303566661689996508e-05,-4.132007921712233406e-05,-2.875954166340714813e-06,-2.032786711971823479e-04,-6.304953818597659569e-03,8.405379372387328588e-03,-1.100407716066455384e-02,-1.102524781161932747e-02,-1.105290807977639747e-02,-1.109056624835084819e-02,-1.112314223944458301e-02,-1.115079202444410438e-02,-1.117357291125322359e-02
-3.054826840929641610e-05,-6.607502924494665407e-05,-6.677785720851867339e-05,-2.402257029301077076e-05,-1.601600449415001043e-05,-2.726069558273786904e-05,5.288833314789152237e-06,-5.462953667858337448e-07,-3.933590391764909351e-05,-5.502580831824714386e-05,-7.510034024181250331e-05,-2.289833521600258647e-05,-5.134568768581295476e-05,-3.139050054182297185e-05,-1.418031665935765878e-05,-7.810324832291987878e-05,-7.556941220311263389e-05,-4.221450655656640679e-05,-4.853422738807477955e-05,-1.229223907573524598e-05,-1.371342194912033620e-04,-5.319977790708326897e-05,6.770940448965554056e-05,-2.030269959138777372e-04,4.691331166159041848e-05,-1.479016779223668761e-04,-1.091802044317640873e-04,1.850878402190306478e-04,-2.350497749207413505e-04,-4.305230617977042130e-05,6.553230057885184280e-05,-8.752012984099739889e-05,-4.800000585809067934e-05,-4.103273035087483294e-05,-4.848080963591377615e-05,-5.442552396160343567e-05,-2.363934671009384724e-05,-9.301870951204030261e-05,-4.136786157725153132e-05,-2.769870829446036435e-06,-2.032325761963801815e-04,-6.304894949600224965e-03,8.405298518460824903e-03,-1.100403071030450070e-02,-1.102518409842464381e-02,-1.105292749566623260e-02,-1.109070768225622547e-02,-1.112316566945491594e-02,-1.115077957418898064e-02,-1.117366776384716084e-02
-3.062080700719109537e-05,-6.610300985164291234e-05,-6.684017785927040621e-05,-2.403900556020779284e-05,-1.602535690001928340e-05,-2.727713994872530052e-05,5.300936048629182680e-06,-6.297413174388868783e-07,-3.937767305120975554e-05,-5.510081071661860480e-05,-7.510919032546831890e-05,-2.292360808225082984e-05,-5.137382465387887261e-05,-3.137201894645775564e-05,-1.418099774497788484e-05,-7.811239616965319477e-05,-7.557781548796846524e-05,-4.222542209661804384e-05,-4.853081188973136620e-05,-1.232319659962238379e-05,-1.371410333771948546e-04,-5.315003706020755478e-05,6.770588219834037006e-05,-2.030870756891039260e-04,4.683485050063352885e-05,-1.479231867639864103e-04,-1.091792962081263789e-04,1.850484935222073888e-04,-2.350571149782243929e-04,-4.304867050771340320e-05,6.558380086249352163e-05,-8.743822109648047801e-05,-4.808053652768205793e-05,-4.112896701506671898e-05,-4.850567663416018428e-05,-5.441192041382563198e-05,-2.367410851246244400e-05,-9.307830867151729339e-05,-4.141409426163139177e-05,-2.860539443180849589e-06,-2.032626476894953320e-04,-6.304933717215192163e-03,8.405315266970671273e-03,-1.100407877349911766e-02,-1.102526803580790825e-02,-1.105295073805944404e-02,-1.109067042507320792e-02,-1.112312807961644487e-02,-1.115065846117846947e-02,-1.117356855658274001e-02
-3.062210876520830551e-05,-6.614980667356753640e-05,-6.686560532976994274e-05,-2.407491433863664755e-05,-1.608873724439680678e-05,-2.731413775172568549e-05,5.260323393674327061e-06,-6.143455302671527919e-07,-3.940426671824929746e-05,-5.514339263754395513e-05,-7.515787451495887399e-05,-2.297163166652505952e-05,-5.140218358558012844e-05,-3.143227924051347034e-05,-1.422344955366978847e-05,-7.815404351948866939e-05,-7.562558837753730631e-05,-4.222117934650721025e-05,-4.854387775299408053e-05,-1.237378889990822904e-05,-1.371296725650734797e-04,-5.318528750086423413e-05,6.766642422623451655e-05,-2.031251695590210028e-04,4.687100035637807301e-05,-1.479638313429993031e-04,-1.091965680738902448e-04,1.850417659531439479e-04,-2.350869354372208124e-04,-4.307229128815880581e-05,6.549260031781767538e-05,-8.751275198734279558e-05,-4.805793899099170240e-05,-4.106137398650521521e-05,-4.853068075923366376e-05,-5.443429959306803328e-05,-2.378743922094886818e-05,-9.310899835033977976e-05,-4.143536854876064108e-05,-2.922564342886042428e-06,-2.033024857662896461e-04,-6.305022889313311764e-03,8.405398629735902002e-03,-1.100408504621693852e-02,-1.102521461983883150e-02,-1.105302537582172374e-02,-1.109067403768471474e-02,-1.112328138272286604e-02,-1.115079164379150639e-02,-1.117343542499297376e-02
-3.068895951479885445e-05,-6.614344625089548240e-05,-6.693786581585226773e-05,-2.415017707337201495e-05,-1.613718837938775362e-05,-2.738385202434301797e-05,5.221902260369146355e-06,-6.375023816934498785e-07,-3.945222920714426621e-05,-5.518946585356878390e-05,-7.521650088847631839e-05,-2.300032866333623496e-05,-5.142962647093419538e-05,-3.150530239509921978e-05,-1.427732173421796947e-05,-7.821149731656747129e-05,-7.566081321744148359e-05,-4.229891877139251044e-05,-4.857030845702756361e-05,-1.240323762241254358e-05,-1.371735220538299982e-04,-5.325379089389102767e-05,6.762327914736868551e-05,-2.031864263659583566e-04,4.685151811739371767e-05,-1.480065953771016836e-04,-1.092380643265303492e-04,1.850607903926060945e-04,-2.351131682667509935e-04,-4.310172872792541473e-05,6.551744298378110276e-05,-8.751063337967235312e-05,-4.810400004533746447e-05,-4.110694164944109582e-05,-4.852858697292838583e-05,-5.446197165507012995e-05,-2.374220098162326160e-05,-9.314192470035262015e-05,-4.140994787846998551e-05,-2.744508015915845165e-06,-2.033385131015999828e-04,-6.304912124571534701e-03,8.405319581322470701e-03,-1.100405557389661990e-02,-1.102514620563829241e-02,-1.105289728527575517e-02,-1.109063677676332994e-02,-1.112330415645897998e-02,-1.115084313262871760e-02,-1.117361894949818468e-02
-3.073675582553572245e-05,-6.625750514954193294e-05,-6.693722369296675094e-05,-2.415017208067888672e-05,-1.615837991532659499e-05,-2.741255476865363431e-05,5.142113707276658886e-06,-7.112100581998312974e-07,-3.949227935261231855e-05,-5.519778550202715208e-05,-7.523361194004995936e-05,-2.300467253969249408e-05,-5.151625815696375525e-05,-3.151820506003972773e-05,-1.429366803513418381e-05,-7.827377739580001028e-05,-7.572952831281686752e-05,-4.236205962361059923e-05,-4.864210922001393253e-05,-1.242502983101854742e-05,-1.372331537196682120e-04,-5.328756117467425466e-05,6.755865409195523335e-05,-2.032070871859869264e-04,4.679098536290802589e-05,-1.479847833807256159e-04,-1.092730941946436305e-04,1.849885433167448910e-04,-2.351490418163875459e-04,-4.312706229429737442e-05,6.549411635118252036e-05,-8.754760479089507914e-05,-4.808728354038412642e-05,-4.115930835021073159e-05,-4.854477403350920481e-05,-5.449427780093365489e-05,-2.376744904627503912e-05,-9.312673096832925729e-05,-4.140705231581704148e-05,-2.850576484935242221e-06,-2.032808076755839575e-04,-6.305011002960914622e-03,8.405273301867325839e-03,-1.100413844700335805e-02,-1.102528741147541791e-02,-1.105282227124800877e-02,-1.109060985273949140e-02,-1.112330854078823206e-02,-1.115075573403808730e-02,-1.117357271486355171e-02
-3.071941643780537712e-05,-6.622055470628998835e-05,-6.694323999556630678e-05,-2.418312568643820484e-05,-1.617982885704428420e-05,-2.743134113854096796e-05,5.117746508327145171e-06,-7.565211694400006937e-07,-3.954354003726016741e-05,-5.522755238598555668e-05,-7.521166956382151019e-05,-2.309204966389519735e-05,-5.150270055624625598e-05,-3.156921408597485469e-05,-1.433746761350914948e-05,-7.828204575306352210e-05,-7.574667261333617875e-05,-4.233308065349948650e-05,-4.861446122570916775e-05,-1.244174409752003673e-05,-1.372599636649865485e-04,-5.330000079382988078e-05,6.758951964240207178e-05,-2.031758199661810459e-04,4.675849365139681419e-05,-1.479843972565667107e-04,-1.092889889108212339e-04,1.850066245644601105e-04,-2.351354709647450990e-04,-4.315935559669184713e-05,6.544733003995593468e-05,-8.754827158838637900e-05,-4.810553332216687311e-05,-4.113420728029855975e-05,-4.860037073870168304e-05,-5.448021397473844739e-05,-2.383103763251267888e-05,-9.316484335680942771e-05,-4.145239351047040664e-05,-2.842723821166174124e-06,-2.034189167851790730e-04,-6.304936689677408633e-03,8.405384475219825416e-03,-1.100410862819838249e-02,-1.102527813985475572e-02,-1.105285551513691088e-02,-1.109073871676682400e-02,-1.112329366033718535e-02,-1.115071821602369069e-02,-1.117372249523999710e-02
-3.077620720311598440e-05,-6.629904227893588273e-05,-6.701976455307722357e-05,-2.422677907818404034e-05,-1.622537509224246781e-05,-2.747281847992737191e-05,5.103735139453929650e-06,-7.925366561756915948e-07,-3.957289494366346075e-05,-5.526464512682131261e-05,-7.529609511072244462e-05,-2.310604414706480362e-05,-5.155345746389552628e-05,-3.159037892486912374e-05,-1.435390824027619981e-05,-7.830095298048629149e-05,-7.579194301241005537e-05,-4.237036784884565179e-05,-4.867010863554347940e-05,-1.251287789518706389e-05,-1.372795514930195168e-04,-5.336495444848676333e-05,6.753986040711925493e-05,-2.032162968432338454e-04,4.676054284148310828e-05,-1.480708472147809795e-04,-1.093600655096742198e-04,1.849742497471496320e-04,-2.351721776586477122e-04,-4.317279979881244407e-05,6.540956824636354812e-05,-8.756007408811274225e-05,-4.808678616735920594e-05,-4.118596000151008251e-05,-4.856959556259990321e-05,-5.450299460949346701e-05,-2.381731633508915136e-05,-9.320268258032961305e-05,-4.149946256531136861e-05,-2.857316991342819707e-06,-2.032481523921127393e-04,-6.304924143211813013e-03,8.405341423451164959e-03,-1.100420130239649665e-02,-1.102527342050109958e-02,-1.105287355927345172e-02,-1.109070087221408416e-02,-1.112333950300772520e-02,-1.115069811749722778e-02,-1.117369775197197927e-02
-3.081057262101589620e-05,-6.629291351389832371e-05,-6.700109885420247040e-05,-2.425133698305195214e-05,-1.618578650493041599e-05,-2.747340782030454416e-05,5.078889556440741315e-06,-7.964084154175246057e-07,-3.955738686817974494e-05,-5.522747645258995836e-05,-7.524582572870515385e-05,-2.312435512716399448e-05,-5.156636572478264614e-05,-3.159644163189508971e-05,-1.433782939145951004e-05,-7.829618211080177745e-05,-7.580929341579208905e-05,-4.235797383606930124e-05,-4.872956299707712706e-05,-1.246784254317379521e-05,-1.372824204301720046e-04,-5.330516148792147671e-05,6.747972682137203145e-05,-2.032398617445583850e-04,4.671099284383473918e-05,-1.480700229746327861e-04,-1.093690052247299802e-04,1.849380531438080360e-04,-2.351318158454294581e-04,-4.322191236919738894e-05,6.551081513752811554e-05,-8.751778739266109146e-05,-4.811866130356782346e-05,-4.117739799425874735e-05,-4.863890412343791191e-05,-5.456003412532189141e-05,-2.375615267112661324e-05,-9.316296831263294370e-05,-4.152633742597821264e-05,-2.834427371578237837e-06,-2.033231068633269893e-04,-6.304991830372023986e-03,8.405212322358281141e-03,-1.100406039342580883e-02,-1.102534013862287166e-02,-1.105287145419194331e-02,-1.109065997479525591e-02,-1.112320493466231568e-02,-1.115073494725763760e-02,-1.117362912181850410e-02
-3.081525220560912142e-05,-6.634731546618543500e-05,-6.708956948334968574e-05,-2.428338759784173231e-05,-1.622840628169948038e-05,-2.753769904417510895e-05,5.066635613906660917e-06,-8.092921382387842947e-07,-3.963717131203941738e-05,-5.533065165293824217e-05,-7.529476058354007940e-05,-2.312393530322003762e-05,-5.156853079351300250e-05,-3.159387152896326966e-05,-1.445861585435440373e-05,-7.834476101597504384e-05,-7.582046770758699053e-05,-4.242307470558332328e-05,-4.869584970643983988e-05,-1.258393475608332961e-05,-1.373102625801151473e-04,-5.339470460531101125e-05,6.748886179829238470e-05,-2.033157258327631430e-04,4.668051502793809672e-05,-1.481172284439682691e-04,-1.093900825350647689e-04,1.849234377739293893e-04,-2.351767204238743372e-04,-4.319099634566222909e-05,6.541761400337771013e-05,-8.762627170852696566e-05,-4.814266353399324739e-05,-4.120157024191005505e-05,-4.858811188010274656e-05,-5.450482138508621385e-05,-2.385100704302843514e-05,-9.322274772699434462e-05,-4.150005055815769609e-05,-2.943861375053472405e-06,-2.033654031912404605e-04,-6.305002765476694707e-03,8.405323033103151431e-03,-1.100416875261307076e-02,-1.102519108724087440e-02,-1.105290790805485077e-02,-1.109067551762648804e-02,-1.112320827529274941e-02,-1.115073191599005864e-02,-1.117364707837499582e-02
-3.083604956330370487e-05,-6.631469732594275958e-05,-6.706731808823936927e-05,-2.429280617062671871e-05,-1.622582849246892268e-05,-2.754029015736578627e-05,5.097580654973633489e-06,-8.736839571298776062e-07,-3.960522055377403331e-05,-5.526615763285283849e-05,-7.534052997095819822e-05,-2.312338724152973119e-05,-5.159811079271457143e-05,-3.164625399514207942e-05,-1.442954772052312328e-05,-7.835266593486824157e-05,-7.585914324141167220e-05,-4.239600622659644655e-05,-4.868901099117303337e-05,-1.258569150745800368e-05,-1.373290250124475161e-04,-5.339414350563788511e-05,6.750645682520392684e-05,-2.032874231225862782e-04,4.673899588812486746e-05,-1.480785069125674510e-04,-1.093830186627951518e-04,1.849423001422350460e-04,-2.352206743472843805e-04,-4.319599192395400124e-05,6.544544582158268869e-05,-8.761086300027284336e-05,-4.816420242022876019e-05,-4.121414181360482705e-05,-4.859403175101809747e-05,-5.452594692945728798e-05,-2.383112813033874601e-05,-9.320579324241980168e-05,-4.148611242269305114e-05,-2.872371964306721816e-06,-2.033365766934079589e-04,-6.304904062124014330e-03,8.405220274715533013e-03,-1.100409839935852056e-02,-1.102516654247386041e-02,-1.105294942365527694e-02,-1.109066270815753895e-02,-1.112329039419763382e-02,-1.115081406372207817e-02,-1.117353227897408680e-02
