8.451954209608284797e-06,5.544405539590984387e-04,1.272940867092350794e-03,1.791808542870356293e-03,2.551760561310110510e-03,3.401452426116768728e-03,4.210969267380381895e-03,5.169185528162963637e-03,6.266360132087010065e-03,7.310351191299107286e-03,8.526151792165044541e-03,9.773400151549701403e-03,1.119180613758504958e-02,1.253323937532802718e-02,1.399597147127243889e-02,1.552099338877522758e-02,1.689685715115107206e-02,1.836923121287271227e-02,1.969492124671554101e-02,2.083424754607762081e-02,2.165647123654487402e-02,2.215674338382662978e-02,2.204919602794237071e-02,2.154049002315317971e-02,2.022502099020574706e-02,1.820231399387181939e-02,1.493202240284730725e-02,1.134630288044474050e-02,6.777522537658640933e-03,9.051493212736801347e-04,-5.487953002874761468e-03,-1.243791167953566326e-02,-1.969666953729096517e-02,-2.711663659552810551e-02,-3.436333388052786875e-02,-4.139708037144130409e-02,-4.799452134395087305e-02,-5.411339010819848916e-02,-5.948172423823235022e-02,-6.420317632267361074e-02,-6.830155396478992946e-02,-7.178735361255834946e-02,-7.469817781465784567e-02,-7.703514135087390080e-02,-7.903169758300601644e-02,-8.065672937385293118e-02,-8.198181591939672497e-02,-8.310972370870356452e-02,-8.404472385478592433e-02,-8.470150908955745295e-02
-5.470107806700379551e-04,-2.139185872448009054e-06,7.151899893221985716e-04,1.232713995559667555e-03,1.991154107676312932e-03,2.839274365898555950e-03,3.647040581013605114e-03,4.603343623089249659e-03,5.698462900416974980e-03,6.740214869393783108e-03,7.953601827204528213e-03,9.198233247287046846e-03,1.061386384770127665e-02,1.195229237702960523e-02,1.341189223268600059e-02,1.493362577296505553e-02,1.630605950913242841e-02,1.777494846829844391e-02,1.909713884185939778e-02,2.023299310966495540e-02,2.105194540357194916e-02,2.154916587769559536e-02,2.143891839966937871e-02,2.092812315353197172e-02,1.961103017121860331e-02,1.758751536903058882e-02,1.431720335295355064e-02,1.073240990594308102e-02,6.165388705744595521e-03,2.954911741448669775e-04,-6.094226373044420338e-03,-1.304026819870904123e-02,-2.029465530034469181e-02,-2.771005571846422988e-02,-3.495211841368418837e-02,-4.198100005170101595e-02,-4.857423633592992257e-02,-5.468862149914791720e-02,-6.005340592637615355e-02,-6.477178992138965530e-02,-6.886756375134854558e-02,-7.235041630329488993e-02,-7.525964745957731961e-02,-7.759491171067334214e-02,-7.958995481511021985e-02,-8.121381938067537276e-02,-8.253783172331687068e-02,-8.366477857634058157e-02,-8.460017338545942900e-02,-8.525552225948213048e-02
-1.153613784912074954e-03,-6.099590516976973169e-04,1.060611261153739354e-04,6.220735327875495440e-04,1.378922152892919336e-03,2.225327126688549009e-03,3.031151303390525100e-03,3.985388214651763676e-03,5.078261317966086333e-03,6.117544849652360554e-03,7.328264195738711829e-03,8.570042558374823746e-03,9.982633359763827541e-03,1.131780218531505157e-02,1.277396023326730391e-02,1.429208875896994906e-02,1.566075429515394538e-02,1.712581313600918670e-02,1.844416658081151142e-02,1.957625880887190611e-02,2.039159430078590907e-02,2.088548901770847024e-02,2.077228469564842972e-02,2.025912170778690694e-02,1.894035459179899822e-02,1.691597381360212399e-02,1.364554412366160256e-02,1.006180649912731019e-02,5.496660833790144134e-03,-3.704559658141507719e-04,-6.756596196757325840e-03,-1.369826186115634566e-02,-2.094785508607877392e-02,-2.835821967162489160e-02,-3.559488713414415972e-02,-4.261876642065661608e-02,-4.920707395927326200e-02,-5.531743029971614850e-02,-6.067778417150511416e-02,-6.539229230242249447e-02,-6.948486452527985469e-02,-7.296570468284789557e-02,-7.587237882162088665e-02,-7.820601676047156392e-02,-8.019950539952575008e-02,-8.182186250840738084e-02,-8.314511777038587070e-02,-8.427123275098534483e-02,-8.520559868429487815e-02,-8.586076958617927524e-02
-1.815129185949909294e-03,-1.272814622316052356e-03,-5.582374449920927094e-04,-4.384150450941646452e-05,7.112548159389073992e-04,1.555744361279218094e-03,2.359472446784136208e-03,3.311400817178072539e-03,4.401846002779111200e-03,5.438425006654191290e-03,6.646252903398596444e-03,7.884894333242031123e-03,9.294172490940361131e-03,1.062574641820433763e-02,1.207812611503994785e-02,1.359231394224276294e-02,1.495689384952772830e-02,1.641776207481017089e-02,1.773191864708361862e-02,1.885987849713003164e-02,1.967123526555126026e-02,2.016147757808331095e-02,2.004508059602253325e-02,1.952931730940617519e-02,1.820869824883454210e-02,1.618333458831126836e-02,1.291279700013716995e-02,9.330147604533855707e-03,4.767180950475115482e-03,-1.096888976403371640e-03,-7.479099150107281109e-03,-1.441619791522563525e-02,-2.166059984300159821e-02,-2.906538964168213154e-02,-3.629638509394213924e-02,-4.331464741351456066e-02,-4.989782589002377672e-02,-5.600269811182490703e-02,-6.135893862250556968e-02,-6.606961405246261632e-02,-7.015916996630888747e-02,-7.363664200477205990e-02,-7.654090049985468047e-02,-7.887274396410663690e-02,-8.086458933845590280e-02,-8.248540863729292294e-02,-8.380749139806283055e-02,-8.493261981741277722e-02,-8.586624692361000122e-02,-8.652080095062408827e-02
-2.535302133089436735e-03,-1.994443718885268845e-03,-1.281437767263773203e-03,-7.688299552679547528e-04,-1.566267122685354197e-05,8.267698797689812832e-04,1.628180923119691703e-03,2.577655980985497572e-03,3.665409931389335130e-03,4.699030231979618548e-03,5.903680698863655874e-03,7.138903016341062446e-03,8.544527830741315694e-03,9.872192059870750838e-03,1.132044850208790282e-02,1.283032882574732837e-02,1.419040179432582045e-02,1.564669887264701770e-02,1.695626278088811778e-02,1.807969731024503326e-02,1.888671461211322705e-02,1.937301182662984692e-02,1.925306557688610462e-02,1.873447897416007438e-02,1.741181368125897105e-02,1.538537822026021448e-02,1.211477640351696708e-02,8.533298818583915854e-03,3.972654310510970177e-03,-1.888210621111960233e-03,-8.266028816571079768e-03,-1.519802816224112042e-02,-2.243662952382874387e-02,-2.983546565088008792e-02,-3.706009798347915940e-02,-4.407261899358645013e-02,-5.064955731996997890e-02,-5.674951886692753550e-02,-6.210050617325682532e-02,-6.680707931926810339e-02,-7.089264186992631778e-02,-7.436746762430755664e-02,-7.726918833611955140e-02,-7.959817459805557105e-02,-8.158827814800823086e-02,-8.320818394168505439e-02,-8.452874567134387174e-02,-8.565335649315464206e-02,-8.658556797886060585e-02,-8.723938846141934822e-02
-3.317697372004305926e-03,-2.778436077150657837e-03,-2.067109491894412055e-03,-1.556468793537749053e-03,-8.054065014788810376e-04,3.478392968402413670e-05,8.336798725217126884e-04,1.780407334164510859e-03,2.865247464302392126e-03,3.895633644933635051e-03,5.096841953754286010e-03,6.328314538954197058e-03,7.729977312267955272e-03,9.053354741621732343e-03,1.049710904676281857e-02,1.200225015910753867e-02,1.335744153903431659e-02,1.480872550541196056e-02,1.611331303275324173e-02,1.723181338356103917e-02,1.803408390722657101e-02,1.851601309415875501e-02,1.839221095428706515e-02,1.787051165521148441e-02,1.654564620931032320e-02,1.451805311924231172e-02,1.124732550861505184e-02,7.667148325013364678e-03,3.108983329510764653e-03,-2.748228617983740265e-03,-9.121384074171951309e-03,-1.604788402202509540e-02,-2.328027398024887576e-02,-3.067247124137780293e-02,-3.789061803316164101e-02,-4.489610739457205318e-02,-5.146677696964439136e-02,-5.756096563526914844e-02,-6.290688126268176306e-02,-6.760834441237033310e-02,-7.169020674230094925e-02,-7.516129854734612814e-02,-7.805986417535257238e-02,-8.038701632653856566e-02,-8.237486305915156515e-02,-8.399276219948663413e-02,-8.531250367966125570e-02,-8.643573656045243359e-02,-8.736726364671279499e-02,-8.802060100721523228e-02
-4.165440028480196788e-03,-3.627916203831544218e-03,-2.918475416116071523e-03,-2.409923712343484126e-03,-1.661188874677190994e-03,-8.234564980446774105e-04,-2.730837637122181683e-05,9.164586414973387423e-04,1.998104667339447704e-03,3.024956792527695032e-03,4.222401493793348851e-03,5.449797394991139771e-03,6.847120152861162039e-03,8.165826246854638454e-03,9.604657459702625744e-03,1.110470527702163770e-02,1.245455038491258791e-02,1.390036521978859144e-02,1.519947405452123750e-02,1.631258688173994192e-02,1.710970037526115053e-02,1.758687152445245067e-02,1.745887340841024982e-02,1.693380259761820966e-02,1.560647053274177160e-02,1.357758988571512206e-02,1.030676209238986195e-02,6.727982114828632253e-03,2.172552378925085657e-03,-3.680759689150046952e-03,-1.004889697473138749e-02,-1.696932182144506376e-02,-2.419485771660249279e-02,-3.157987735248064115e-02,-3.879064053938323375e-02,-4.578891812543135070e-02,-5.235289004884211006e-02,-5.844034731155207940e-02,-6.378032690605778265e-02,-6.847707584270759651e-02,-7.255466309916797085e-02,-7.602198675165636188e-02,-7.891778087510270545e-02,-8.124152936218502485e-02,-8.322836435799349508e-02,-8.484395046962719955e-02,-8.616204242907561650e-02,-8.728425955783419843e-02,-8.821486576882614505e-02,-8.886684040239166416e-02
-5.081134164237904698e-03,-4.545510224856389586e-03,-3.838085727203060984e-03,-3.331881229893816302e-03,-2.585612341049111848e-03,-1.750553072745339445e-03,-9.574025633006238035e-04,-1.688068905334861759e-05,1.061296612121082105e-03,2.084332233814134225e-03,3.277664422186743910e-03,4.500619437249878639e-03,5.893231613684226343e-03,7.206855735091476263e-03,8.640342294695733602e-03,1.013478922121717647e-02,1.147878944377694714e-02,1.291867016228920133e-02,1.421184348408286412e-02,1.531908090480330227e-02,1.611056702793696449e-02,1.658256023713159180e-02,1.644998414481723889e-02,1.592122093408517361e-02,1.459126844175313506e-02,1.256094703887685078e-02,9.289960703969814618e-03,5.712675797174397198e-03,1.160240530659781191e-03,-4.688920832775932482e-03,-1.105145244470035620e-02,-1.796530415256659963e-02,-2.518358902867066929e-02,-3.256074869686494816e-02,-3.976345873747751808e-02,-4.675397510385168043e-02,-5.331042119972417143e-02,-5.939120700600382385e-02,-6.472501808912098364e-02,-6.941602074352569429e-02,-7.348872368491327078e-02,-7.695186681595327094e-02,-7.984445796480792168e-02,-8.216558610932057916e-02,-8.414939155931036585e-02,-8.576361914534724740e-02,-8.708004342698512368e-02,-8.820093527916544884e-02,-8.913052764091379532e-02,-8.978154296271158297e-02
-6.066353655463629577e-03,-5.532755568844965367e-03,-4.827536890355135432e-03,-4.323842571869805466e-03,-3.580276596421157111e-03,-2.748171531393274643e-03,-1.958245301466801994e-03,-1.021239976428508535e-03,5.317059931388862394e-05,1.072038134067429017e-03,2.260896391437140166e-03,3.479032122756510210e-03,4.866518685238340261e-03,6.174612625717623010e-03,7.602302182121632897e-03,9.090676810694827900e-03,1.042835294347652965e-02,1.186178244184469578e-02,1.314848674305818359e-02,1.424932092214240865e-02,1.503470048220072880e-02,1.550106801880968624e-02,1.536348065778392162e-02,1.483071145697929284e-02,1.349784477557655453e-02,1.146599944584682229e-02,8.194795694072104855e-03,4.619158407500806481e-03,6.988906566351598727e-05,-5.774709604105304241e-03,-1.213131219055784207e-02,-1.903807684804870171e-02,-2.624830509231252870e-02,-3.361701526318418287e-02,-4.081115969730542137e-02,-4.779315611524258961e-02,-5.434159709778620811e-02,-6.041473451602819011e-02,-6.574184571814831179e-02,-7.042710176689323531e-02,-7.449393227789169458e-02,-7.795315309234192303e-02,-8.084236154630958238e-02,-8.316024456209629434e-02,-8.514142264896902568e-02,-8.675365966537634810e-02,-8.806826297551634264e-02,-8.918761140230099804e-02,-9.011636636748537876e-02,-9.076658683190219623e-02
-7.121231935916180061e-03,-6.589871541812016009e-03,-5.887061845414135255e-03,-5.386061733542105677e-03,-4.645481906903987587e-03,-3.816486455709157920e-03,-3.030093880559136654e-03,-2.096893597826304800e-03,-1.026559374309569690e-03,-1.219364126143746127e-05,1.171826397274450694e-03,2.384723478249608803e-03,3.766666408340097090e-03,5.068771029455000632e-03,6.490157285795647435e-03,7.971951280541606996e-03,9.302757272505650030e-03,1.072918004636069442e-02,1.200887982682619093e-02,1.310282129950441840e-02,1.388156665620516282e-02,1.434183137377908687e-02,1.419877619704378209e-02,1.366166943531997753e-02,1.232562078582723902e-02,1.029205628581780774e-02,7.020662978736866289e-03,3.446732769450701599e-03,-1.099084269733939566e-03,-6.938812742017700687e-03,-1.328896622655861143e-02,-2.018801266876136744e-02,-2.738981496213724678e-02,-3.474948388053158976e-02,-4.193429920514341047e-02,-4.890699821303921835e-02,-5.544657580388350632e-02,-6.151178482061221697e-02,-6.683126887512741421e-02,-7.151030612262430919e-02,-7.557177494222599989e-02,-7.902606512575714726e-02,-8.191092673106489808e-02,-8.422570386193886649e-02,-8.620434616598522670e-02,-8.781465226872209318e-02,-8.912709930364345889e-02,-9.024483107820917283e-02,-9.117262006375354000e-02,-9.182137403512773133e-02
-8.243980556520631373e-03,-7.715014054349857153e-03,-7.014769412967331030e-03,-6.516737692070849290e-03,-5.779296952923759605e-03,-4.953737456693100595e-03,-4.171160961552034321e-03,-3.242052932266096827e-03,-2.176132544453094481e-03,-1.166643830385821930e-03,1.213647788668396069e-05,1.219383316023215291e-03,2.595319415502781064e-03,3.890961919340473179e-03,5.305556248682970384e-03,6.780216079572570255e-03,8.103644837317883556e-03,9.522475360596076299e-03,1.079460869559177062e-02,1.188105674123688532e-02,1.265261464650273629e-02,1.310625110398045377e-02,1.295734795092938658e-02,1.241552766902303227e-02,1.107599883755415633e-02,9.040596435880281223e-03,5.768884581992984352e-03,2.196828857932267391e-03,-2.345382870716751760e-03,-8.179851510658886840e-03,-1.452303547498476864e-02,-2.141394422030861930e-02,-2.860651741683839511e-02,-3.595646957050254583e-02,-4.313116111805843228e-02,-5.009410738217468656e-02,-5.662444358500885039e-02,-6.268082529085199084e-02,-6.799244354041326932e-02,-7.266418544497144083e-02,-7.671984060971835662e-02,-8.016923863549094142e-02,-8.304962149986476472e-02,-8.536095670607193875e-02,-8.733693498880966410e-02,-8.894456459223466782e-02,-9.025503788909630676e-02,-9.137141549428204335e-02,-9.229767397755264668e-02,-9.294546528193758927e-02
-9.430038475048146615e-03,-8.903675120673932436e-03,-8.206202699448694390e-03,-7.711342879768442495e-03,-6.977333201661028647e-03,-6.155426831266026799e-03,-5.376940617603099930e-03,-4.452272398532055621e-03,-3.391098848008815021e-03,-2.386869532359374695e-03,-1.213694263176129731e-03,-1.252317268643795588e-05,1.356948498886819407e-03,2.645636898651279514e-03,4.052886778181457109e-03,5.519898263856574255e-03,6.835313567721117492e-03,8.246001520741178675e-03,9.509992045178553705e-03,1.058836957777681796e-02,1.135217334167693513e-02,1.179869523687268433e-02,1.164343894405545608e-02,1.109647306305012668e-02,9.753256483229201523e-03,7.715786007553207711e-03,4.443753528710458166e-03,8.735839733870833261e-04,-3.664762068819787770e-03,-9.493615739317212004e-03,-1.582951161631503817e-02,-2.271165514095744437e-02,-2.989445419813648724e-02,-3.723380458828409734e-02,-4.439786331543606884e-02,-5.135021686447008987e-02,-5.787046332487234823e-02,-6.391737638216257733e-02,-6.922082984045214993e-02,-7.388518966291153511e-02,-7.793470551311670880e-02,-8.137847236227260805e-02,-8.425406418199761494e-02,-8.656164359009195508e-02,-8.853382067421612656e-02,-9.013953009454507559e-02,-9.144794940078930512e-02,-9.256271568808185912e-02,-9.348738513860171961e-02,-9.413419861925956256e-02
-1.067127165186190600e-02,-1.014769128774980524e-02,-9.453190100061747286e-03,-8.961721778886858406e-03,-8.231397277885521557e-03,-7.413420770908087792e-03,-6.639323107049559247e-03,-5.719390508775131811e-03,-4.663297204308316200e-03,-3.664697548161866339e-03,-2.497556529007372798e-03,-1.302916081598117252e-03,5.965326017845425403e-05,1.340861423851144769e-03,2.740254025770556823e-03,4.199052896274296960e-03,5.505933143386228419e-03,6.907865291711543822e-03,8.163080780042675927e-03,9.232814419578398712e-03,9.988288006519636941e-03,1.042714972405166599e-02,1.026507351802741393e-02,9.712591301795936785e-03,8.365297551642865773e-03,6.325625773365293331e-03,3.053109497955117276e-03,-5.150482878513520674e-04,-5.049278747143145889e-03,-1.087233447813607673e-02,-1.720040404942778378e-02,-2.407328415953519096e-02,-3.124570401005799178e-02,-3.857385797436975461e-02,-4.572649386127895094e-02,-5.266779551901975415e-02,-5.917750790995031374e-02,-6.521461284983577633e-02,-7.050901770902966159e-02,-7.516528039227460267e-02,-7.920808528650408187e-02,-8.264607926243591751e-02,-8.551680556065764660e-02,-8.782018634553685754e-02,-8.978908681499876698e-02,-9.139172147972317306e-02,-9.269822410124971268e-02,-9.381103722234132580e-02,-9.473403876615071884e-02,-9.537988751116631414e-02
-1.195486698112756090e-02,-1.143423800269312979e-02,-1.074292203422312283e-02,-1.025506596893978155e-02,-9.528625918145749302e-03,-8.714843606796000494e-03,-7.945455868739594724e-03,-7.030590514943226704e-03,-5.979922675449294081e-03,-4.987306562476125950e-03,-3.826606493663268875e-03,-2.638925604709462056e-03,-1.283729841162093701e-03,-1.048702297875979094e-05,1.380522797039154207e-03,2.830554560304340134e-03,4.128318001608612293e-03,5.520895206708457265e-03,6.766777245008295631e-03,7.827255049850975754e-03,8.573848154905961555e-03,9.004491107991230425e-03,8.835096579115259835e-03,8.276700159468606405e-03,6.925039395360500435e-03,4.882879450369235520e-03,1.609831790095924819e-03,-1.956323377537452085e-03,-6.486302320714404032e-03,-1.230319090483728006e-02,-1.862306694472127405e-02,-2.548619985779744870e-02,-3.264755181619630187e-02,-3.996425050916110888e-02,-4.710475313643012335e-02,-5.403418943315112244e-02,-6.053242169387074156e-02,-6.655912522663474939e-02,-7.184435622345633488e-02,-7.649222110860116886e-02,-8.052780252845880005e-02,-8.395959565385308077e-02,-8.682564756923918936e-02,-8.912445631752335951e-02,-9.108995406134905160e-02,-9.268975336596430026e-02,-9.399372949544310130e-02,-9.510478601546375199e-02,-9.602629550544770909e-02,-9.667045810214415502e-02
-1.326205955996833698e-02,-1.274456455134447344e-02,-1.205658285118429984e-02,-1.157257012298187372e-02,-1.085032978753574899e-02,-1.004093907440668960e-02,-9.276500598036389530e-03,-8.367000781761181269e-03,-7.322070640425872023e-03,-6.335845361382952748e-03,-5.181939681965463257e-03,-4.001632205833390889e-03,-2.654255083514687249e-03,-1.389469368532917888e-03,-7.342992716395126559e-06,1.433396892262848651e-03,2.721458911085535091e-03,4.104120225282642531e-03,5.340093029926299036e-03,6.390750240572164349e-03,7.127898894145518610e-03,7.549819579475309898e-03,7.372597676003508210e-03,6.807837217669549662e-03,5.451473757580224330e-03,3.406642269056920930e-03,1.328613869073017029e-04,-3.431235079633335443e-03,-7.956856289904936860e-03,-1.376736736260764961e-02,-2.007877336655541564e-02,-2.693176736220362702e-02,-3.408170260949137248e-02,-4.138611092618178083e-02,-4.851427320054323145e-02,-5.543132874307733771e-02,-6.191776650948496719e-02,-6.793382941660394692e-02,-7.320845307558535020e-02,-7.784821457652341126e-02,-8.187587771135959591e-02,-8.530185317007767110e-02,-8.816186233166080355e-02,-9.045659672133429807e-02,-9.241924305651079419e-02,-9.401508322483717595e-02,-9.531659293790877008e-02,-9.642564464668715307e-02,-9.734550675996590796e-02,-9.798837381163598426e-02
-1.456671360686253788e-02,-1.405249635958963697e-02,-1.336804998496865862e-02,-1.288808897728036494e-02,-1.217021037333014186e-02,-1.136549021244005753e-02,-1.060627087880620413e-02,-9.702409267288263084e-03,-8.663524056765485246e-03,-7.683979136228201098e-03,-6.537258059440533009e-03,-5.364700656726950623e-03,-4.025551935263004671e-03,-2.769653035630809026e-03,-1.396896415717956055e-03,3.405972865948570232e-05,1.311923677031688303e-03,2.684138541193456344e-03,3.909674062504828705e-03,4.949949062721604315e-03,5.677108748643646362e-03,6.089786102192495595e-03,5.904272964659345799e-03,5.332770364660738803e-03,3.971340683296022481e-03,1.923542758996946546e-03,-1.351130954984891813e-03,-4.913250073881695115e-03,-9.434485239532419340e-03,-1.523854139437649628e-02,-2.154130151664083656e-02,-2.838364463889796879e-02,-3.552190348440727868e-02,-4.281371966200134271e-02,-4.992904157659890096e-02,-5.683319511119633988e-02,-6.330763792263892353e-02,-6.931241330838559811e-02,-7.457708240483931772e-02,-7.920762985151952318e-02,-8.322768838652526424e-02,-8.664647158964289275e-02,-8.950150130968836937e-02,-9.179101018417268332e-02,-9.374973073356794584e-02,-9.534356331529122985e-02,-9.664184085544459679e-02,-9.774853085830384480e-02,-9.866673375502232890e-02,-9.930805272846629506e-02
-1.583381281981953784e-02,-1.532305093794609011e-02,-1.464226804209485706e-02,-1.416654578004148714e-02,-1.345320337505556685e-02,-1.265334789154841551e-02,-1.189961383881093376e-02,-1.100162013616869626e-02,-9.969015635318422344e-03,-8.996481846872570950e-03,-7.857249589317872457e-03,-6.692792560756638531e-03,-5.362195955954464181e-03,-4.115606303743594464e-03,-2.752594845224063617e-03,-1.331862063190800529e-03,-6.469486521556300088e-05,1.296603048006193977e-03,2.511204661803163006e-03,3.540634982808476064e-03,4.257330804552757891e-03,4.660303665986873477e-03,4.466039052514904524e-03,3.887392752725881123e-03,2.520550988308640095e-03,4.694981287325229020e-04,-2.806343595502689033e-03,-6.366648139198273493e-03,-1.088350157772121317e-02,-1.668117393562163278e-02,-2.297503496917233795e-02,-2.980706871836967531e-02,-3.693326207853776105e-02,-4.421238229729593239e-02,-5.131431607333677286e-02,-5.820566409223743021e-02,-6.466761970067344545e-02,-7.066094639269376865e-02,-7.591530554059539027e-02,-8.053672381808958669e-02,-8.454886867460280342e-02,-8.796078382544565699e-02,-9.081028454604654632e-02,-9.309510338785881300e-02,-9.504946722230700473e-02,-9.663968220626992234e-02,-9.793595631427107207e-02,-9.904051113622816538e-02,-9.995720831251210525e-02,-1.005967173821356725e-01
-1.701812519259823797e-02,-1.651092084341708108e-02,-1.583390944560472344e-02,-1.536256123653197310e-02,-1.465395500441701686e-02,-1.385909562752967589e-02,-1.311100348676653461e-02,-1.221911179087391448e-02,-1.119298789074272583e-02,-1.022766753647149848e-02,-9.096163022868438905e-03,-7.940088994148939913e-03,-6.618364806309524201e-03,-5.381356769341557808e-03,-4.028464352655586854e-03,-2.618282931734212341e-03,-1.362148366769489003e-03,-1.217203729326982760e-05,1.191103543366900733e-03,2.209272457287934054e-03,2.915062675385478395e-03,3.307925809399139914e-03,3.104524229531419044e-03,2.518327365603154847e-03,1.145705669173542867e-03,-9.089374846883977767e-04,-4.186226160164003077e-03,-7.744857984275357356e-03,-1.225755086120779158e-02,-1.804907869478010810e-02,-2.433426660699329960e-02,-3.115582144570069184e-02,-3.827018164806777339e-02,-4.553649017072047139e-02,-5.262531284720290553e-02,-5.950357337487267168e-02,-6.595325913226349202e-02,-7.193514253524131707e-02,-7.717915568629075962e-02,-8.179134489736264446e-02,-8.579497613668557454e-02,-8.920055680329649905e-02,-9.204464637019910134e-02,-9.432446550429619825e-02,-9.627503425517190683e-02,-9.786198727489295313e-02,-9.915547701058288754e-02,-1.002579394242809063e-01,-1.011730890373113423e-01,-1.018111720109923096e-01
-1.806279491493528733e-02,-1.755922335336280657e-02,-1.688606245031845643e-02,-1.641918983006171798e-02,-1.571540263121288389e-02,-1.492565746293353542e-02,-1.418330613920993147e-02,-1.329763836870971778e-02,-1.227811749124048564e-02,-1.132020320685098516e-02,-1.019660015360763367e-02,-9.049058040837954994e-03,-7.736377024205430206e-03,-6.509224437220162938e-03,-5.166646407534448461e-03,-3.767264328707416524e-03,-2.522438967657240905e-03,-1.184068850328420233e-03,7.597634325308108875e-06,1.014191615688369219e-03,1.708762666852996822e-03,2.091177313699726838e-03,1.878260280331952399e-03,1.284191265557725831e-03,-9.460026281377257121e-05,-2.153190366433424974e-03,-5.432411590209632740e-03,-8.989714225221254185e-03,-1.349869866114465286e-02,-1.928429435845630674e-02,-2.556122819079865646e-02,-3.237274169361449572e-02,-3.947551330319111484e-02,-4.672954826500225201e-02,-5.380550163597804664e-02,-6.067113672466758340e-02,-6.710850220838751601e-02,-7.307912755543607974e-02,-7.831309042661492581e-02,-8.291594749884968751e-02,-8.691204898639101617e-02,-9.031092457367147219e-02,-9.314869614446420754e-02,-9.542426127974200367e-02,-9.737108165179626795e-02,-9.895479239840099250e-02,-1.002458169040405939e-01,-1.013460929021818280e-01,-1.022592552184265341e-01,-1.028958810898261689e-01
-1.889870536464664103e-02,-1.839876165780208669e-02,-1.772946611248305687e-02,-1.726709774612199613e-02,-1.656818843147567222e-02,-1.578357762685599769e-02,-1.504707353574733127e-02,-1.416764173033631738e-02,-1.315479564639845250e-02,-1.220432163226938850e-02,-1.108866687630710723e-02,-9.949768621770023816e-03,-8.646186838385961498e-03,-7.428963435464427771e-03,-6.096819462062147942e-03,-4.708359328551130381e-03,-3.474943376894243981e-03,-2.148340459803292548e-03,-9.684263374478850519e-04,2.638721759042828022e-05,7.095211399677556598e-04,1.081261131264617910e-03,8.585140726594432409e-04,2.562347265649294096e-04,-1.129067780991075505e-03,-3.192036779463374146e-03,-6.473624459370190196e-03,-1.003018003623713621e-02,-1.453589928626830216e-02,-2.031630199712230675e-02,-2.658562875807623377e-02,-3.338783227762255612e-02,-4.047975092054682811e-02,-4.772205232471468661e-02,-5.478577078431142583e-02,-6.163942832233341301e-02,-6.806518504027132821e-02,-7.402524622352787964e-02,-7.924918465868771578e-02,-8.384357465408580345e-02,-8.783240669598875450e-02,-9.122462209734104321e-02,-9.405727463056498538e-02,-9.632840734736883292e-02,-9.827102526017471307e-02,-9.985213794622982419e-02,-1.011405717361451712e-01,-1.022393959914884853e-01,-1.031503528299644867e-01,-1.037853011285729404e-01
-1.944446416160148378e-02,-1.894816372504048996e-02,-1.828271784416219542e-02,-1.782481069076717953e-02,-1.713080062991393163e-02,-1.635121259852053907e-02,-1.562050639660333626e-02,-1.474730213129860079e-02,-1.374104316236199677e-02,-1.279797206620406254e-02,-1.169022257655548749e-02,-1.055990857752663915e-02,-9.265380687853441016e-03,-8.058046982595844232e-03,-6.736273173991808028e-03,-5.358696962351964209e-03,-4.136685513180382925e-03,-2.821829585652534805e-03,-1.653661266437648917e-03,-6.706606331178318215e-04,9.574311633500622012e-07,3.618799680566607210e-04,1.290978831717761366e-04,-4.816613259804067119e-04,-1.873860319695522204e-03,-3.941687883130142074e-03,-7.226297711199240574e-03,-1.078278164363101477e-02,-1.528606339605352235e-02,-2.106221805242788903e-02,-2.732494502449828860e-02,-3.411886280698869095e-02,-4.120109542652728579e-02,-4.843267518584358500e-02,-5.548548913056487730e-02,-6.232810789062179918e-02,-6.874352719426311820e-02,-7.469375521312981991e-02,-7.990841375811179315e-02,-8.449527024847132417e-02,-8.847686677204708028e-02,-9.186325035374683090e-02,-9.469131927834342766e-02,-9.695784212540529967e-02,-9.889718001744543519e-02,-1.004750889271588676e-01,-1.017616360945679532e-01,-1.028581806072011301e-01,-1.037683891406170344e-01,-1.044014738267412951e-01
-1.960790961954288897e-02,-1.911513611451753566e-02,-1.845339045749450069e-02,-1.799990879159717866e-02,-1.731063641044109161e-02,-1.653598127818550409e-02,-1.581093242939983490e-02,-1.494382200793608131e-02,-1.394398282250656693e-02,-1.300817300410491914e-02,-1.190814386960309043e-02,-1.078620439436549575e-02,-9.500515204728584087e-03,-8.302875585015372442e-03,-6.991266559602264154e-03,-5.624338057060622280e-03,-4.413522461783673384e-03,-3.110228910943391503e-03,-1.953651521608048679e-03,-9.823465051552744253e-04,-3.222115306600463231e-04,2.786042045436992298e-05,-2.150788730472117034e-04,-8.345636527724539008e-04,-2.234034771344772102e-03,-4.307272838549769563e-03,-7.595700519617585439e-03,-1.115295609975286428e-02,-1.565488239054874109e-02,-2.142808143491279835e-02,-2.768561874570685255e-02,-3.447264137632011227e-02,-4.154693023853656825e-02,-4.876963669171222038e-02,-5.581277854499209351e-02,-6.264588031654930167e-02,-6.905233107856088848e-02,-7.499389141685415539e-02,-8.020096606055412969e-02,-8.478026130452240294e-02,-8.875655604269569454e-02,-9.213815073137882061e-02,-9.496097262673013073e-02,-9.722404449055277453e-02,-9.916103182589111609e-02,-1.007366648965613565e-01,-1.020205045571969810e-01,-1.031154874264840343e-01,-1.040246712395846568e-01,-1.046569243963420409e-01
-1.928881224446350393e-02,-1.879944555228662412e-02,-1.814118803919802930e-02,-1.769197396315543361e-02,-1.700724271295467327e-02,-1.623730721867962246e-02,-1.551771209823910556e-02,-1.465644461884921083e-02,-1.366268805466236934e-02,-1.273388567600242452e-02,-1.164126097879316160e-02,-1.052739109576459990e-02,-9.250154846860873109e-03,-8.061863713494094377e-03,-6.759997551929558708e-03,-5.403341042381597237e-03,-4.203339455736123699e-03,-2.911308418065625559e-03,-1.765960401435538903e-03,-8.060925781484181438e-04,-1.572215823676094090e-04,1.820998382358242774e-04,-7.107128378144872286e-05,-6.994773114149538265e-04,-2.106639417161332815e-03,-4.185930555839369356e-03,-7.479090643487342274e-03,-1.103819237666073781e-02,-1.554011986562263935e-02,-2.131203797800692787e-02,-2.756618625975290962e-02,-3.434862098256528939e-02,-4.141671777586450331e-02,-4.863256116159248021e-02,-5.566848903754589156e-02,-6.249401301202493070e-02,-6.889317979634655698e-02,-7.482800739182865479e-02,-8.002905431725056140e-02,-8.460277057210302543e-02,-8.857365645755471695e-02,-9.195120062671049976e-02,-9.477078188476319165e-02,-9.703108389721462612e-02,-9.896564297006144040e-02,-1.005388335683750356e-01,-1.018211189017509261e-01,-1.029144886048473650e-01,-1.038229139596543588e-01,-1.044537016732539625e-01
-1.838380528638169573e-02,-1.789761211856434261e-02,-1.724264753659908445e-02,-1.679741776265826145e-02,-1.611704074738063569e-02,-1.535145249629128565e-02,-1.463699529056000474e-02,-1.378121312060581055e-02,-1.279317152614308992e-02,-1.187093602741848622e-02,-1.078526454297077698e-02,-9.679018341852268018e-03,-8.409735436581690718e-03,-7.230286343272616760e-03,-5.937669290090409613e-03,-4.590726683933121777e-03,-3.400980786898777104e-03,-2.119670013630791956e-03,-9.850677657795359806e-04,-3.618607264512028847e-05,6.017049055167032843e-04,9.304793332851495936e-04,6.670817551328956990e-04,2.956241318955969772e-05,-1.385751475106943974e-03,-3.471806466465336433e-03,-6.770777473276047217e-03,-1.033307298756781789e-02,-1.483672596707535409e-02,-2.060928904214302457e-02,-2.686237951681404862e-02,-3.364239987616738509e-02,-4.070713703789068105e-02,-4.791882920513818728e-02,-5.494989753396493926e-02,-6.177054666706083969e-02,-6.816486361319298859e-02,-7.409523063395351272e-02,-7.929149360385198686e-02,-8.386148987891610396e-02,-8.782932362317884267e-02,-9.120382434350814138e-02,-9.402084006753538836e-02,-9.627873539105760714e-02,-9.821101982211799530e-02,-9.978380487034432811e-02,-1.010645285088309503e-01,-1.021569249067555418e-01,-1.030646685538570279e-01,-1.036948137600597619e-01
-1.679314097990955781e-02,-1.630987222189634461e-02,-1.565787627076358976e-02,-1.521633244594970506e-02,-1.453998238111522262e-02,-1.377835702388613415e-02,-1.306867412096932198e-02,-1.221794821106947544e-02,-1.123511941311098467e-02,-1.031897967519479140e-02,-9.239726808106403164e-03,-8.140469183370897463e-03,-6.878486167420257841e-03,-5.707286426228592134e-03,-4.423190316766366197e-03,-3.085284455034684615e-03,-1.905132217195509110e-03,-6.338794182409277379e-04,4.906354468701419180e-04,1.429040590648504626e-03,2.056394812338049275e-03,2.374903161963191813e-03,2.101323379570568545e-03,1.454504733162526042e-03,3.056941406508899056e-05,-2.063100742720789822e-03,-5.369133654929567068e-03,-8.936170049450456107e-03,-1.344342274846078815e-02,-1.921913332038405198e-02,-2.547377124539448867e-02,-3.225450980935925388e-02,-3.931873857204361972e-02,-4.652952814206285509e-02,-5.355895883760280335e-02,-6.037773339442496084e-02,-6.676977145769275035e-02,-7.269820110835296945e-02,-7.789239258016419920e-02,-8.246067000752330123e-02,-8.642678533077173542e-02,-8.979946917877168477e-02,-9.261562504973508414e-02,-9.487227493795098721e-02,-9.680366242893174988e-02,-9.837513760782924666e-02,-9.965543979693097798e-02,-1.007475456081623755e-01,-1.016547412504954645e-01,-1.022844075836374517e-01
-1.442920661288439425e-02,-1.394857186685611976e-02,-1.329918228421440515e-02,-1.286100908821263475e-02,-1.218828717971732513e-02,-1.143020128374761142e-02,-1.072485480367404292e-02,-9.878684994810468800e-03,-8.900443768921437876e-03,-7.989827503479015117e-03,-6.916355923609113568e-03,-5.823495935761608538e-03,-4.568059025797685350e-03,-3.404331267875940637e-03,-2.128054238228390023e-03,-7.983712035907898196e-04,3.730378540248307801e-04,1.634890108805379157e-03,2.750042596272408036e-03,3.678610419326497263e-03,4.295906362190027479e-03,4.604475567373720289e-03,4.320765362889155206e-03,3.664485002722871719e-03,2.231370941204837473e-03,1.291588172859061735e-04,-3.185384878229942634e-03,-6.758924351816170302e-03,-1.127201546814471551e-02,-1.705348476520368237e-02,-2.331270363726431830e-02,-3.009741042988653068e-02,-3.716479500112931933e-02,-4.437796803113727706e-02,-5.140931743777005236e-02,-5.822948323940412702e-02,-6.462292584614212632e-02,-7.055224247990056485e-02,-7.574697389463784514e-02,-8.031507360387762917e-02,-8.428181430226616699e-02,-8.765462706190263464e-02,-9.047044783784011224e-02,-9.272708901544815530e-02,-9.465901722670089224e-02,-9.622946779471601431e-02,-9.751042428263799466e-02,-9.860278930106164408e-02,-9.950999249073523567e-02,-1.001392051184472748e-01
-1.122626897130378672e-02,-1.074788488822424684e-02,-1.010074799310505672e-02,-9.665615322782483698e-03,-8.996137458756161068e-03,-8.241076419410809858e-03,-7.539608755860493713e-03,-6.697462292712047689e-03,-5.723273207655810157e-03,-4.817507820695586529e-03,-3.749189790494266827e-03,-2.661956582130260273e-03,-1.412341332797475242e-03,-2.553511772052023503e-04,1.013975522977483444e-03,2.336287559702862875e-03,3.499713681295161128e-03,4.753061289423160182e-03,5.859611092700520683e-03,6.778968416863276336e-03,7.386724242047411522e-03,7.685686816673347604e-03,7.391912796032517295e-03,6.725942287144886372e-03,5.283055481029952025e-03,3.171274120115783607e-03,-1.533422375323637021e-04,-3.735332945248954258e-03,-8.256613662188111089e-03,-1.404686116442094290e-02,-2.031393584135022731e-02,-2.710615787217527869e-02,-3.418044047005031061e-02,-4.140004327807909196e-02,-4.843685549633298254e-02,-5.526220077653191953e-02,-6.166026791126140438e-02,-6.759350320004893498e-02,-7.279147264156821118e-02,-7.736292623545781844e-02,-8.133165368067565848e-02,-8.470680938049533759e-02,-8.752399291526299918e-02,-8.978150562322351202e-02,-9.171452525284651269e-02,-9.328662410813162720e-02,-9.456718861815711918e-02,-9.565951011212171784e-02,-9.656849445357364170e-02,-9.719701248645679081e-02
-7.150146464275069363e-03,-6.673741468779205953e-03,-6.028492083726095380e-03,-5.595983401095418718e-03,-4.929406025345347241e-03,-4.176932523485929472e-03,-3.478769234890167258e-03,-2.640189656363745290e-03,-1.669367427961609886e-03,-7.679752414686293310e-04,2.959308949892541698e-04,1.378209169229904860e-03,2.622778766933630407e-03,3.773820598117710954e-03,5.036982535581466941e-03,6.352751534546010985e-03,7.509029414746659289e-03,8.754608054537225958e-03,9.853371985033354888e-03,1.076414218617349067e-02,1.136284170635954230e-02,1.165247062348272016e-02,1.134863945966580433e-02,1.067268794908253840e-02,9.219373458276633113e-03,7.096878886978355387e-03,3.760527691046397676e-03,1.681620417128278739e-04,-4.363897847663079747e-03,-1.016591357363766206e-02,-1.644422461311858749e-02,-2.324774225246238613e-02,-3.033279570982085754e-02,-3.756284120402647586e-02,-4.460923777578914423e-02,-5.144329928783520495e-02,-5.784967265897769662e-02,-6.379012723809422691e-02,-6.899432114231617008e-02,-7.357109922805910029e-02,-7.754408626056284726e-02,-8.092339560293400347e-02,-8.374361517666345511e-02,-8.600358358441359541e-02,-8.793837317153811728e-02,-8.951262032984695638e-02,-9.079392236379012215e-02,-9.188763039688807588e-02,-9.279725272679993642e-02,-9.342600549150766043e-02
-2.207053565496783568e-03,-1.732388729640493711e-03,-1.088594874904088216e-03,-6.584748548566675885e-04,5.562008955205141051e-06,7.559902852390093910e-04,1.451124203503918178e-03,2.286706616306885195e-03,3.254663206913493805e-03,4.152338634765304765e-03,5.212412109410147210e-03,6.290359744729337801e-03,7.530680689588983671e-03,8.676436714246761606e-03,9.934194572115629535e-03,1.124416515886112605e-02,1.239415903131987906e-02,1.363257887907962963e-02,1.472421304957196100e-02,1.562692352854119435e-02,1.621705969598522326e-02,1.649757672786407794e-02,1.618359296042021916e-02,1.549736638572640594e-02,1.403287673440057996e-02,1.189852557095105734e-02,8.548825618548444583e-03,4.943992230359516536e-03,3.986736678357420531e-04,-5.418181739999623422e-03,-1.171106582553044922e-02,-1.852958445898269385e-02,-2.562935636432006614e-02,-3.287362172684787226e-02,-3.993352751887695867e-02,-4.678040027085077213e-02,-5.319826312839016219e-02,-5.914935584904602167e-02,-6.436272627006807412e-02,-6.894709654738964688e-02,-7.292699080828629610e-02,-7.631150200840730591e-02,-7.913636228159583175e-02,-8.139983184343456413e-02,-8.333730513125812978e-02,-8.491344672543059413e-02,-8.619743573886586019e-02,-8.729293506455360063e-02,-8.820400018968900524e-02,-8.883419201201002424e-02
3.550588561860183300e-03,4.023859695524433476e-03,4.666398551606287977e-03,5.094467281776971640e-03,5.756280928774352469e-03,6.504970592559024094e-03,7.197561362471817208e-03,8.030469013272489159e-03,8.996136049980767851e-03,9.890500511667539921e-03,1.094729774952059656e-02,1.202143887596707206e-02,1.325814503317720126e-02,1.439915467247201118e-02,1.565224052743104458e-02,1.695701632155766081e-02,1.810125878220332149e-02,1.933316172187908230e-02,2.041822762563228963e-02,2.131346204799918279e-02,2.189513666692655472e-02,2.216673206647151381e-02,2.184253840170574321e-02,2.114559685821306573e-02,1.966921549570872438e-02,1.752190297203743211e-02,1.415711561725899528e-02,1.053795992971867830e-02,5.977002291032866566e-03,1.424261768916356113e-04,-6.168254538301607033e-03,-1.300528187357385609e-02,-2.012326051844652922e-02,-2.738552230002592319e-02,-3.446250178771996520e-02,-4.132522616312900993e-02,-4.775822561953218387e-02,-5.372273875778587476e-02,-5.894795865430794979e-02,-6.354239798867006295e-02,-6.753079125870904698e-02,-7.092222400207048860e-02,-7.375306105902004750e-02,-7.602112066456834238e-02,-7.796321535499230182e-02,-7.954214580221681541e-02,-8.082867209603966652e-02,-8.192628649199810986e-02,-8.283967033898857746e-02,-8.347019407652267464e-02
1.002228381979464351e-02,1.049428313340017294e-02,1.113592946808347750e-02,1.156213332357382099e-02,1.222182428893290804e-02,1.296930910052728446e-02,1.365950092216589550e-02,1.449004726336296581e-02,1.545383380829552095e-02,1.634524617963024895e-02,1.739915421233347026e-02,1.846997907491879434e-02,1.970349146836661292e-02,2.084036667382584487e-02,2.208911762800513934e-02,2.338919081881366685e-02,2.452827834109545108e-02,2.575403584613394567e-02,2.683304274468258782e-02,2.772088988690478081e-02,2.829449546009637703e-02,2.855722750908658986e-02,2.822253633925924168e-02,2.751456424473384954e-02,2.602552073797674212e-02,2.386425586094904211e-02,2.048273522342977312e-02,1.684760919382987179e-02,1.226891541675399246e-02,6.414021716720451870e-03,8.274957494367897307e-05,-6.775764646216487531e-03,-1.391516148864985376e-02,-2.119867395612355654e-02,-2.829584846502149892e-02,-3.517768166969527377e-02,-4.162840937890387866e-02,-4.760915057424092156e-02,-5.284824046427823163e-02,-5.745471325723947725e-02,-6.145374355347805323e-02,-6.485386559541776730e-02,-6.769140308642525306e-02,-6.996513723607054869e-02,-7.191161401491000249e-02,-7.349521078113613326e-02,-7.478429443315351421e-02,-7.588482027977094813e-02,-7.680023548016513824e-02,-7.743242075285979020e-02
1.706266671265086604e-02,1.753346401908999902e-02,1.817436921838032696e-02,1.859892444019139307e-02,1.925670874468442262e-02,2.000299503519169936e-02,2.069107799241383730e-02,2.151944982570297774e-02,2.248172449140550810e-02,2.337038997286976574e-02,2.442174898411945960e-02,2.548944628785780250e-02,2.672027508667661894e-02,2.785307952095116349e-02,2.909790667396999070e-02,3.039376970547815610e-02,3.152787784355796236e-02,3.274781834359220128e-02,3.382096227275499523e-02,3.470174171908576438e-02,3.526723559416729270e-02,3.552107252099834245e-02,3.517568868388807474e-02,3.445617590620453363e-02,3.295387295488077378e-02,3.077769610358138327e-02,2.737832770420581263e-02,2.372578308881421322e-02,1.912757974848822151e-02,1.325030170623639481e-02,6.896173955594442351e-03,1.364849943437574987e-05,-7.149758307588916992e-03,-1.445708191944158026e-02,-2.157691390864890230e-02,-2.848035612981359224e-02,-3.495129764288377322e-02,-4.095012766576443947e-02,-4.620450476455859740e-02,-5.082495176700842221e-02,-5.483572235160016906e-02,-5.824547354632192420e-02,-6.109119163613190712e-02,-6.337122355569120569e-02,-6.532319715378005764e-02,-6.691078558850410696e-02,-6.820346035853991351e-02,-6.930677664101636548e-02,-7.022544092051742626e-02,-7.085915913693840995e-02
2.448952154407321377e-02,2.495943347790165884e-02,2.559958274369240200e-02,2.602256599667637782e-02,2.667857852727843412e-02,2.742384941578470542e-02,2.810973944120378348e-02,2.893631649429288452e-02,2.989710673194039339e-02,3.078330014085885538e-02,3.183216459846541224e-02,3.289706293568080142e-02,3.412513595531425914e-02,3.525416158546375994e-02,3.649533972696826500e-02,3.778713832225985558e-02,3.891639340354987459e-02,4.013040344745814891e-02,4.119819788231225688e-02,4.207189398658919832e-02,4.262936366092819063e-02,4.287406703784180095e-02,4.251765452315187793e-02,4.178652586861799495e-02,4.027045058473831957e-02,3.807845597374222985e-02,3.466039215170090698e-02,3.098937287331439416e-02,2.637052623799688439e-02,2.046930694571566164e-02,1.409068224468307262e-02,7.182376760578799459e-03,-6.801751714760084810e-06,-7.339779736412503294e-03,-1.448410396063382066e-02,-2.141068068761577819e-02,-2.790322060361357520e-02,-3.392151223224922768e-02,-3.919315776121549966e-02,-4.382825598002938750e-02,-4.785162609911932513e-02,-5.127224272241003716e-02,-5.412609316191186598e-02,-5.641296382159655814e-02,-5.837073662103437616e-02,-5.996300513512658331e-02,-6.125956647305792063e-02,-6.236637240491098300e-02,-6.328802062964519748e-02,-6.392256174241288391e-02
3.209780509688021227e-02,3.256671236603222302e-02,3.320632453335550099e-02,3.362759717211762783e-02,3.428177870778353203e-02,3.502621369386272471e-02,3.571010598965100591e-02,3.653456780295369355e-02,3.749431381248553158e-02,3.837790997405344379e-02,3.942435970633687697e-02,4.048649001602686731e-02,4.171204420795160406e-02,4.283735110176037364e-02,4.407477968213867336e-02,4.536265166547488042e-02,4.648720950361467236e-02,4.769552666925050421e-02,4.875761051218618219e-02,4.962419610732402009e-02,5.017358473125776985e-02,5.040936771222757212e-02,5.004187812479259784e-02,4.929855969092104828e-02,4.776842063490322615e-02,4.556054512047028743e-02,4.212266499002271375e-02,3.843289447366961958e-02,3.379277115433246964e-02,2.786670756032534960e-02,2.146268214191758214e-02,1.452767638934566660e-02,7.311685973074784003e-03,-4.784328772783433834e-05,-7.217557478550898874e-03,-1.416819870460243533e-02,-2.068321417258573228e-02,-2.672196542699575156e-02,-3.201092611795514076e-02,-3.666180243154592427e-02,-4.069798966813292784e-02,-4.412936158580128138e-02,-4.699274592977917275e-02,-4.928634557003817168e-02,-5.125035041213974601e-02,-5.284659748520097178e-02,-5.414758410388716831e-02,-5.525755447361565403e-02,-5.618231913912057063e-02,-5.681836777564389096e-02
3.967490738081751872e-02,4.014306225258364863e-02,4.078235099185439222e-02,4.120172176817826770e-02,4.185376850064238125e-02,4.259760442220104221e-02,4.327938133744809596e-02,4.410197320092961587e-02,4.506047381467271490e-02,4.594146809664972214e-02,4.698556410622538315e-02,4.804476217306420660e-02,4.926790206185881205e-02,5.038934578711150997e-02,5.162303449093425672e-02,5.290691849813858316e-02,5.402705840402557275e-02,5.522935622124167804e-02,5.628591580052613036e-02,5.714546082420394330e-02,5.768672909669137622e-02,5.791321119476927626e-02,5.753453145874682512e-02,5.677920368393262612e-02,5.523503271142641419e-02,5.301104363160125815e-02,4.955357335578627204e-02,4.584482207741882170e-02,4.118336883536986848e-02,3.523212405634305183e-02,2.880273373101698009e-02,2.184082783908033662e-02,1.459790333413358600e-02,7.211687907091846560e-03,1.643310801206236121e-05,-6.958312308590427868e-03,-1.349603435261253516e-02,-1.955499483155738460e-02,-2.486183461419797652e-02,-2.952813292768108333e-02,-3.357773851684774796e-02,-3.702010508404392219e-02,-3.989203951355776295e-02,-4.219244063615384260e-02,-4.416236243681470608e-02,-4.576417742488996659e-02,-4.706844842528030981e-02,-4.818166715672624056e-02,-4.911018654774390590e-02,-4.974734834471769562e-02
4.701920374030548605e-02,4.748610256690053572e-02,4.812521711756610754e-02,4.854260769721616131e-02,4.919293517424448703e-02,4.993577825430816491e-02,5.061538741098531996e-02,5.143609062084475436e-02,5.239356267789646582e-02,5.327161752593710664e-02,5.431327568328643551e-02,5.536958467874422002e-02,5.659047409902870363e-02,5.770784757687944660e-02,5.893807021503908589e-02,6.021787108726135707e-02,6.133319329621086946e-02,6.252968614191217744e-02,6.358072073509453415e-02,6.443322344508259358e-02,6.496610034396403666e-02,6.518391608825845063e-02,6.479386050653054840e-02,6.402696542487844311e-02,6.246875151416099448e-02,6.022889482209923401e-02,5.675182343180786709e-02,5.302469442254088144e-02,4.834250188332282067e-02,4.236679269668557068e-02,3.591248900010424877e-02,2.892414884695830926e-02,2.165506848356471212e-02,1.424274462812810844e-02,7.022735585125920374e-03,2.446389743700579499e-05,-6.535235821872153149e-03,-1.261420120913532561e-02,-1.793827647310481180e-02,-2.261933006640881941e-02,-2.668164608677984356e-02,-3.013502887313314338e-02,-3.301546655080216108e-02,-3.532243906380050369e-02,-3.729916336390539516e-02,-3.890504248752590238e-02,-4.021259676398925703e-02,-4.132930004006262620e-02,-4.226044156034546029e-02,-4.289943270557297628e-02
5.395453102106356758e-02,5.442065222841935279e-02,5.505921715411954409e-02,5.547508502868882252e-02,5.612288075537568560e-02,5.686567421628942881e-02,5.754287048574013158e-02,5.836087797114498932e-02,5.931746053602984098e-02,6.019279568242254935e-02,6.123205829429774483e-02,6.228555777863870740e-02,6.350389696006321361e-02,6.461724371365754060e-02,6.584383111159942958e-02,6.711941290464147614e-02,6.823028075472548082e-02,6.942085244682712208e-02,7.046673429087479956e-02,7.131193902752215596e-02,7.183695480984732262e-02,7.204614763520303389e-02,7.164498264811770822e-02,7.086690676006938971e-02,6.929515371956597447e-02,6.703994718918529494e-02,6.354389321523390421e-02,5.979955589581792408e-02,5.509749067064184658e-02,4.909842050566712995e-02,4.262040559086899966e-02,3.560676749344119513e-02,2.831293471931650707e-02,2.087588129725319666e-02,1.363239357479876894e-02,6.611866503532555159e-03,3.125491724871910668e-05,-6.066564543362145193e-03,-1.140678505791519783e-02,-1.610202546157482595e-02,-2.017656753483376697e-02,-2.363956607351368547e-02,-2.652831571899333385e-02,-2.884198939624538563e-02,-3.082344628368403547e-02,-3.243365749385086066e-02,-3.374500704251914146e-02,-3.486546183826923218e-02,-3.579939970623098600e-02,-3.643922374938464437e-02
6.034397000292666957e-02,6.080881172178197874e-02,6.144720636132204594e-02,6.186127881002746742e-02,6.250664944020527247e-02,6.324836381210274805e-02,6.392331952307520049e-02,6.473986279049399883e-02,6.569533907354202507e-02,6.656776676194114950e-02,6.760442986759689077e-02,6.865485725158379515e-02,6.987107711605543281e-02,7.098015521511466530e-02,7.220318354820864926e-02,7.347523188631831237e-02,7.458175144243317511e-02,7.576624041090322670e-02,7.680644650659922135e-02,7.764544335954383369e-02,7.816232881107210151e-02,7.836290639982912420e-02,7.795194971219376878e-02,7.716265342385086878e-02,7.557849165304712791e-02,7.330929404202538024e-02,6.979477987201941624e-02,6.603465805409745870e-02,6.131433901654757823e-02,5.529325718536464568e-02,4.879320646785292176e-02,4.175689584821411920e-02,3.443930139326455836e-02,2.697923634522321132e-02,1.971406389959413225e-02,1.267328634284778030e-02,6.073246446964160154e-03,-4.193479943731479042e-05,-5.396859990035767288e-03,-1.010506177979747337e-02,-1.419078723188479073e-02,-1.766332576486192088e-02,-2.055932404499554583e-02,-2.287919914248793402e-02,-2.486590174103859782e-02,-2.647947680727540110e-02,-2.779384111903294985e-02,-2.891708525327541315e-02,-2.985444382292012575e-02,-3.049494251761658906e-02
6.609536059006053399e-02,6.655884949896838376e-02,6.719706397876377968e-02,6.760952032338198026e-02,6.825220918301674877e-02,6.899372663407254969e-02,6.966632122485323653e-02,7.048078881133799933e-02,7.143530584221143009e-02,7.230487207080048273e-02,7.333944592334538937e-02,7.438658738750265897e-02,7.560068672474030971e-02,7.670596563706931492e-02,7.792531913512279473e-02,7.919306984052959519e-02,8.029523882429259740e-02,8.147431207200347969e-02,8.250978295883731883e-02,8.334218328856478342e-02,8.385169903713793338e-02,8.404503537230724464e-02,8.362339290102652201e-02,8.282421950233116725e-02,8.122894031875846355e-02,7.894641759074669252e-02,7.541457750724767095e-02,7.164077689563816409e-02,6.690451167988643866e-02,6.086274687955407076e-02,5.434317757422903877e-02,4.728466786546849099e-02,3.994662428442400520e-02,3.246576004012408784e-02,2.518141222411719379e-02,1.812213094145960490e-02,1.150465935368085411e-02,5.373595960270484764e-03,5.518749517484930746e-06,-4.714484097722229303e-03,-8.810194730679008976e-03,-1.229137504132877222e-02,-1.519390732691623842e-02,-1.751828693527698877e-02,-1.950985207019418147e-02,-2.112801326355218112e-02,-2.244412010911188762e-02,-2.357060129317004038e-02,-2.451023377072892792e-02,-2.515119154335262314e-02
7.116186905209287428e-02,7.162535831312491497e-02,7.226256231193033119e-02,7.267311428876474522e-02,7.331423811195994511e-02,7.405572814161960615e-02,7.472578907131244286e-02,7.553746539185557385e-02,7.649159105861592922e-02,7.735895437286510745e-02,7.839089822248665462e-02,7.943543505628555823e-02,8.064748908152995222e-02,8.174877863750026896e-02,8.296431674096978182e-02,8.422902227270155640e-02,8.532691994124474988e-02,8.650061734342344433e-02,8.753179847461474428e-02,8.835849056596171980e-02,8.886111509003551123e-02,8.904701586348154341e-02,8.861729316628741415e-02,8.780832100090425751e-02,8.620216772443059505e-02,8.390806987199002365e-02,8.036103545541835314e-02,7.657463047368154307e-02,7.182388626431347733e-02,6.576476551293951311e-02,5.922647879126362314e-02,5.214986967583454952e-02,4.479263058403388370e-02,3.729342228634013184e-02,2.999177413399766248e-02,2.291676589841397035e-02,1.628351047338899571e-02,1.013853855252693295e-02,4.759011741027075262e-03,2.872117211767856397e-05,-4.075772271434884193e-03,-7.564367867469804982e-03,-1.047256713868834586e-02,-1.280163800861916848e-02,-1.479794403971738774e-02,-1.641821796938879724e-02,-1.773685583115943917e-02,-1.886511755455854561e-02,-1.980748238609200684e-02,-2.044914326435871496e-02
7.554238126487992921e-02,7.600437952082846060e-02,7.664316591370812226e-02,7.705113846489890228e-02,7.768937307327336561e-02,7.843068788117284196e-02,7.909875429717755368e-02,7.990876289458936910e-02,8.086197424120880606e-02,8.172656061492448998e-02,8.275703072695538010e-02,8.379788464582049734e-02,8.500899292918737138e-02,8.610617864943570510e-02,8.731955065417923434e-02,8.857971718871557321e-02,8.967478391122694903e-02,9.084308600289280056e-02,9.187135469108584362e-02,9.269107706216979381e-02,9.318821027640944443e-02,9.336774932643410185e-02,9.292875083278134829e-02,9.211338713856899452e-02,9.049686868527598294e-02,8.819307113184829405e-02,8.463137645032330070e-02,8.083450006199500992e-02,7.607192760202786952e-02,6.999664233658146884e-02,6.344300276688359663e-02,5.634964977682605652e-02,4.897595946392775679e-02,4.146147013171192636e-02,3.414491416618483516e-02,2.705555306435179080e-02,2.040876112745895754e-02,1.425229418523463881e-02,8.862576218781208909e-03,4.123419374706465204e-03,1.107149187745423145e-05,-3.483736649740912412e-03,-6.397082403567050553e-03,-8.729911402473766041e-03,-1.072951920101923064e-02,-1.235285918696723412e-02,-1.367310307309875864e-02,-1.480382166182778701e-02,-1.574772794921874830e-02,-1.638986761901457812e-02
7.926727857869809990e-02,7.972835578192445649e-02,8.036726475831429406e-02,8.077471198593334789e-02,8.141037051042826489e-02,8.215187559488897062e-02,8.281689549341292311e-02,8.362496148807783969e-02,8.457835839497311603e-02,8.544036163145660168e-02,8.646854677001572509e-02,8.750837956750590063e-02,8.871681991248592247e-02,8.981096786704527435e-02,9.102097527299866930e-02,9.227919270010315200e-02,9.336973097074578731e-02,9.453418582061716424e-02,9.555877989140007522e-02,9.637418518042092930e-02,9.686513102614599524e-02,9.703928040249040765e-02,9.659319836300266082e-02,9.577065497785010317e-02,9.414699485167185578e-02,9.183259611514875409e-02,8.825884775920483927e-02,8.445382731790503084e-02,7.968121659877083762e-02,7.359166109926995603e-02,6.702429895600216236e-02,5.991790584773739464e-02,5.252926824540251477e-02,4.500083010963144142e-02,3.767239581277834204e-02,3.057137016847448485e-02,2.391293787035513388e-02,1.774596068910502811e-02,1.234756769254711714e-02,7.600923398941065827e-03,3.482142866943443819e-03,-1.813977162216304974e-05,-2.935479672631831696e-03,-5.271489917284428832e-03,-7.274506139287966605e-03,-8.900203017360613575e-03,-1.022183799797424589e-02,-1.135389755648097930e-02,-1.229998004613342549e-02,-1.294220167589614674e-02
8.239419443493711803e-02,8.285453646328329314e-02,8.349373736249911249e-02,8.389909054795179066e-02,8.453230536517267191e-02,8.527410113203950925e-02,8.593817693759886467e-02,8.674422185652057304e-02,8.769843974268576314e-02,8.855727471996700795e-02,8.958429144973170666e-02,9.062092793765295917e-02,9.182936325680288170e-02,9.291988804099084176e-02,9.412761421809813511e-02,9.538293044151176237e-02,9.647106048002832002e-02,9.763074920997372175e-02,9.865237518071316714e-02,9.946381586334576697e-02,9.995021325644559695e-02,1.001189779323709006e-01,9.966652464829367508e-02,9.883756318534968333e-02,9.720754749258256333e-02,9.488532611713142162e-02,9.129913918407818463e-02,8.748840872979381234e-02,8.270794424942337630e-02,7.660615484033125866e-02,7.002621147873308582e-02,6.290833317281566139e-02,5.550818000245651834e-02,4.796722416797612881e-02,4.062849300317372681e-02,3.351728304009765624e-02,2.685020607990938959e-02,2.067365703319457362e-02,1.526814085777369358e-02,1.051548017940260975e-02,6.391240062565894595e-03,2.886437826599581261e-03,-3.436067167560221861e-05,-2.372987665537733878e-03,-4.377831231949103584e-03,-6.005828464661478079e-03,-7.329262376033120023e-03,-8.463681754678299696e-03,-9.410591611717609994e-03,-1.005295056693742382e-02
8.499215790187296393e-02,8.545193494766695208e-02,8.609270775072472293e-02,8.649569983918074800e-02,8.712700154256260154e-02,8.787004937105376279e-02,8.853131344757583787e-02,8.933557663860081099e-02,9.029046589837542991e-02,9.114709243500751512e-02,9.217242567125316643e-02,9.320717709046945354e-02,9.441415223808255486e-02,9.550165497277063320e-02,9.670787640326039547e-02,9.796138675361379389e-02,9.904684141189805391e-02,1.002023377629372158e-01,1.012210277568134503e-01,1.020294878847575609e-01,1.025117580171365506e-01,1.026768858910781096e-01,1.022177398828135048e-01,1.013852826894414277e-01,9.974905087184358921e-02,9.742130791450584471e-02,9.382421435723027614e-02,9.000775787006817796e-02,8.522161759827971694e-02,7.910755560561112676e-02,7.252012189744404258e-02,6.539154177388648015e-02,5.798051142600368218e-02,5.043116065832034534e-02,4.308218893874748989e-02,3.596387161063663296e-02,2.928765400628174226e-02,2.310419567491243595e-02,1.769255639195390500e-02,1.293470365326538328e-02,8.805145333961062262e-03,5.296952464680703375e-03,2.373373251187601771e-03,3.248470460563645347e-05,-1.974626948460416268e-03,-3.604136582192040208e-03,-4.928909418254878196e-03,-6.064649814241380998e-03,-7.013363522115781054e-03,-7.654831351546881844e-03
8.713702720541355307e-02,8.759712825160352601e-02,8.823631279787022552e-02,8.863925449754468666e-02,8.926738644440176951e-02,9.001140719579378557e-02,9.067082112295160590e-02,9.147479667294576566e-02,9.242938633644147417e-02,9.328468767230674308e-02,9.430799777679266249e-02,9.534113930020501892e-02,9.654850630111604104e-02,9.763276572016857391e-02,9.883656527362248700e-02,1.000884475001894564e-01,1.011720807390227572e-01,1.023228710313848627e-01,1.033415506054031763e-01,1.041466378762349598e-01,1.046257179625115913e-01,1.047876897517783512e-01,1.043227880817511749e-01,1.034863469100745087e-01,1.018452227217613443e-01,9.951119979894379464e-02,9.590541330138667442e-02,9.208676775531392245e-02,8.729513605016091249e-02,8.117238513623642460e-02,7.457665826612998317e-02,6.743929128949233132e-02,6.001999938974659360e-02,5.246143312199746944e-02,4.510605553737357526e-02,3.798029536689075114e-02,3.129700407046209082e-02,2.510844209004096245e-02,1.969186982608510036e-02,1.492877669710027284e-02,1.079582413977646892e-02,7.283828296753443003e-03,4.358343319416776648e-03,2.015979908427065551e-03,7.279286303153667756e-06,-1.624376629432387146e-03,-2.950058127950402637e-03,-4.086321421444554999e-03,-5.037425808138835254e-03,-5.678315103902770687e-03
8.889994680595536547e-02,8.935906019496561714e-02,9.000200412717933307e-02,9.040122449666608551e-02,9.102725680590044444e-02,9.177280660742727358e-02,9.243001268063649745e-02,9.323287970830425320e-02,9.418917333768585254e-02,9.504153364756795508e-02,9.606399986008179459e-02,9.709548910279043599e-02,9.830248137463834524e-02,9.938405713683501341e-02,1.005861182769338807e-01,1.018370718950313558e-01,1.029192557838192329e-01,1.040682984524331084e-01,1.050847452839944324e-01,1.058862023831569632e-01,1.063614098255817042e-01,1.065216380741551144e-01,1.060522196830180758e-01,1.052126611816189133e-01,1.035690410499427450e-01,1.012299722196757235e-01,9.761601450169465899e-02,9.379590196914114331e-02,8.900022069310917217e-02,8.286986098289647606e-02,7.626633497821555530e-02,6.912155218617424546e-02,6.169656530159925434e-02,5.413116702561231869e-02,4.676882112540329400e-02,3.963756309664959177e-02,3.294919717145157467e-02,2.675404377023758370e-02,2.133520055153347028e-02,1.656864565092706562e-02,1.243147637244017278e-02,8.916630200620841162e-03,5.989129641718783301e-03,3.645815618304148499e-03,1.635875190592668560e-03,2.429097985790191487e-06,-1.324337596474179594e-03,-2.461534519422914433e-03,-3.414283015153891758e-03,-4.054559596158371915e-03
9.034967822758795120e-02,9.080881248488491264e-02,9.145148567992382460e-02,9.184974106380530690e-02,9.247388616462923205e-02,9.322057105335512794e-02,9.387528178637682963e-02,9.467734859536021397e-02,9.563470135977139575e-02,9.648535068196673059e-02,9.750678928949531310e-02,9.853772826025847253e-02,9.974442798885746475e-02,1.008241123154250130e-01,1.020257806866410460e-01,1.032750386669626652e-01,1.043540819023257848e-01,1.054992222873073204e-01,1.065174703653177651e-01,1.073150716306334740e-01,1.077886039034589710e-01,1.079477870953861884e-01,1.074729284707307414e-01,1.066324456610530935e-01,1.049830299218667135e-01,1.026397608640261111e-01,9.901958202548362398e-02,9.519938037737923908e-02,9.040050670469411409e-02,8.426412214912369636e-02,7.765468978361721175e-02,7.050412310613783651e-02,6.307058811563390210e-02,5.550116636823879818e-02,4.813508425434235433e-02,4.099822159319714554e-02,3.430499107131605024e-02,2.810645140396015110e-02,2.268264615059619252e-02,1.791347889436871801e-02,1.377501974615354986e-02,1.025646949819063007e-02,7.327353925582242786e-03,4.982775800849852631e-03,2.972620360619769326e-03,1.337676599074878779e-03,1.016799342235643057e-05,-1.128039136005039864e-03,-2.082333623214767133e-03,-2.721796031636081192e-03
9.153979783199729658e-02,9.199850368969823833e-02,9.264383215211308142e-02,9.304154253916201156e-02,9.366204433560358644e-02,9.440995724727761773e-02,9.506360590587889514e-02,9.586406613150773304e-02,9.682271748664732225e-02,9.767325573060760269e-02,9.869403067635931781e-02,9.972040902540628415e-02,1.009302219117643312e-01,1.020067040797424662e-01,1.032062998713461494e-01,1.044563609042549190e-01,1.055344840409749158e-01,1.066784380368991647e-01,1.076939793674961537e-01,1.084919143040486977e-01,1.089613686029514000e-01,1.091168972957587552e-01,1.086400880982868189e-01,1.077979561181409279e-01,1.061469799512267942e-01,1.038019466804571134e-01,1.001715789675938217e-01,9.635164695828045411e-02,9.155314551104032361e-02,8.540782449049964808e-02,7.879553543547079819e-02,7.164007920186080125e-02,6.420172746298519195e-02,5.662723937459790413e-02,4.925545136821752462e-02,4.211684919120867870e-02,3.541879269500278204e-02,2.921517927890498328e-02,2.378923191498930403e-02,1.901859984117905758e-02,1.487747189320554400e-02,1.135761822715440801e-02,8.426882745220720325e-03,6.082507227965975108e-03,4.071182694083804766e-03,2.434912664072507067e-03,1.106650559751112903e-03,-3.257779589690615709e-05,-9.885785390285352879e-04,-1.627286116898176392e-03
9.251883202924315874e-02,9.297926639421509598e-02,9.362415536675826322e-02,9.402039879269985523e-02,9.463918065553153514e-02,9.538749769372162346e-02,9.604076081510158625e-02,9.684020649547644966e-02,9.780200401478712779e-02,9.864763317720569302e-02,9.966808231697198150e-02,1.006941970303230904e-01,1.019052621088800403e-01,1.029781547593022067e-01,1.041783394049374534e-01,1.054266801644792723e-01,1.065045974695258690e-01,1.076449874749402097e-01,1.086595120046286861e-01,1.094570171364524225e-01,1.099251007123112772e-01,1.100805735315436157e-01,1.095991211100675600e-01,1.087552033187126205e-01,1.071025589839699477e-01,1.047541518650743214e-01,1.011180150392746585e-01,9.729897709580370702e-02,9.249951112082450966e-02,8.634945581956751659e-02,7.973256397720067390e-02,7.257119079671467410e-02,6.512901408660320968e-02,5.755039900197733010e-02,5.017559268711010295e-02,4.303447641669941315e-02,3.633255881446652291e-02,3.012750167917847832e-02,2.469938742363608428e-02,1.992664487377805715e-02,1.578475295713038101e-02,1.226446580590026189e-02,9.331836408360043300e-03,6.986244834051961138e-03,4.974312609345282396e-03,3.337617173269975378e-03,2.009636192119476552e-03,8.694308453579738640e-04,-8.832308232688100428e-05,-7.267703370480179228e-04
9.332701402747535513e-02,9.378394990187013947e-02,9.443315181514977397e-02,9.482833293123919816e-02,9.544381472715748882e-02,9.619604641623009933e-02,9.684538168087010457e-02,9.764374398262139210e-02,9.860688913539179812e-02,9.945305501009871207e-02,1.004725736983010931e-01,1.014988266228248892e-01,1.027093691043861889e-01,1.037807017127937714e-01,1.049800191524272591e-01,1.062275199607176507e-01,1.073046942220863276e-01,1.084425468109190549e-01,1.094595644993747591e-01,1.102535458395548229e-01,1.107204488549753396e-01,1.108761101232163121e-01,1.103901679067375713e-01,1.095469595496252474e-01,1.078913742712360735e-01,1.055417668097856920e-01,1.018984153278326976e-01,9.808209122049230122e-02,9.328315711406685862e-02,8.712651040030962302e-02,8.050709790478331740e-02,7.334199279936554072e-02,6.589614856149314526e-02,5.831386047723157579e-02,5.093736435298645143e-02,4.379284171812888871e-02,3.708947205105019712e-02,3.088219358682485483e-02,2.545007214352317665e-02,2.067680925866841740e-02,1.653036591305665284e-02,1.301226830564512597e-02,1.007831532381360702e-02,7.732839447855886089e-03,5.719582276460147274e-03,4.081843604979268000e-03,2.754576243444989327e-03,1.613129144536280986e-03,6.541334630311996384e-04,1.606997235954427000e-05
