-1.881503308409915093e-03,-1.561787693265504493e-03,-1.206250787422927066e-03,-7.891445267932321699e-04,-3.369787073064382300e-04,1.521331326025260344e-04,6.800095623825281070e-04,1.233976804962865154e-03,1.826624316192751885e-03,2.459962161425065155e-03,3.136061339362866685e-03,3.858095236733897430e-03,4.627620616925416826e-03,5.477834777419233157e-03,6.451401340098579344e-03,7.480346163497810473e-03,8.526803451864786373e-03,9.578095478297118937e-03,1.060386902195770316e-02,1.157972197918720816e-02,1.249661925407929974e-02,1.338337659627807270e-02,1.422766405798062302e-02,1.496074920239255299e-02,1.555902876316161629e-02,1.602862507038566725e-02,1.627021010240282603e-02,1.630775644420022832e-02,1.611873003132135648e-02,1.568514877077904421e-02,1.540244983776376496e-02,1.488732439360945792e-02,1.408229008055436604e-02,1.337788124716227968e-02,1.256846692106440913e-02,1.190391070077864363e-02,1.118970178673572673e-02,1.038858534291162497e-02,9.735026355927382108e-03,9.120250006238136628e-03,8.601449785841281531e-03,8.220505634403374798e-03,7.880368688287980872e-03,7.578872378831048515e-03,7.346713049136643046e-03,7.169934093420281263e-03,7.021861443520722654e-03,6.897827252805106314e-03,6.796322276042480147e-03,6.711398650453781478e-03
-2.224559388961671550e-03,-1.905033957608055989e-03,-1.549708230923345668e-03,-1.132800772297541669e-03,-6.808937656765450767e-04,-1.920241271671068990e-04,3.355596671125999470e-04,8.892185667642440398e-04,1.481558669799855777e-03,2.114530409072398233e-03,2.790245910064492307e-03,3.511837250032424744e-03,4.280935917902246000e-03,5.130659364281418486e-03,6.103730213601874822e-03,7.132152359161661459e-03,8.178074826055398150e-03,9.228807311665910423e-03,1.025404680676651747e-02,1.122931990558181936e-02,1.214570392917811714e-02,1.303194474336158426e-02,1.387578359955919660e-02,1.460845031397517077e-02,1.520641316749932366e-02,1.567576949741199960e-02,1.591720937896209595e-02,1.595469824135279172e-02,1.576577507508647447e-02,1.533230130604456426e-02,1.504986109721453968e-02,1.453502946777950056e-02,1.373037931339058521e-02,1.302638610026620423e-02,1.221738375161204870e-02,1.155333638678449244e-02,1.083948729733114937e-02,1.003869072330223870e-02,9.385630846652167486e-03,8.771078304841892909e-03,8.252493726697646137e-03,7.871839041115125460e-03,7.531876271152796246e-03,7.230692362634294490e-03,6.998486483000541415e-03,6.821665291941080879e-03,6.674034766177794516e-03,6.550211259771643660e-03,6.448639517026064256e-03,6.363585912451621800e-03
-2.599818152455184161e-03,-2.280483113680847104e-03,-1.925368644580567092e-03,-1.508701291783595862e-03,-1.057035999800819397e-03,-5.684438898939639297e-04,-4.115963263042014673e-05,5.121626687911220175e-04,1.104109062090276750e-03,1.736695309507816634e-03,2.411986507088702703e-03,3.133111058018236538e-03,3.901701581195113778e-03,4.750935217278183693e-03,5.723439003382185461e-03,6.751301150055124059e-03,7.796628847111827625e-03,8.846788461596458500e-03,9.871387915311377603e-03,1.084605766372005210e-02,1.176185250416060014e-02,1.264755047038174790e-02,1.349087124196241862e-02,1.422313967282779965e-02,1.482075222865586461e-02,1.528983244904042089e-02,1.553110381233780216e-02,1.556854742728597599e-02,1.537963071686404733e-02,1.494636639703527878e-02,1.466418381274681333e-02,1.414974074375543837e-02,1.334548773015503328e-02,1.264191492976739911e-02,1.183343509434197499e-02,1.116981794719089371e-02,1.045642681304662959e-02,9.656093805302714411e-03,9.003373110245278463e-03,8.389178688637911191e-03,7.870873727155567115e-03,7.490358043243296876e-03,7.150656795828898467e-03,6.849705376162787754e-03,6.617741981987581429e-03,6.440973173056438981e-03,6.292948158943051026e-03,6.170596143886216724e-03,6.068029541186251152e-03,5.982963401638033592e-03
-3.009848063642895505e-03,-2.690735342960477814e-03,-2.335850995738007231e-03,-1.919443021958285077e-03,-1.468080422021438925e-03,-9.797893696471030815e-04,-4.528603893058381338e-04,1.001181943394911881e-04,6.916659179598706048e-04,1.323813555190727015e-03,1.998628493891425276e-03,2.719254946351800251e-03,3.487349527648198836e-03,4.335994736850349099e-03,5.307921189575088433e-03,6.335150769259273798e-03,7.379845455954586915e-03,8.429294273521145339e-03,9.453254101261920200e-03,1.042727753095829858e-02,1.134241695442286119e-02,1.222751043464286383e-02,1.307029507546111219e-02,1.380206722530468756e-02,1.439928410513001758e-02,1.486807963694952196e-02,1.510918162761318989e-02,1.514657877441567997e-02,1.495775925344481651e-02,1.452464462001319852e-02,1.424275900447705134e-02,1.372866638607140796e-02,1.292487767756066858e-02,1.222184503401834571e-02,1.141380052404098421e-02,1.075069352235310215e-02,1.003783683592894202e-02,9.237847549655727603e-03,8.585553273630794346e-03,7.971781276467112057e-03,7.453818993175754387e-03,7.073668344494080801e-03,6.734111681964138028e-03,6.433456707893155276e-03,6.201369526816465430e-03,6.024682966935227153e-03,5.876943450259192701e-03,5.753587915489573150e-03,5.651926099385024341e-03,5.567485521361187351e-03
-3.457397987486560478e-03,-3.138527103446501695e-03,-2.783907557070375034e-03,-2.367794448757580897e-03,-1.916704353041695681e-03,-1.428774520017946949e-03,-9.022000115436520223e-04,-3.496371090639218207e-04,2.414933433771459311e-04,8.731679668850726543e-04,1.547474682925984281e-03,2.267568256790386885e-03,3.035060704528406983e-03,3.883084149874661915e-03,4.854369714563147239e-03,5.880927114927730730e-03,6.924899948329029005e-03,7.973663989517031439e-03,8.996878178888162783e-03,9.970174242505082038e-03,1.088461199398997256e-02,1.176903418488726635e-02,1.261121127721720817e-02,1.334245750331352134e-02,1.393925393389198499e-02,1.440774119685460548e-02,1.464865844683073924e-02,1.468598565474881802e-02,1.449722962865867756e-02,1.406432278103541059e-02,1.378274910063173771e-02,1.326909259816702255e-02,1.246576858412838315e-02,1.176324467501971109e-02,1.095580015480954530e-02,1.029333559803008620e-02,9.580946410947092234e-03,8.781581347685002426e-03,8.129607973761016765e-03,7.516294725719613497e-03,6.998541588944484811e-03,6.618610600400184028e-03,6.279410444592727243e-03,5.978759846180400211e-03,5.746957429336343841e-03,5.570606998271124266e-03,5.423097353897454731e-03,5.299795875551162327e-03,5.198073040655859858e-03,5.113159362580712783e-03
-3.945231649495076209e-03,-3.626624764441364109e-03,-3.272270281694260232e-03,-2.856458421025992803e-03,-2.405712754957824943e-03,-1.918149973137471065e-03,-1.391962718990701455e-03,-8.398414554910863883e-04,-2.491814359194806459e-04,3.819680473645394817e-04,1.055727006136187489e-03,1.775203009315122829e-03,2.542082235629722527e-03,3.389449899355412299e-03,4.359981120233898978e-03,5.385816073487582206e-03,6.429043955628896065e-03,7.477006901324466034e-03,8.499426140195179280e-03,9.471883019701938383e-03,1.038555917515521752e-02,1.126930165585584946e-02,1.211083463529640317e-02,1.284149724577805275e-02,1.343784168426037998e-02,1.390599466122702937e-02,1.414669353396899067e-02,1.418395053452781163e-02,1.399528183737255328e-02,1.356255874010460841e-02,1.328138794782038508e-02,1.276816685915055719e-02,1.196540172201933892e-02,1.126343191319366215e-02,1.045657530570703875e-02,9.794753375438537690e-03,9.082942236998580582e-03,8.284235325204144032e-03,7.632658921829834318e-03,7.019675941236654115e-03,6.502582103382523702e-03,6.122986728020073446e-03,5.783840858922393441e-03,5.483166553533837945e-03,5.251870012162762613e-03,5.075940272104561245e-03,4.928449809450301602e-03,4.805158128557448886e-03,4.703302324937351682e-03,4.618449558509701326e-03
-4.476046709373804507e-03,-4.157716433503305838e-03,-3.803668028690173133e-03,-3.388180210172776936e-03,-2.937845732404556834e-03,-2.450660814563016768e-03,-1.924910171343882821e-03,-1.373259806424550339e-03,-7.831337456744745171e-04,-1.525261816056160396e-04,5.206305047476973138e-04,1.239498095017946104e-03,2.005646138233680830e-03,2.852256071962933938e-03,3.822053560909867767e-03,4.847070321260439456e-03,5.889441989584244877e-03,6.936543756267883262e-03,7.958119450273864678e-03,8.929770003017537677e-03,9.842596257234754661e-03,1.072551596085071640e-02,1.156632586949163204e-02,1.229639121719934385e-02,1.289221789695394957e-02,1.335998815012626358e-02,1.360046919503526443e-02,1.363766634532918853e-02,1.344909006429555361e-02,1.301662630239922187e-02,1.273577705709991702e-02,1.222309825544099990e-02,1.142085608365035233e-02,1.071958267816045841e-02,9.913405928033374240e-03,9.252155264897532483e-03,8.541033093074341595e-03,7.742803247779847346e-03,7.091905886472643465e-03,6.479402242021053797e-03,5.962584007684908205e-03,5.583408200991075120e-03,5.244492782652723784e-03,4.944135270974882833e-03,4.713065511929025002e-03,4.536881743128958963e-03,4.389566832946965869e-03,4.266511613736078193e-03,4.164991830764421497e-03,4.080375728322322391e-03
-5.052500086303505708e-03,-4.734441070404744357e-03,-4.380747751358462366e-03,-3.965627378443791276e-03,-3.515674829611349118e-03,-3.028923009285004395e-03,-2.503655099557030618e-03,-1.952519389325911353e-03,-1.362942693952696321e-03,-7.329522681463672374e-04,-6.044812350399877049e-05,6.576659442530584333e-04,1.423107502411466224e-03,2.268916296797937084e-03,3.237894534674602177e-03,4.262006167403081455e-03,5.303470748269726795e-03,6.349670759369780565e-03,7.370268443931838470e-03,8.340971039552643254e-03,9.252902131126828494e-03,1.013497805221239695e-02,1.097503163097106674e-02,1.170439929074251068e-02,1.229968697671626754e-02,1.276704668993827382e-02,1.300730019325176470e-02,1.304441606274184262e-02,1.285595384836790527e-02,1.242368581456741207e-02,1.214331178264052395e-02,1.163113205395882414e-02,1.082953070308561618e-02,1.012896903460515884e-02,9.323449597394055377e-03,8.662981120142977318e-03,7.952538736671272909e-03,7.154944069859186032e-03,6.504653816361523518e-03,5.892729741669779607e-03,5.376354775429391560e-03,4.997439921736299487e-03,4.658922748109693354e-03,4.359039796357634666e-03,4.127756645004122815e-03,3.952102166964675464e-03,3.804799056209582763e-03,3.681645263484867488e-03,3.580043251153920345e-03,3.496140543875563955e-03
-5.676935520085969224e-03,-5.359231878763777782e-03,-5.005884003314617185e-03,-4.591179760051798328e-03,-4.141632960771357563e-03,-3.655370422334651426e-03,-3.130611147412686816e-03,-2.580032141050499737e-03,-1.991078464937805995e-03,-1.361736370870446442e-03,-6.899472291129580973e-04,2.742961185552115846e-05,7.920279535128938028e-04,1.636983728997133333e-03,2.605031460192507205e-03,3.628222448545200072e-03,4.668692025583063773e-03,5.713862383411458072e-03,6.733460759353920161e-03,7.703135100554522885e-03,8.614082531467505757e-03,9.495254031259749844e-03,1.033446065553619841e-02,1.106309276257076701e-02,1.165776677908538644e-02,1.212471500326497975e-02,1.236467596405362891e-02,1.240172544105593716e-02,1.221330199852427127e-02,1.178143063264024126e-02,1.150146149747264049e-02,1.098984094917347838e-02,1.018893397883503631e-02,9.489072373199798627e-03,8.684374084116141049e-03,8.024719433486262113e-03,7.315009245114938684e-03,6.518117985838996729e-03,5.868488117801589493e-03,5.257025921838605689e-03,4.741189511968594943e-03,4.362737283913879598e-03,4.024511158294129254e-03,3.724684950151327650e-03,3.494037734443507064e-03,3.318186473981514506e-03,3.171352457823350089e-03,3.048647740475223487e-03,2.947149202773319439e-03,2.862585500615369861e-03
-6.351426145306063482e-03,-6.034070596089001828e-03,-5.681111143245620200e-03,-5.266839371788132121e-03,-4.817749139970821035e-03,-4.332008910190280823e-03,-3.807802207119165023e-03,-3.257833792600041932e-03,-2.669522050864571797e-03,-2.040903642843487804e-03,-1.369869351449182161e-03,-6.533270927693735509e-04,1.103794606443386946e-04,9.543988196780316862e-04,1.921512743315494879e-03,2.943617340462989333e-03,3.983035625285465120e-03,5.027132129502207697e-03,6.045611093311031858e-03,7.014197908054425716e-03,7.924090803378729814e-03,8.804243576282644659e-03,9.642524537740145354e-03,1.037038825300126352e-02,1.096441607888030446e-02,1.143088489939148023e-02,1.167055816759231604e-02,1.170751514381968179e-02,1.151922718234013598e-02,1.108761578864474705e-02,1.080809594634807823e-02,1.029714333364160558e-02,9.496961612541821030e-03,8.797905024612445724e-03,7.994088340045057972e-03,7.335220187511769935e-03,6.626381285330805622e-03,5.830266078781106386e-03,5.181161414648070319e-03,4.570430235792245430e-03,4.054967729697848619e-03,3.677148518080580481e-03,3.339331233825397049e-03,3.039740859818944319e-03,2.809145656049529677e-03,2.633883540744977499e-03,2.486742619949588312e-03,2.364032451277114054e-03,2.262887273979538160e-03,2.178700857596875019e-03
-7.077365464211986083e-03,-6.760406506973694850e-03,-6.407871137674652808e-03,-5.994052312358374990e-03,-5.545480806588963356e-03,-5.060271805416269135e-03,-4.536670568148534755e-03,-3.987350705556272877e-03,-3.399739432839209066e-03,-2.771886695203455014e-03,-2.101686843487500511e-03,-1.386038859275858176e-03,-6.232701001813399904e-04,2.197390327329970766e-04,1.185749506627988307e-03,2.206751581425455376e-03,3.245051883063738984e-03,4.287941661027659668e-03,5.305244355684746171e-03,6.272661930374913083e-03,7.181389508153571133e-03,8.060480173799658768e-03,8.897769346245375938e-03,9.624763011598841400e-03,1.021812181194498535e-02,1.068407506412907999e-02,1.092346030746096930e-02,1.096029128413934274e-02,1.077213239622301470e-02,1.034083142157544120e-02,1.006186362030183148e-02,9.551569157515699474e-03,8.752174953406932981e-03,8.054020091080372687e-03,7.251063669361759029e-03,6.593140724509624975e-03,5.885177826193565935e-03,5.089840991267915830e-03,4.441626627014264028e-03,3.831504601947849972e-03,3.316554788706647505e-03,2.939029267493533954e-03,2.601729455979371122e-03,2.302748205184758801e-03,2.072154999284011104e-03,1.897280183855820212e-03,1.750099325513859976e-03,1.628115033389899644e-03,1.526742394932006138e-03,1.442324151189566762e-03
-7.855387933605293901e-03,-7.538855995786702784e-03,-7.186753540548678452e-03,-6.773447704292718911e-03,-6.325413664827443314e-03,-5.840770243655004496e-03,-5.317831046524492018e-03,-4.769204734476019912e-03,-4.182380748250716894e-03,-3.555323323452944974e-03,-2.886036088503514223e-03,-2.171351974519679547e-03,-1.409595922796074178e-03,-5.676668824462204619e-04,3.971914802676224099e-04,1.417034481221876759e-03,2.454087893381974063e-03,3.495716602118325526e-03,4.511728537127645752e-03,5.477871226950863093e-03,6.385369112285983577e-03,7.263327187766268657e-03,8.099569348682085848e-03,8.825647210840826401e-03,9.418228380855559606e-03,9.883628557564598863e-03,1.012268492638495991e-02,1.015942164255044522e-02,9.971388334477443438e-03,9.540415864547881208e-03,9.262047883211926153e-03,8.752478907015774287e-03,7.953919562737448920e-03,7.256708143204082875e-03,6.454702540396278602e-03,5.797737908570858162e-03,5.090757054787689584e-03,4.296286443896170544e-03,3.648817107752007349e-03,3.039350335729045383e-03,2.524973549679955867e-03,2.148049473948349282e-03,1.810860744352347411e-03,1.512425055948893055e-03,1.282344166578505262e-03,1.107145998466060183e-03,9.607893493923698328e-04,8.383367164849455560e-04,7.373956648902262739e-04,6.533400858433572461e-04
-8.685012203932931940e-03,-8.368895791255034911e-03,-8.017301551504632876e-03,-7.604479796267897031e-03,-7.157033558377308945e-03,-6.673044492468867273e-03,-6.150778416527655224e-03,-5.602910500546539989e-03,-5.016885162372773654e-03,-4.390742093979399345e-03,-3.722388014795315666e-03,-3.008702236905139854e-03,-2.248058597844260036e-03,-1.407309932650268247e-03,-4.436441335952725227e-04,5.749256986372328114e-04,1.610649579884330246e-03,2.650942496093327758e-03,3.665571249104080526e-03,4.630351275501742511e-03,5.536544921715829543e-03,6.413245892846156093e-03,7.248358162346936126e-03,7.973457936619547312e-03,8.565269533272312080e-03,9.030069724466826750e-03,9.268757223007070140e-03,9.305380993362264222e-03,9.117487632213915408e-03,8.686891316759247708e-03,8.409095431099597104e-03,7.900301638402485588e-03,7.102625992920261200e-03,6.406456794534862859e-03,5.605468798522578525e-03,4.949618454551754122e-03,4.243614022375071133e-03,3.450140950125302197e-03,2.803462593181261977e-03,2.194710474193350275e-03,1.681028401323688033e-03,1.304492911299219441e-03,9.681867422682378715e-04,6.698898197765684693e-04,4.399200538722080754e-04,2.654321874338880878e-04,1.190614097044680962e-04,-3.237792179390477371e-06,-1.036059517148768235e-04,-1.885063624956793483e-04
-9.564188722340742285e-03,-9.248575015464239463e-03,-8.897501954806014135e-03,-8.485242915384300089e-03,-8.038427632945788562e-03,-7.555087415118344474e-03,-7.033552021689758703e-03,-6.486495952952221582e-03,-5.901331238201691989e-03,-5.276102011936848607e-03,-4.608775051966353814e-03,-3.896189066610219933e-03,-3.136709332128219570e-03,-2.297184873930678984e-03,-1.334805583250531528e-03,-3.176040412560201154e-04,7.167115787483256065e-04,1.755557240319240890e-03,2.768759310642541615e-03,3.732099774374001994e-03,4.636902339228485617e-03,5.512266912918953148e-03,6.346172573670870974e-03,7.070236043832016717e-03,7.661170965902082408e-03,8.125359902523143427e-03,8.363653719513017282e-03,8.400174962838912601e-03,8.212366005541862565e-03,7.782175447158590220e-03,7.505039864283455375e-03,6.997086056887840376e-03,6.200395144982021219e-03,5.505244074043484301e-03,4.705412606951982560e-03,4.050678490436309016e-03,3.345734387872064709e-03,2.553193324678538437e-03,1.907413265655071672e-03,1.299519714114363411e-03,7.865411891374749723e-04,4.109113721500599241e-04,7.466879240025917541e-05,-2.234131686947947568e-04,-4.527807427816016458e-04,-6.272662555068884548e-04,-7.732436873662242244e-04,-8.954721974246039216e-04,-9.960240835776435885e-04,-1.079153907727986757e-03
-1.048919240322160502e-02,-1.017407179161969842e-02,-9.823519467966250127e-03,-9.411888253381500008e-03,-8.965703162839101792e-03,-8.483091424555895543e-03,-7.962328421501699283e-03,-7.416102510818116042e-03,-6.831869852315558371e-03,-6.207652229513444843e-03,-5.541375233952916361e-03,-4.829911741453835929e-03,-4.071683353777426177e-03,-3.233446845045816372e-03,-2.272444614121213718e-03,-1.256672634187339056e-03,-2.238453309898839341e-04,8.134828812178193386e-04,1.825122043503711686e-03,2.786973048133683552e-03,3.690204022219866885e-03,4.564238314973032874e-03,5.396886462183745313e-03,6.119829762557262368e-03,6.709868908125550362e-03,7.173412434153656272e-03,7.411302574806749761e-03,7.447670532461187105e-03,7.260053810331731222e-03,6.830237950893375612e-03,6.553815391122676075e-03,6.046730289747471836e-03,5.251017888252614008e-03,4.557017907384390727e-03,3.758376609058983273e-03,3.104794057285657684e-03,2.400992692255954613e-03,1.609453812168848072e-03,9.646917703833830056e-04,3.576608689019877829e-04,-1.546577307851167398e-04,-5.298810371068315549e-04,-8.654396016755542881e-04,-1.162948968041299051e-03,-1.391750402115670814e-03,-1.566103286617919399e-03,-1.712147689715054835e-03,-1.833946816607170049e-03,-1.934638429193741554e-03,-2.017953714650334851e-03
-1.145387761585047078e-02,-1.113926685521348173e-02,-1.078929885334271692e-02,-1.037825685712154972e-02,-9.932750410053217682e-03,-9.450891134838738591e-03,-8.930944259216637426e-03,-8.385605916609636251e-03,-7.802327415049980022e-03,-7.179159086913159023e-03,-6.514021245628305069e-03,-5.803773346940402540e-03,-5.046809250510867449e-03,-4.209954020027132857e-03,-3.250407474876224143e-03,-2.236122930375935691e-03,-1.204839389496276678e-03,-1.691345746934626152e-04,8.409006680382426734e-04,1.801109701510311602e-03,2.702862888743412951e-03,3.575403274777962971e-03,4.406721961876145302e-03,5.128499435553466462e-03,5.717599847806048748e-03,6.180421904122672741e-03,6.417898754913969016e-03,6.454147719451967108e-03,6.266676441467125547e-03,5.837273638692530749e-03,5.561544534881432411e-03,5.055404461283753703e-03,4.260746530273621172e-03,3.567925022868245061e-03,2.770534962911963550e-03,2.118194308904116589e-03,1.415577677666243327e-03,6.251648419682042431e-04,-1.860670938418621027e-05,-6.247784976215106081e-04,-1.136293198151304201e-03,-1.510795073929141127e-03,-1.845796834340733897e-03,-2.142897298502960575e-03,-2.371692371774043739e-03,-2.545454371123746264e-03,-2.691301301229226135e-03,-2.812993202672759395e-03,-2.913118505052833453e-03,-2.996772647152083635e-03
-1.244941274575410949e-02,-1.213534871730860033e-02,-1.178598246542228098e-02,-1.137560638562301434e-02,-1.093081485985419356e-02,-1.044971550231892435e-02,-9.930611055188168917e-03,-9.386192859500364777e-03,-8.803911683579263708e-03,-8.181828700632606116e-03,-7.517834666250099510e-03,-6.808882250988277512e-03,-6.053264422413186067e-03,-5.217818392186175831e-03,-4.259784340726985655e-03,-3.247070135203665008e-03,-2.217403511191296493e-03,-1.183345659578320707e-03,-1.749970378320681041e-04,7.835456676426436106e-04,1.683630919640935648e-03,2.554673352749621974e-03,3.384601279606277036e-03,4.105194823574548346e-03,4.693295519110028506e-03,5.155399894579399019e-03,5.392447293339285019e-03,5.428542642134363654e-03,5.241227903309446552e-03,4.812296944834164661e-03,4.537265003526590006e-03,4.032097137805307208e-03,3.238549830179841393e-03,2.546958918685106495e-03,1.750806538139183322e-03,1.099795638130414161e-03,3.984134855462622901e-04,-3.908980333143467073e-04,-1.033582992079161563e-03,-1.638936798146493033e-03,-2.149612200202980026e-03,-2.523441520787714134e-03,-2.857997965794446295e-03,-3.154423695607924075e-03,-3.382796507105231051e-03,-3.556359900406079813e-03,-3.701817674932072946e-03,-3.823459118417180547e-03,-3.923430672868399340e-03,-4.006972291145589546e-03
-1.346394721789048038e-02,-1.315047460594040429e-02,-1.280169246466805570e-02,-1.239201147290754611e-02,-1.194795178316072730e-02,-1.146766165629815697e-02,-1.094941230976533182e-02,-1.040594889146050084e-02,-9.824723165399446359e-03,-9.203722059208835002e-03,-8.540978650158626007e-03,-7.833293320449942476e-03,-7.079058786820032791e-03,-6.245093355001129359e-03,-5.288583953351805832e-03,-4.277498564064785569e-03,-3.249490511386745727e-03,-2.217164688369888201e-03,-1.210546728799984182e-03,-2.537319203179085655e-04,6.447360802582341151e-04,1.514128241859852460e-03,2.342630050118597700e-03,3.061975755700961210e-03,3.649060937055583279e-03,4.110426685513601970e-03,4.347001378372366935e-03,4.382970078148652401e-03,4.195791130379355680e-03,3.767310937658235621e-03,3.493052286175862484e-03,2.988855319443045697e-03,2.196434718508763050e-03,1.506150816075621946e-03,7.113150576334747229e-04,6.160056474646949853e-05,-6.384704010208748504e-04,-1.426496239102006828e-03,-2.068234398749050663e-03,-2.672612541856019680e-03,-3.182505539145431394e-03,-3.555714800169545390e-03,-3.889503928217979360e-03,-4.185633604849476296e-03,-4.413519275381501752e-03,-4.586826697620651795e-03,-4.732047051353532180e-03,-4.853076084435824222e-03,-4.953198200032579712e-03,-5.036610607636308849e-03
-1.448237342642750940e-02,-1.416944517092785967e-02,-1.382129253480708642e-02,-1.341227430857250616e-02,-1.296896641745734317e-02,-1.248949261786824055e-02,-1.197215444341555475e-02,-1.142965941957926369e-02,-1.084946701809564977e-02,-1.022963964153001358e-02,-9.568095418686828682e-03,-8.861749362667458926e-03,-8.108942120095569833e-03,-7.276478186065754236e-03,-6.321529333545835259e-03,-5.312088423391604294e-03,-4.285822999032617812e-03,-3.255237927671282040e-03,-2.250390158866388476e-03,-1.295315216152074980e-03,-3.985701768222112249e-04,4.692375759866359978e-04,1.296297544668022347e-03,2.014327896346334180e-03,2.600370572791245276e-03,3.060985809178962559e-03,3.297069427291952383e-03,3.332881336251312596e-03,3.145887143157391312e-03,2.717874039691227633e-03,2.444363456298784092e-03,1.941188806552490969e-03,1.149913992490059775e-03,4.608960667960083132e-04,-3.325916746935901960e-04,-9.809183379124656980e-04,-1.679684548488949436e-03,-2.466594323732265726e-03,-3.107246596989522627e-03,-3.710558653752557817e-03,-4.219664307803174148e-03,-4.592114541221354630e-03,-4.925239473677331392e-03,-5.220958896987886247e-03,-5.448391900988873264e-03,-5.621361354298778749e-03,-5.766655650423543021e-03,-5.887163191217905170e-03,-5.987090165414548845e-03,-6.070872547777965943e-03
-1.548604917787335666e-02,-1.517369860694764080e-02,-1.482620313211862641e-02,-1.441786614569311176e-02,-1.397530824997339494e-02,-1.349664706748697311e-02,-1.298021765477457186e-02,-1.243869399092694880e-02,-1.185957293857507582e-02,-1.124087910113131562e-02,-1.058058683190421512e-02,-9.875593499183460411e-03,-9.124210025391434400e-03,-8.293261048649124348e-03,-7.339919657184825093e-03,-6.332113276134898258e-03,-5.307572048022258897e-03,-4.278747980753489118e-03,-3.275671444334503184e-03,-2.322393241949320241e-03,-1.427386502500178509e-03,-5.611975014023759317e-04,2.643738303776665684e-04,9.811511105914320473e-04,1.566157156028142108e-03,2.025975223041652160e-03,2.261590602461161642e-03,2.297249132580430914e-03,2.110376977601073623e-03,1.682832228911436455e-03,1.410150984864000021e-03,9.079048306115739464e-04,1.178432733369133415e-04,-5.698933450846963055e-04,-1.361983882267682943e-03,-2.008933437125799172e-03,-2.706418556687463419e-03,-3.492032633260387219e-03,-4.131614383098582838e-03,-4.734084279775756764e-03,-5.242283351306578805e-03,-5.614269578973592884e-03,-5.946612069711181697e-03,-6.241863977819019603e-03,-6.468973559954995824e-03,-6.641433683575667830e-03,-6.786346332406149873e-03,-6.906804618088360770e-03,-7.006755885631663419e-03,-7.089632913872495265e-03
-1.645332033047797876e-02,-1.614155957967592162e-02,-1.579466988212128303e-02,-1.538700834847275996e-02,-1.494518555787887303e-02,-1.446737685325423170e-02,-1.395180776664898571e-02,-1.341126652987827648e-02,-1.283320482014312265e-02,-1.221566672734664995e-02,-1.155660241083896790e-02,-1.085290415113853227e-02,-1.010297255174606723e-02,-9.273546300947716967e-03,-8.321741528051679326e-03,-7.315624794712829136e-03,-6.292779077748181238e-03,-5.265698039567737188e-03,-4.264424898322874587e-03,-3.312902897864589049e-03,-2.419601299183488704e-03,-1.555041096559441711e-03,-7.309333938079172824e-04,-1.541714196966941717e-05,5.685103087280651835e-04,1.027552245154382624e-03,1.262695553049760812e-03,1.298176122412563653e-03,1.111503400619410923e-03,6.843692309646256730e-04,4.124703265835105736e-04,-8.873512259689699986e-05,-8.777107819965576478e-04,-1.564127230372136523e-03,-2.354899668896883336e-03,-3.000509976825230674e-03,-3.696658031205272976e-03,-4.481172987505841268e-03,-5.119445085882786371e-03,-5.720977704108065609e-03,-6.228395030487733283e-03,-6.599565114805921659e-03,-6.931712344837051738e-03,-7.226324786557340209e-03,-7.452861527676503915e-03,-7.625519493085928732e-03,-7.769861948019162606e-03,-7.890207894597245017e-03,-7.989600067494691607e-03,-8.072493387975410509e-03
-1.735981323300522100e-02,-1.704861619479693113e-02,-1.670237802855511697e-02,-1.629535889742547011e-02,-1.585428090112782004e-02,-1.537726357594851496e-02,-1.486257377027860004e-02,-1.432298695264757650e-02,-1.374593115503601297e-02,-1.312953553406352378e-02,-1.247169457112637728e-02,-1.176929940075136134e-02,-1.102075983699976613e-02,-1.019279149282768630e-02,-9.242557511344531157e-03,-8.238011965899455849e-03,-7.216881632381356125e-03,-6.191532586482277264e-03,-5.191963481185226173e-03,-4.242213777123649172e-03,-3.350597459789900895e-03,-2.487595938819321326e-03,-1.664915344089156358e-03,-9.506796996797840099e-04,-3.677599817009883504e-04,9.052271896396273099e-05,3.251788463479739319e-04,3.604840967578431653e-04,1.739522757469967194e-04,-2.527618763941384141e-04,-5.238948118350888550e-04,-1.024123495204259373e-03,-1.811983373043618865e-03,-2.497143293587854394e-03,-3.286618544833602978e-03,-3.930867516009759442e-03,-4.625756630776880346e-03,-5.409048600772359446e-03,-6.046421287236933631e-03,-6.646927142907164791e-03,-7.153601174970929122e-03,-7.523928372913753736e-03,-7.855511007018626049e-03,-8.149485421192839002e-03,-8.375931377846803846e-03,-8.548222647940069072e-03,-8.691937909395942505e-03,-8.812400144012338260e-03,-8.911578712808978370e-03,-8.994171736713693979e-03
-1.817960271567346450e-02,-1.786893108982191142e-02,-1.752328812356881982e-02,-1.711694034541383705e-02,-1.667655864764090376e-02,-1.620030385978139115e-02,-1.568644637190937455e-02,-1.514778371635872901e-02,-1.457175182463466001e-02,-1.395641078218271165e-02,-1.329975689668636690e-02,-1.259863178430231483e-02,-1.185139090923259357e-02,-1.102485900255959113e-02,-1.007608596068705967e-02,-9.073113385713952803e-03,-8.053584621906278995e-03,-7.029903523249707124e-03,-6.032025126351117823e-03,-5.083880105917515900e-03,-4.193942283471994992e-03,-3.332449543307307912e-03,-2.511193892581926879e-03,-1.798173523896572958e-03,-1.216239897438479685e-03,-7.586821922919091731e-04,-5.244547208382907945e-04,-4.893399602888054900e-04,-6.757522421416157360e-04,-1.102024923854956571e-03,-1.372491061354019076e-03,-1.871818850246283238e-03,-2.658588669954718361e-03,-3.342554792060684586e-03,-4.130766031544534471e-03,-4.773753204374624366e-03,-5.467414289285990429e-03,-6.249588198859365104e-03,-6.885981949717089046e-03,-7.485578745852816684e-03,-7.991364605404203264e-03,-8.361137662169801019e-03,-8.691728795934387103e-03,-8.985712067247837373e-03,-9.211956440865736589e-03,-9.383365450576691691e-03,-9.527009737161837993e-03,-9.647478016248800178e-03,-9.746529287245933940e-03,-9.828626212950143659e-03
-1.888641474360324216e-02,-1.857626314663819722e-02,-1.823116334364223434e-02,-1.782544059393318184e-02,-1.738572290820302943e-02,-1.691017235334688756e-02,-1.639713573051998496e-02,-1.585933920763872226e-02,-1.528424284549391096e-02,-1.466994011226915688e-02,-1.401438519129563284e-02,-1.331444256387520272e-02,-1.256848707775107266e-02,-1.174329935628881140e-02,-1.079593931637357063e-02,-9.794430182355628664e-03,-8.776390869855620058e-03,-7.754258870735415178e-03,-6.758000081759425737e-03,-5.811448102288708194e-03,-4.923011593529416294e-03,-4.063004178692371932e-03,-3.243038645572259449e-03,-2.531176947652993836e-03,-1.950190874349633794e-03,-1.493345744539001721e-03,-1.259586351347852544e-03,-1.224612994567804338e-03,-1.410929120597722566e-03,-1.836892923345001278e-03,-2.106633370654727947e-03,-2.605075091133231269e-03,-3.390885656444916386e-03,-4.073706346137108414e-03,-4.860785461332844601e-03,-5.502548738526385347e-03,-6.195066392407471909e-03,-6.976238422548948145e-03,-7.611612842875718245e-03,-8.210510872643180663e-03,-8.715485694541844422e-03,-9.084533435768040247e-03,-9.415004361128534449e-03,-9.708101146057111080e-03,-9.933981182906923696e-03,-1.010534731492409091e-02,-1.024901562440961450e-02,-1.036914534197570445e-02,-1.046783031141538915e-02,-1.055040530871823035e-02
-1.945545770966152638e-02,-1.914580800360207377e-02,-1.880120828113872669e-02,-1.839604056328387680e-02,-1.795694751515913845e-02,-1.748207705866196282e-02,-1.696974881783484476e-02,-1.643276662219721532e-02,-1.585855590167552578e-02,-1.524519997135940358e-02,-1.459065938104696543e-02,-1.389181372471392888e-02,-1.314702262790686318e-02,-1.232310991146001039e-02,-1.137700340885501246e-02,-1.037685123932862580e-02,-9.360263761317690057e-03,-8.339581846238950866e-03,-7.344798949498623428e-03,-6.399752845816374276e-03,-5.512703647559184100e-03,-4.654049373256473852e-03,-3.835313546481506665e-03,-3.124522179473000500e-03,-2.544429325494816825e-03,-2.088243083208270179e-03,-1.854895076088619197e-03,-1.820111863572002877e-03,-2.006329218085186033e-03,-2.431931579138069555e-03,-2.701116996657598399e-03,-3.198735995428387581e-03,-3.983694000761267215e-03,-4.665476959754952593e-03,-5.451475641511886912e-03,-6.092161169240158797e-03,-6.783625235213633017e-03,-7.563917182191495260e-03,-8.198363341455981723e-03,-8.796355633625831116e-03,-9.300774448843508735e-03,-9.669313171011861482e-03,-9.999233692799661122e-03,-1.029187921760392303e-02,-1.051758521693127446e-02,-1.068892395437562315e-02,-1.083204349008642063e-02,-1.095190858220338077e-02,-1.105077239917709626e-02,-1.113286990904132495e-02
-1.986534143900322083e-02,-1.955610713641399087e-02,-1.921197124510256454e-02,-1.880730853891458138e-02,-1.836877140091669469e-02,-1.789451266308200381e-02,-1.738285360506906449e-02,-1.684658787453410453e-02,-1.627316260196008668e-02,-1.566068176244422155e-02,-1.500706667871273998e-02,-1.430924398682614958e-02,-1.356554301717591976e-02,-1.274272470464456880e-02,-1.179783677021094095e-02,-1.079889497639630394e-02,-9.783545421400136402e-03,-8.764196561826075385e-03,-7.770743032815752814e-03,-6.827015727862487809e-03,-5.941282533681284048e-03,-5.083851406784436339e-03,-4.266242166536184099e-03,-3.556422109052879196e-03,-2.977142094277240858e-03,-2.521566595359612997e-03,-2.288617328294549700e-03,-2.253995861816546036e-03,-2.440188803221545084e-03,-2.865529860671274607e-03,-3.134171743647767763e-03,-3.631120495373890613e-03,-4.415260428955737095e-03,-5.096162031879997341e-03,-5.881244226026366775e-03,-6.520928838052877582e-03,-7.211443812593676048e-03,-7.990847916008484916e-03,-8.624541976114152506e-03,-9.221987943567941728e-03,-9.725730850928848356e-03,-1.009369981568054332e-02,-1.042322668533309654e-02,-1.071574201654953810e-02,-1.094074466840252134e-02,-1.111199104792732172e-02,-1.125471274572377098e-02,-1.137430921035945293e-02,-1.147318541315517533e-02,-1.155551912812136095e-02
-2.009995549126752587e-02,-1.979110160605489221e-02,-1.944738827925058394e-02,-1.904318435380270708e-02,-1.860514650646724957e-02,-1.813138048596947202e-02,-1.762035225425151452e-02,-1.708473007142246453e-02,-1.651202192738305749e-02,-1.590026956246779616e-02,-1.524748774523346749e-02,-1.455053766922307507e-02,-1.380777356251100714e-02,-1.298597561475708581e-02,-1.204209968268413547e-02,-1.104423602179451999e-02,-1.003003024677697613e-02,-9.011851071031196092e-03,-8.019568220296742142e-03,-7.077048709447269874e-03,-6.192479813997826474e-03,-5.336137877749298937e-03,-4.519516326571639854e-03,-3.810586844131131669e-03,-3.232034093622457391e-03,-2.776982826622826066e-03,-2.544445300759510392e-03,-2.509990773429781295e-03,-2.696178302533600631e-03,-3.121338498027389271e-03,-3.389479597903044279e-03,-3.885865066225235864e-03,-4.669383397672920676e-03,-5.349476134139096242e-03,-6.133749660333179601e-03,-6.772551119086878298e-03,-7.462306444621867249e-03,-8.241030147136802625e-03,-8.874087203244241870e-03,-9.470784705828150588e-03,-9.974179732693468081e-03,-1.034173229394486429e-02,-1.067101336394755441e-02,-1.096293699284448669e-02,-1.118808534994071395e-02,-1.135862742834075831e-02,-1.150181165957349198e-02,-1.162104728311593935e-02,-1.171946428781318883e-02,-1.180173549586338924e-02
-2.015043497194514768e-02,-1.984191397509329352e-02,-1.949855058031545185e-02,-1.909471956436898168e-02,-1.865711148914647038e-02,-1.818384874649637412e-02,-1.767327845278105977e-02,-1.713822230272779579e-02,-1.656610139684448410e-02,-1.595502994837035005e-02,-1.530296695048064849e-02,-1.460677118008427665e-02,-1.386482198423038756e-02,-1.304389180396830009e-02,-1.210089418864171602e-02,-1.110396383460857464e-02,-1.009075098886769682e-02,-9.073542448852209286e-03,-8.082289494749884604e-03,-7.140788868735242073e-03,-6.257251221542406948e-03,-5.401832804806369626e-03,-4.586073969688130546e-03,-3.877911688006765219e-03,-3.300017600566333784e-03,-2.845452629238662094e-03,-2.613239029946375514e-03,-2.578992883106463827e-03,-2.765189858380006759e-03,-3.190235308231915718e-03,-3.458032116620840795e-03,-3.953918182765583759e-03,-4.736918474822317433e-03,-5.416398708348995131e-03,-6.200062428894418352e-03,-6.838159982126341095e-03,-7.527206181005698972e-03,-8.305315413909537467e-03,-8.937778152752828137e-03,-9.534134393347304046e-03,-1.003699100184373902e-02,-1.040406814585565116e-02,-1.073297330106882247e-02,-1.102493450914513069e-02,-1.124950277083434577e-02,-1.142014917224972760e-02,-1.156315562055242573e-02,-1.168275882184505871e-02,-1.178107717333005608e-02,-1.186331277704828595e-02
-2.001627588804273314e-02,-1.970803313000012158e-02,-1.936495075011440345e-02,-1.896145240013840869e-02,-1.852418272729736137e-02,-1.805130151640983380e-02,-1.754115544220592390e-02,-1.700656438671575149e-02,-1.643494948038699138e-02,-1.582442646392908173e-02,-1.517293690947647301e-02,-1.447741913026766650e-02,-1.373617790331773877e-02,-1.291596961647489827e-02,-1.197366687396946884e-02,-1.097753239057744357e-02,-9.965103160703342455e-03,-8.948731721660442909e-03,-7.958356046687674323e-03,-7.017716351839550781e-03,-6.135013237948233958e-03,-5.280431832511136778e-03,-4.465419024793109391e-03,-3.757907691979993272e-03,-3.180561749263817808e-03,-2.726441654026622811e-03,-2.494558555710967278e-03,-2.460471115137166827e-03,-2.646733111493466441e-03,-3.071753484985294529e-03,-3.339287116099875618e-03,-3.834807336211694742e-03,-4.617471171980424421e-03,-5.296445530549414617e-03,-6.079587219506370557e-03,-6.717162600511025067e-03,-7.405657813524222331e-03,-8.183292518799126919e-03,-8.815312100122254732e-03,-9.411320238839464628e-03,-9.913987710804266981e-03,-1.028079159930296235e-02,-1.060928150670393047e-02,-1.090101582117322838e-02,-1.112531499186553662e-02,-1.129593814871398226e-02,-1.143841843471849785e-02,-1.155813226671847244e-02,-1.165644206758640472e-02,-1.173828898776022034e-02
-1.970606970037564951e-02,-1.939804173743900351e-02,-1.905521759770723023e-02,-1.865196012815858312e-02,-1.821499265709718846e-02,-1.774240013047240563e-02,-1.723261331444348940e-02,-1.669839765261235676e-02,-1.612719891800704075e-02,-1.551712120915466932e-02,-1.486611885684043823e-02,-1.417114062068769442e-02,-1.343041990832167035e-02,-1.261078032001851021e-02,-1.166910765086852028e-02,-1.067358238060273946e-02,-9.661790342414171631e-03,-8.646091784815929104e-03,-7.656423095217192512e-03,-6.716510907395866099e-03,-5.834510227754822163e-03,-4.980589019351703943e-03,-4.166189541722572012e-03,-3.459221106103839427e-03,-2.882361234756472459e-03,-2.428615538974845511e-03,-2.197025749367743225e-03,-2.163159032840196276e-03,-2.349524014630989966e-03,-2.774509858840209110e-03,-3.041916374349540493e-03,-3.537175904603607774e-03,-4.319588542491975894e-03,-4.998261791649708831e-03,-5.781010826555752283e-03,-6.418205565187943065e-03,-7.106324732725449560e-03,-7.883600737104803566e-03,-8.515418137412061189e-03,-9.111127271788253476e-03,-9.613486355666712307e-03,-9.979923855840788782e-03,-1.030840512313694647e-02,-1.060003616291517806e-02,-1.082446794992558171e-02,-1.099456891004526801e-02,-1.113736424137235295e-02,-1.125629788712410526e-02,-1.135469556286919021e-02,-1.143688840105707739e-02
-1.923729931084206327e-02,-1.892944585313946493e-02,-1.858678970403012179e-02,-1.818374375148823843e-02,-1.774696822897255805e-02,-1.727464296967476040e-02,-1.676507771882527337e-02,-1.623119195210307592e-02,-1.566024834724832893e-02,-1.505057197675305561e-02,-1.439995649476283161e-02,-1.370538913348902203e-02,-1.296511374509779976e-02,-1.214595171794729395e-02,-1.120469167862968990e-02,-1.020967794148238197e-02,-9.198398260768335735e-03,-8.183207820434117846e-03,-7.194101750134991938e-03,-6.254747956368582155e-03,-5.373294914943494045e-03,-4.519918302517643253e-03,-3.706024703223385376e-03,-2.999509891812899599e-03,-2.423018822222483114e-03,-1.969602677624762710e-03,-1.738277981433808232e-03,-1.704633032489909304e-03,-1.891142045422571256e-03,-2.316257081365497624e-03,-2.583533609441583407e-03,-3.078682532214474868e-03,-3.861028975595890821e-03,-4.539449037869167092e-03,-5.322099046282818130e-03,-5.958968691017069337e-03,-6.646807827210114011e-03,-7.424059283490436201e-03,-8.055591104288337481e-03,-8.651004400019894278e-03,-9.153277541769021600e-03,-9.519652243999220109e-03,-9.848017503271707870e-03,-1.013941636272266446e-02,-1.036352982483658598e-02,-1.053402018061958857e-02,-1.067650224308876357e-02,-1.079565445338515409e-02,-1.089382619697513120e-02,-1.097583404315780053e-02
-1.863519197795931309e-02,-1.832747196888736760e-02,-1.798498434474913449e-02,-1.758207172222777184e-02,-1.714543113185943574e-02,-1.667328412530932891e-02,-1.616393887105579269e-02,-1.563026112961713246e-02,-1.505962639370578109e-02,-1.445014589314840003e-02,-1.379983321566749521e-02,-1.310558150677210501e-02,-1.236565180256239162e-02,-1.154679685159023216e-02,-1.060587249550068445e-02,-9.611191779852607669e-03,-8.600263326519586027e-03,-7.585493807562905880e-03,-6.596795467874081408e-03,-5.657906558418715655e-03,-4.776925894773843134e-03,-3.923961527964608779e-03,-3.110434621543062272e-03,-2.404265168846313715e-03,-1.828143654499763803e-03,-1.374952958810834796e-03,-1.143910695242225705e-03,-1.110463648856883055e-03,-1.297185762688024026e-03,-1.722462883577906495e-03,-1.989724163698582040e-03,-2.484846233143982175e-03,-3.267190967668880033e-03,-3.945568200461609977e-03,-4.728086881494678734e-03,-5.364811718454752867e-03,-6.052548238341805970e-03,-6.829694450221987165e-03,-7.461096247799855682e-03,-8.056525290836478309e-03,-8.558697778274809709e-03,-8.925110882909247437e-03,-9.253097670855248147e-03,-9.544827052727068023e-03,-9.768898714896419658e-03,-9.938886637318622430e-03,-1.008115743545783850e-02,-1.020071203628156176e-02,-1.029865614615257940e-02,-1.038110611069774716e-02
-1.793096832786471306e-02,-1.762334418182715315e-02,-1.728097143337304145e-02,-1.687814018155601656e-02,-1.644160704485806562e-02,-1.596959243936725906e-02,-1.546037397143310010e-02,-1.492683867251870349e-02,-1.435639495840139619e-02,-1.374710885069448107e-02,-1.309701155222768067e-02,-1.240295893703182231e-02,-1.166324224973137869e-02,-1.084466867998615074e-02,-9.904007840783343383e-03,-8.909545245811766392e-03,-7.898890761879114042e-03,-6.884299781908437277e-03,-5.895987192305193574e-03,-4.957354760566629395e-03,-4.076802204242877849e-03,-3.224080102100498890e-03,-2.410868244653830220e-03,-1.705002762347338635e-03,-1.129136014205709944e-03,-6.761817936239133140e-04,-4.453816152213320597e-04,-4.121638988957397479e-04,-5.990836318397552498e-04,-1.024616361648654494e-03,-1.291932594342063605e-03,-1.787067525666233454e-03,-2.569582817063611590e-03,-3.247970911936535164e-03,-4.030557207584709555e-03,-4.667239070363028014e-03,-5.354920074456259727e-03,-6.132138949105011248e-03,-6.763543586443166930e-03,-7.358910994979210758e-03,-7.861184812698446961e-03,-8.227450743861542543e-03,-8.555557642220750630e-03,-8.846927562149629887e-03,-9.071309901463500691e-03,-9.241215640814988419e-03,-9.383958310806298636e-03,-9.502859242024961489e-03,-9.600946474300231862e-03,-9.683347209274235229e-03
-1.715922817179730761e-02,-1.685166736073136218e-02,-1.650931481617607180e-02,-1.610658942626808088e-02,-1.567010802539078873e-02,-1.519813029937329245e-02,-1.468902372098535893e-02,-1.415556364508918814e-02,-1.358524150322582870e-02,-1.297610523373173355e-02,-1.232612007095221576e-02,-1.163230725646014971e-02,-1.089276269867329137e-02,-1.007433818526768526e-02,-9.133768857459876114e-03,-8.139460939825432159e-03,-7.128863665477716376e-03,-6.114595894803155629e-03,-5.126435162982341531e-03,-4.188082797304689374e-03,-3.307697522160198394e-03,-2.455295945929581326e-03,-1.642285538082034714e-03,-9.366083921661741158e-04,-3.609629551391973796e-04,9.175361555551141645e-05,3.223697028887978142e-04,3.553641474399341169e-04,1.682048890846961960e-04,-2.576069244406524049e-04,-5.250148463553945934e-04,-1.020313234082918536e-03,-1.803038413912587444e-03,-2.481536810406040350e-03,-3.264279188232432384e-03,-3.900983421110909826e-03,-4.588714594344418113e-03,-5.366027675477948525e-03,-5.997578412588900482e-03,-6.593023428257118942e-03,-7.095244033487975097e-03,-7.461391596707518843e-03,-7.789671933371620192e-03,-8.081055587218268985e-03,-8.305410306288592628e-03,-8.475066066850153734e-03,-8.618168480353419203e-03,-8.737364608006864541e-03,-8.835319314104798927e-03,-8.917279329071674601e-03
-1.635513554451834689e-02,-1.604762462600961559e-02,-1.570531087712886964e-02,-1.530255781736908696e-02,-1.486616433175843785e-02,-1.439423009517259641e-02,-1.388512489804547521e-02,-1.335176533329254789e-02,-1.278152142847215934e-02,-1.217244069939249149e-02,-1.152260632993557313e-02,-1.082881013635556174e-02,-1.008941850323624885e-02,-9.271090987272211092e-03,-8.330562547369987567e-03,-7.336305500312348404e-03,-6.325881329815756515e-03,-5.311634433191331738e-03,-4.323645322612868803e-03,-3.385448393997700020e-03,-2.505282218568528028e-03,-1.652974651284510026e-03,-8.401754249907481854e-04,-1.347061931127015372e-04,4.408266749716525284e-04,8.934245150298550028e-04,1.123745009756265019e-03,1.156541731905793213e-03,9.690610592982723580e-04,5.430129556569707108e-04,2.754223786218179732e-04,-2.200138833387654922e-04,-1.003036891680519687e-03,-1.681740661186263220e-03,-2.464695298670489636e-03,-3.101472305299241266e-03,-3.789320497289271061e-03,-4.566803037820512702e-03,-5.198410828269045894e-03,-5.794089206242635480e-03,-6.296339077457649425e-03,-6.662674314186185255e-03,-6.990685362305691479e-03,-7.282165571542599004e-03,-7.506573351589099739e-03,-7.676506083804999006e-03,-7.819307504451838975e-03,-7.938231735829966856e-03,-8.036462552063319831e-03,-8.118464507183923914e-03
-1.555174147107293327e-02,-1.524428939752939076e-02,-1.490199279815594864e-02,-1.449922963254070621e-02,-1.406286013560043707e-02,-1.359088352075420170e-02,-1.308182190961849553e-02,-1.254859924398051170e-02,-1.197825320321314543e-02,-1.136929631393050581e-02,-1.071949063140330109e-02,-1.002575262987575287e-02,-9.286392152048036572e-03,-8.468203794889030134e-03,-7.527682626748516750e-03,-6.533366167582858701e-03,-5.522995551747448238e-03,-4.508745467646042317e-03,-3.520864555922029182e-03,-2.582816694774013860e-03,-1.702771754236629591e-03,-8.505826210515786629e-04,-3.783392762456462013e-05,6.674834887067677275e-04,1.242838930574663566e-03,1.695236833077384559e-03,1.925438990982111494e-03,1.957988390006847046e-03,1.770252134425982218e-03,1.343784383021170764e-03,1.076089258770182707e-03,5.804439604547957047e-04,-2.029182517172996303e-04,-8.818368835103805158e-04,-1.665021505027082255e-03,-2.301975129747525165e-03,-2.989961658366215459e-03,-3.767669670418721372e-03,-4.399455844947157412e-03,-4.995223264958910739e-03,-5.497607410796364648e-03,-5.863995985983517373e-03,-6.192203520159195521e-03,-6.483751347047648703e-03,-6.707913180203766215e-03,-6.878205089343570819e-03,-7.020484158009794931e-03,-7.139868578155800748e-03,-7.237909487527297014e-03,-7.320163756950511143e-03
-1.477771727118238829e-02,-1.447027915301393394e-02,-1.412790164245916920e-02,-1.372515163648228322e-02,-1.328877381284893945e-02,-1.281685168474563409e-02,-1.230771254937241405e-02,-1.177449253914516873e-02,-1.120426450028532903e-02,-1.059536547108960898e-02,-9.945453973101285247e-03,-9.251832173930671713e-03,-8.512487163229198392e-03,-7.694277004454038067e-03,-6.753822773174738246e-03,-5.759478275775731411e-03,-4.749038391955228387e-03,-3.734730186165016036e-03,-2.746930132387776381e-03,-1.808950070672275248e-03,-9.290045714920086486e-04,-7.692607406476247641e-05,7.356762859924367588e-04,1.440993309376260075e-03,2.016130102667179971e-03,2.468501921221442560e-03,2.698529621082048063e-03,2.730779867231630711e-03,2.542773788132818031e-03,2.116036373235339729e-03,1.848124833645325765e-03,1.352283089323637810e-03,5.685421250415708533e-04,-1.106031203252827758e-04,-8.940769071423032739e-04,-1.531188926589532699e-03,-2.219346529763095450e-03,-2.997305642208336011e-03,-3.629279817407124638e-03,-4.225248211579827468e-03,-4.727772258184066018e-03,-5.094035815246343753e-03,-5.422288067386000360e-03,-5.714247263569499115e-03,-5.938215179896465072e-03,-6.108736188740388796e-03,-6.251167117481576732e-03,-6.370586345237016189e-03,-6.468583433178385494e-03,-6.550762405065260752e-03
-1.405543981078231398e-02,-1.374795534561419445e-02,-1.340559917352122411e-02,-1.300282083500362874e-02,-1.256638933851820898e-02,-1.209444518665431061e-02,-1.158542594689930712e-02,-1.105206317557210806e-02,-1.048186465340286005e-02,-9.872910102779653210e-03,-9.223090017006196559e-03,-8.529483940921877769e-03,-7.790168752339000219e-03,-6.971964666340964810e-03,-6.031356278351674045e-03,-5.036975247449709987e-03,-4.026416118259943180e-03,-3.012324792523815922e-03,-2.024401957978279060e-03,-1.086504567882576973e-03,-2.066506243807644122e-04,6.454029916308629249e-04,1.457931044787292348e-03,2.163153473994142238e-03,2.738311838237493523e-03,3.190470804249193656e-03,3.420302159180269724e-03,3.452365381509647866e-03,3.264107198193317259e-03,2.836922042404579816e-03,2.568891459232560195e-03,2.072884526334669523e-03,1.288742615937107797e-03,6.093631159739918302e-04,-1.744235510405555995e-04,-8.116424800918527801e-04,-1.499977531084924296e-03,-2.278235824199198456e-03,-2.910384475833075867e-03,-3.506524599136960109e-03,-4.009272933513758838e-03,-4.375629905996361937e-03,-4.704072160032492581e-03,-4.995461162780111090e-03,-5.220229799937592570e-03,-5.390409996703127669e-03,-5.532824112335608252e-03,-5.651945411715172604e-03,-5.750298024952178386e-03,-5.832205869248575925e-03
-1.340030517943049775e-02,-1.309282816962649941e-02,-1.275054449199124369e-02,-1.234773269803000027e-02,-1.191124111481207427e-02,-1.143926739717713269e-02,-1.093025328333739263e-02,-1.039692046604132405e-02,-9.826633477842261835e-03,-9.217705258706876750e-03,-8.567800949691166401e-03,-7.874219483044623408e-03,-7.134994086019873921e-03,-6.316795689387369288e-03,-5.376020545884298285e-03,-4.381655653120260056e-03,-3.370959346502278454e-03,-2.356789268494592637e-03,-1.368919308907048504e-03,-4.311510732391699973e-04,4.487969743538314541e-04,1.300670185899585087e-03,2.113280523837443407e-03,2.818309360272710281e-03,3.393368059405914121e-03,3.845555525260164857e-03,4.075202858256246445e-03,4.107033653512815428e-03,3.918427867068476414e-03,3.491017107948835539e-03,3.222783470891610325e-03,2.726619865039169206e-03,1.942014594915681541e-03,1.262454960473434603e-03,4.783795043843368363e-04,-1.589306382283458218e-04,-8.474894474308357524e-04,-1.625992336986312051e-03,-2.258324570634620207e-03,-2.854635651576304094e-03,-3.357510270466916406e-03,-3.724024036912480708e-03,-4.052296200832138616e-03,-4.344356375573872088e-03,-4.568728885631605577e-03,-4.738980187539387073e-03,-4.881398356571325751e-03,-5.001167072950632453e-03,-5.099147866811939989e-03,-5.180888280762008941e-03
-1.282098273387506475e-02,-1.251350836575703535e-02,-1.217102227679535756e-02,-1.176836492617951146e-02,-1.133187146380932112e-02,-1.085984327251879843e-02,-1.035055767123523561e-02,-9.817371201088708269e-03,-9.247088320894960439e-03,-8.638227699330223996e-03,-7.988499385021722438e-03,-7.294846420350814716e-03,-6.555584678700923304e-03,-5.737333048502284497e-03,-4.796377932201304969e-03,-3.801950398997738182e-03,-2.791413543310146839e-03,-1.776871196375621889e-03,-7.891180745559724010e-04,1.486684482755604099e-04,1.028190414479519289e-03,1.880390824247922315e-03,2.692978513538335505e-03,3.397916675140497719e-03,3.973032122422099841e-03,4.425026235386889974e-03,4.654605325534982678e-03,4.686189802671990833e-03,4.497341042697624268e-03,4.069562631157754191e-03,3.801286716270150471e-03,3.304815043628457193e-03,2.520069553505963501e-03,1.840146389371678315e-03,1.055682826584932290e-03,4.182413853411953361e-04,-2.703759184536940114e-04,-1.049192618815391730e-03,-1.681696587584789087e-03,-2.278176190353119364e-03,-2.781293587515733332e-03,-3.147849436376738436e-03,-3.476275823603264606e-03,-3.768398719247258166e-03,-3.992669332145396162e-03,-4.163024824308641722e-03,-4.305779561567240656e-03,-4.424686392615409525e-03,-4.523273334931566386e-03,-4.605059995843311348e-03
-1.232001244267380211e-02,-1.201253781119295851e-02,-1.167013973487120333e-02,-1.126724081948551025e-02,-1.083067689915760690e-02,-1.035872310507292803e-02,-9.849350194173461803e-03,-9.316022944876711787e-03,-8.746058965091750570e-03,-8.137034830150652667e-03,-7.487381270274806426e-03,-6.793723596057562458e-03,-6.054325157936146090e-03,-5.235987433246218521e-03,-4.295050558002646603e-03,-3.300376977702566741e-03,-2.289931446180552398e-03,-1.275408586744079982e-03,-2.875123616793086485e-04,6.502033885429560778e-04,1.529956766320099892e-03,2.381929186928206064e-03,3.194258700704412628e-03,3.899437769788820750e-03,4.474210996738748128e-03,4.926300748677957947e-03,5.155548621073952932e-03,5.187464097410124375e-03,4.998062157651424198e-03,4.570154766404974089e-03,4.301590377882066017e-03,3.805061453289345502e-03,3.019826260318613214e-03,2.339733532739088611e-03,1.555076413793949697e-03,9.175081052532618742e-04,2.288435327508304344e-04,-5.502384716835361823e-04,-1.182849051867891849e-03,-1.779577769104556152e-03,-2.282749808730363209e-03,-2.649350343817072437e-03,-2.977879993646614324e-03,-3.269943386990491283e-03,-3.494316407027925602e-03,-3.664687116937178496e-03,-3.807581183244202784e-03,-3.926477415556572925e-03,-4.024921380468279158e-03,-4.106964759836617511e-03
-1.189455473790349514e-02,-1.158707825474578415e-02,-1.124466153881436246e-02,-1.084164000936089015e-02,-1.040505327001031363e-02,-9.933176182637512910e-03,-9.423843736237480159e-03,-8.890673544516414575e-03,-8.320429992395758298e-03,-7.711413589593338856e-03,-7.061549043455388891e-03,-6.368129256226743966e-03,-5.629013086264492496e-03,-4.810514351761298150e-03,-3.869380456181949809e-03,-2.874753263479482880e-03,-1.863870994592294701e-03,-8.497169700474909359e-04,1.381777292734611068e-04,1.075843592621931718e-03,1.955657159049755539e-03,2.807678768766039192e-03,3.620081111544248918e-03,4.325128862222379564e-03,4.899727862638220827e-03,5.351895164429007479e-03,5.581210258767881766e-03,5.612564677295829238e-03,5.423045901647424727e-03,4.994680514207880742e-03,4.726130192498614532e-03,4.229815916339333022e-03,3.443963112982290596e-03,2.763810222202799788e-03,1.978957023841867655e-03,1.341558703768495810e-03,6.526581953327875675e-04,-1.266822584832756951e-04,-7.594232599275348551e-04,-1.356224227440791736e-03,-1.859549739563650175e-03,-2.226182142118269570e-03,-2.554698255694492267e-03,-2.846954200659131736e-03,-3.071263408286277041e-03,-3.241592217077899664e-03,-3.384519325467179145e-03,-3.503758472953893109e-03,-3.602197332918099463e-03,-3.683853446773398613e-03
-1.153860838823203214e-02,-1.123116038286819246e-02,-1.088863750814893575e-02,-1.048546545590460337e-02,-1.004899675286609860e-02,-9.577081248072230601e-03,-9.067667305584215659e-03,-8.534458724131622695e-03,-7.964197350797981925e-03,-7.355263972580761492e-03,-6.705591787438329281e-03,-6.012079393284866513e-03,-5.272731711194241638e-03,-4.454427481307861141e-03,-3.513268121462525748e-03,-2.518499907080111542e-03,-1.507856244050678014e-03,-4.933262056083609435e-04,4.947207075909410608e-04,1.432226684159275659e-03,2.312095850882624030e-03,3.164022131948463715e-03,3.976493542739891439e-03,4.681152700927494054e-03,5.255979640445090223e-03,5.708125524089568276e-03,5.937266698495322417e-03,5.968521527785651190e-03,5.779079729747817196e-03,5.350221349913308888e-03,5.081716480138031775e-03,4.585074399030149815e-03,3.799161581282246847e-03,3.118832836421280529e-03,2.333827328854486734e-03,1.696082309247622967e-03,1.007107133018652007e-03,2.279380687389027113e-04,-4.053114094929487687e-04,-1.002123071250973383e-03,-1.505621002111478916e-03,-1.872160730785891970e-03,-2.200817287202674281e-03,-2.492927149857417958e-03,-2.717539950659071581e-03,-2.888007985995642932e-03,-3.030795445415093887e-03,-3.149848246168132550e-03,-3.248330586668240691e-03,-3.330016377300626818e-03
-1.124390131666810899e-02,-1.093670140633983337e-02,-1.059408682467824318e-02,-1.019129091397940473e-02,-9.754533129177258427e-03,-9.282141824340155861e-03,-8.773040562354639596e-03,-8.239741209328113949e-03,-7.669602541136555894e-03,-7.060286986495451118e-03,-6.410802331747732750e-03,-5.717237709235700564e-03,-4.978231255831863135e-03,-4.159841135068462550e-03,-3.218525904340778336e-03,-2.223628997389896864e-03,-1.212457260563560429e-03,-1.980300243559763825e-04,7.898529169210740742e-04,1.727357042988694313e-03,2.606952848391554112e-03,3.458983637298955471e-03,4.271331044477208114e-03,4.976475656699805815e-03,5.550889874754242823e-03,6.003080517802156235e-03,6.232120408547986955e-03,6.263191403171768958e-03,6.073540016371933858e-03,5.644216895598144768e-03,5.375800552068616539e-03,4.879269041282915768e-03,4.092747607388882991e-03,3.412562772270318068e-03,2.627377743913016442e-03,1.989781118735879997e-03,1.301042548463802019e-03,5.209773000974246083e-04,-1.120572609974537125e-04,-7.091264031909641496e-04,-1.212873939431121165e-03,-1.579442963711335472e-03,-1.908010233224859478e-03,-2.200153751043753929e-03,-2.424826333606050922e-03,-2.595292349139060022e-03,-2.738028212050714651e-03,-2.857623198708244411e-03,-2.955948389785266906e-03,-3.037493528057408181e-03
-1.100213277878626592e-02,-1.069451966187990981e-02,-1.035186926167725417e-02,-9.948892619736155601e-03,-9.512350825714921063e-03,-9.040216355827454531e-03,-8.530896781506475471e-03,-7.997623217684067531e-03,-7.427425091651802987e-03,-6.818578360991698825e-03,-6.168999510824580215e-03,-5.475726601334405218e-03,-4.736163406550922099e-03,-3.917898119187046904e-03,-2.976425600956131203e-03,-1.981566307666079389e-03,-9.703119068919104865e-04,4.432555577593497848e-05,1.031959368846554689e-03,1.969643285728750644e-03,2.848613229810302138e-03,3.700955245543089463e-03,4.513442481802128030e-03,5.218152834378850073e-03,5.793150856617121369e-03,6.245016593849479075e-03,6.474250974945567824e-03,6.504994490379747279e-03,6.314958205998748297e-03,5.885440486068151469e-03,5.617320367299934690e-03,5.120549182819136846e-03,4.334060885349649318e-03,3.653552602984196877e-03,2.867921144065399205e-03,2.230634053567255234e-03,1.541631283321376030e-03,7.620250619847616664e-04,1.286652393351535859e-04,-4.685228791915947689e-04,-9.724629184998692622e-04,-1.339195909387367982e-03,-1.667714972827770859e-03,-1.959814415101361531e-03,-2.184504052075908562e-03,-2.354868446679334558e-03,-2.497653017985828391e-03,-2.616715487480203266e-03,-2.715643069436868805e-03,-2.797505012650078511e-03
-1.080453342438469043e-02,-1.049692149443728212e-02,-1.015457751607375982e-02,-9.751407631649935612e-03,-9.314243286347853243e-03,-8.842455113154772811e-03,-8.333184212724161627e-03,-7.799727021432211263e-03,-7.229670236040677996e-03,-6.621040439545696626e-03,-5.971195273180726626e-03,-5.277644584829122368e-03,-4.538652224671472189e-03,-3.720429439502880194e-03,-2.778724766981215729e-03,-1.783399184468097446e-03,-7.722832011700787695e-04,2.421740815485945127e-04,1.229788150277080164e-03,2.167417443413480020e-03,3.047106396512064448e-03,3.898840469840437160e-03,4.711428928745750588e-03,5.415872774092160558e-03,5.990881517313623346e-03,6.443263541999325050e-03,6.672034326804274044e-03,6.702715677665123384e-03,6.512627003578751010e-03,6.082683901394589365e-03,5.814275026012320595e-03,5.317891121327839206e-03,4.530972113906154772e-03,3.850509598309813375e-03,3.064781518450132580e-03,2.427652401088083514e-03,1.738729895474736302e-03,9.582408738349275541e-04,3.252315918085630286e-04,-2.719962900940123859e-04,-7.760544110771814977e-04,-1.142295371344204070e-03,-1.471145039177804755e-03,-1.763353544815257417e-03,-1.988039931432019226e-03,-2.158435004795588620e-03,-2.301293169941178145e-03,-2.420526742600719733e-03,-2.519213714487454191e-03,-2.600761757571404525e-03
-1.064294177018884451e-02,-1.033554442044518074e-02,-9.992981146860192149e-03,-9.589654351458873696e-03,-9.153358039594692436e-03,-8.681186114973501664e-03,-8.171705939525080592e-03,-7.638228758044804390e-03,-7.067892704855255857e-03,-6.458839021234652998e-03,-5.809760511527033155e-03,-5.116258633241085700e-03,-4.377035538069277976e-03,-3.558690620815112195e-03,-2.617024280720458076e-03,-1.621685973043236360e-03,-6.109848187507880505e-04,4.044146433492083466e-04,1.391727244271306896e-03,2.329352461311424635e-03,3.208719801674923128e-03,4.060725205052287921e-03,4.872736684273554393e-03,5.577718810544442934e-03,6.152604706444784501e-03,6.604779516623890227e-03,6.833595031935104334e-03,6.864398733944189132e-03,6.673649991277948862e-03,6.243913452289103980e-03,5.975618924729445176e-03,5.479273397227596085e-03,4.691729995407790434e-03,4.011118143731440093e-03,3.225410539601090542e-03,2.588329155014855009e-03,1.899866709206752408e-03,1.119514841801988632e-03,4.856727309022629562e-04,-1.118966823143893968e-04,-6.156839830957279869e-04,-9.819156280596466960e-04,-1.310653494483280225e-03,-1.603003101756880679e-03,-1.827541224541788393e-03,-1.998028613792795886e-03,-2.140801622183967010e-03,-2.259958285116070355e-03,-2.358927194192703396e-03,-2.440864299550650398e-03
-1.051076711517114765e-02,-1.020331863374762497e-02,-9.860860109893510028e-03,-9.457763781610195944e-03,-9.021138037177774474e-03,-8.549065210166970422e-03,-8.039309308730107143e-03,-7.506328639921497348e-03,-6.936077757595872015e-03,-6.327134718419329118e-03,-5.677472712779131972e-03,-4.984924119225284112e-03,-4.245413010569706533e-03,-3.427152487814203678e-03,-2.485286961615332680e-03,-1.489592530302188966e-03,-4.787439237172205590e-04,5.361651050936552549e-04,1.523925118144594344e-03,2.461384350540716300e-03,3.340694330103886889e-03,4.192677855481859520e-03,5.004896913913306142e-03,5.709703820858352645e-03,6.284416162435889526e-03,6.736857971394455934e-03,6.965390655447704915e-03,6.995896225153050429e-03,6.805762977492583327e-03,6.375073547630256444e-03,6.107133342033613070e-03,5.610721413635356807e-03,4.823576332410149312e-03,4.143054125820843508e-03,3.356973376776102146e-03,2.720043138918206913e-03,2.030795907326744722e-03,1.250708540257269158e-03,6.172434475241016108e-04,1.982702370979998747e-05,-4.844435267733745239e-04,-8.510018311048083393e-04,-1.179506629112631868e-03,-1.471508140130056925e-03,-1.696450375842909917e-03,-1.866877952166070458e-03,-2.009518972656961118e-03,-2.128811053787749846e-03,-2.227832691034538955e-03,-2.310028853847343085e-03
-1.040343014534741636e-02,-1.009611384203103895e-02,-9.753255362985640414e-03,-9.350031298552479581e-03,-8.913535454220229345e-03,-8.441063032915694861e-03,-7.931675904896925630e-03,-7.398503112790649067e-03,-6.828206410829218594e-03,-6.219623402944136036e-03,-5.569992636601492179e-03,-4.876790946599848624e-03,-4.137707841125127031e-03,-3.319615457311337822e-03,-2.377290646690298753e-03,-1.381930811508557365e-03,-3.703475787606867113e-04,6.442493516002097262e-04,1.632310291512684532e-03,2.569851206676809080e-03,3.448466674067946283e-03,4.300621601438907489e-03,5.112903641505571993e-03,5.817983290426618180e-03,6.392969432710513336e-03,6.844541705353771911e-03,7.073386454907272525e-03,7.103971557350358297e-03,6.913399806971934347e-03,6.482586384502803979e-03,6.214700368112376604e-03,5.718003250611295753e-03,4.930467725353319952e-03,4.250062547508376941e-03,3.463974011667985027e-03,2.827332375368913145e-03,2.138414481916465441e-03,1.358065808992675464e-03,7.240472460557311439e-04,1.259464837826775908e-04,-3.782929447747089492e-04,-7.441746703802875305e-04,-1.072891366292091355e-03,-1.364925531298992337e-03,-1.589571275345588470e-03,-1.759970232502872881e-03,-1.902385893474574851e-03,-2.021599226717853050e-03,-2.120631443323165062e-03,-2.202881423117719964e-03
-1.031531025379229041e-02,-1.000835477031782050e-02,-9.665897374556609370e-03,-9.262151409614794925e-03,-8.825284432325450693e-03,-8.352972211679439776e-03,-7.843602677745708379e-03,-7.310312947978669755e-03,-6.740158966286889479e-03,-6.131437474992501059e-03,-5.482006889363463288e-03,-4.789070297104558276e-03,-4.050112335981328505e-03,-3.231942869847633393e-03,-2.290140586066578485e-03,-1.293753466593727764e-03,-2.824466859359741982e-04,7.326167745433246128e-04,1.720013328997441540e-03,2.657837041119748799e-03,3.536080819397641357e-03,4.388176622707039287e-03,5.201076663606079599e-03,5.905449972994560905e-03,6.480496922804397653e-03,6.933303391734116534e-03,7.161620273800898238e-03,7.191809244962500333e-03,7.001370019069241661e-03,6.570139107949550354e-03,6.302931818625537481e-03,5.804990107387413521e-03,5.018113128340304790e-03,4.337548921178055808e-03,3.551490878846160805e-03,2.915022285933879190e-03,2.226026711105217985e-03,1.444931826866068230e-03,8.115828038196219035e-04,2.138999016160665623e-04,-2.905747605045987353e-04,-6.570601917034590974e-04,-9.855393588685847084e-04,-1.277572400987025958e-03,-1.502336422312825284e-03,-1.672322926269207560e-03,-1.814790754857732030e-03,-1.933784447201915497e-03,-2.032597268861186923e-03,-2.115022335400918666e-03
