-2.776265423874748665e-05,6.287169251914340737e-04,1.342033252713487794e-03,2.135144060736127777e-03,3.034711211135983529e-03,3.986820765776775619e-03,4.991507209378942198e-03,6.111913802659502300e-03,7.324037984089193203e-03,8.625420002019632687e-03,9.980542446860182770e-03,1.144860667401705751e-02,1.309380635134731533e-02,1.484758222476128577e-02,1.666305184704151149e-02,1.861143189430447889e-02,2.052379270178725235e-02,2.241931592450351063e-02,2.453211327561666613e-02,2.663137800645718964e-02,2.859113665655628120e-02,3.030559667833820567e-02,3.198885420057686474e-02,3.344114989283777928e-02,3.462418510161543311e-02,3.549120997740130151e-02,3.603226138710961118e-02,3.614027693315038925e-02,3.578867585620290614e-02,3.543891221216142334e-02,3.443941976696445612e-02,3.333130185499517950e-02,3.201105354845292655e-02,3.048325779647094100e-02,2.896035548732020515e-02,2.738458387833402063e-02,2.591450017582339060e-02,2.450626526118513879e-02,2.319597877962880153e-02,2.207553459586032024e-02,2.111363174475212531e-02,2.025724441110272889e-02,1.958605219176394116e-02,1.898784664729598684e-02,1.851145374425997026e-02,1.816658951945068420e-02,1.787431780734104192e-02,1.763284854261124371e-02,1.742323748970214456e-02,1.726823994727263306e-02
-6.858564502243411944e-04,-2.974297738715719482e-05,6.831889757647989763e-04,1.475842773800812701e-03,2.374942955839193931e-03,3.326513975748878523e-03,4.330638850980944067e-03,5.450428695530782491e-03,6.661883464835195896e-03,7.962508399938478254e-03,9.316886645269998810e-03,1.078408954701758765e-02,1.242840350705557741e-02,1.418120679131019447e-02,1.599569062589897839e-02,1.794300571414677442e-02,1.985426425986282911e-02,2.174868359525137379e-02,2.386034884875458395e-02,2.595854626489263808e-02,2.791719499929708193e-02,2.963063398773328055e-02,3.131297843317736029e-02,3.276447993068232201e-02,3.394688673342578095e-02,3.481346807530805165e-02,3.535421854795844226e-02,3.546220219468880497e-02,3.511072953611592273e-02,3.476132835745585070e-02,3.376239954571150226e-02,3.265497131813441256e-02,3.133547417121462786e-02,2.980854204520650905e-02,2.828655422076158804e-02,2.671168102718483525e-02,2.524248454108736148e-02,2.383515849594314631e-02,2.252543231858272765e-02,2.140559961538058067e-02,2.044439919847793399e-02,1.958828533503386565e-02,1.891734812242626060e-02,1.831949760156406301e-02,1.784323749384407465e-02,1.749885167960488555e-02,1.720714294792150684e-02,1.696554332488747069e-02,1.675536293972417282e-02,1.660177158384483834e-02
-1.405459917664541106e-03,-7.497514025308952244e-04,-3.726011763518232871e-05,7.549363647574564408e-04,1.653543202034739139e-03,2.604503795074274847e-03,3.607996311862228349e-03,4.727122583833192997e-03,5.937812186929109122e-03,7.237674173976634678e-03,8.591186454125010821e-03,1.005747318770595228e-02,1.170073388790148980e-02,1.345258002644068862e-02,1.526594484934245752e-02,1.721208763901076882e-02,1.912215880746176433e-02,2.101535847653000777e-02,2.312583144522584871e-02,2.522275522229599706e-02,2.718025956099791307e-02,2.889257877885171091e-02,3.057393941513657579e-02,3.202455734739831361e-02,3.320627886999864831e-02,3.407233474146018765e-02,3.461280687439340781e-02,3.472072415315605176e-02,3.436940371138973854e-02,3.402040373191104333e-02,3.302204644571913456e-02,3.191537567916596235e-02,3.059675970692814564e-02,2.907077139409292368e-02,2.754979253983150939e-02,2.597588670673192310e-02,2.450764787358206478e-02,2.310114088217106801e-02,2.179229315931919056e-02,2.067307832286999908e-02,1.971257208800341124e-02,1.885698030944349055e-02,1.818676830491970653e-02,1.758929520783741526e-02,1.711324351478760858e-02,1.676892027907486010e-02,1.647743771534502036e-02,1.623649298254702111e-02,1.602634798232480118e-02,1.587116425464448616e-02
-2.191575402878761028e-03,-1.536310242510587282e-03,-8.242862423478178411e-04,-3.263898138316967710e-05,8.653660144156074966e-04,1.815764826335688337e-03,2.818573420092604365e-03,3.936967035781168377e-03,5.146879595504008122e-03,6.445855477276488631e-03,7.798422003864247630e-03,9.263701628224865411e-03,1.090593783009054588e-02,1.265656736691860886e-02,1.446873701590287858e-02,1.641365600499656088e-02,1.832239648767951257e-02,2.021426271839316113e-02,2.232334942579787540e-02,2.441900424177639167e-02,2.637521593595934175e-02,2.808632710910571872e-02,2.976656713327478776e-02,3.121626651123927260e-02,3.239718411151711747e-02,3.326269534096495950e-02,3.380286374322966081e-02,3.391067487264794872e-02,3.355958128386372225e-02,3.321101005548081353e-02,3.221327013874510092e-02,3.110737685774061026e-02,2.978975742773983665e-02,2.826484309279069310e-02,2.674494266833343792e-02,2.517212376166583221e-02,2.370489902595549273e-02,2.229935710680356481e-02,2.099137899657329762e-02,1.987297269564609198e-02,1.891293979839289360e-02,1.805816132129069509e-02,1.738832704894095749e-02,1.679110520469390480e-02,1.631551571473350074e-02,1.597168135512963202e-02,1.568003889909614160e-02,1.543929367755683506e-02,1.523057528393265310e-02,1.507511671733537464e-02
-3.049327018647633031e-03,-2.394515530156830167e-03,-1.683019344934480943e-03,-8.919514573006312669e-04,5.432775835210981090e-06,9.551439283686419300e-04,1.957246854011121095e-03,3.074792322788479342e-03,4.283836605595953660e-03,5.581862683683963544e-03,6.933403761289794534e-03,8.397587518201405157e-03,1.003866882245037055e-02,1.178803973522279946e-02,1.359889715005649195e-02,1.554244093131764218e-02,1.744974826283970937e-02,1.934014922759508953e-02,2.144782291066439292e-02,2.354195439124179973e-02,2.549679861764873184e-02,2.720659951015047887e-02,2.888565569120148460e-02,3.033429499105394153e-02,3.151439857236368325e-02,3.237930659227433727e-02,3.291911538019506867e-02,3.302687627597583608e-02,3.267592405823110946e-02,3.232781689526408736e-02,3.133075944133628665e-02,3.022581497652578747e-02,2.890920385445742979e-02,2.738540908308920163e-02,2.586670463522002320e-02,2.429502242787059257e-02,2.282899025102769208e-02,2.142454829244637773e-02,2.011747874694970808e-02,1.900004877101776901e-02,1.804079726468266892e-02,1.718633004389882868e-02,1.651681367727610844e-02,1.592030919597662783e-02,1.544525151511783913e-02,1.510115507724433051e-02,1.481030237046997676e-02,1.456916774131298414e-02,1.435795219258717732e-02,1.420543242411738231e-02
-3.983906823287760614e-03,-3.329626262093756447e-03,-2.618693517548828075e-03,-1.828252745164487235e-03,-9.315391762072255683e-04,1.743584138069442362e-05,1.018710556547806467e-03,2.135391981572330299e-03,3.343456632329329815e-03,4.640471732487377356e-03,5.990901335326918008e-03,7.453880464768835798e-03,9.093680334642542662e-03,1.084170288797548648e-02,1.265112770229360160e-02,1.459316581076027484e-02,1.649895578096108664e-02,1.838773241234743783e-02,2.049379153045518751e-02,2.258638817678624428e-02,2.453967756433094241e-02,2.624803483166143758e-02,2.792578771433277054e-02,2.937329413654259438e-02,3.055249374938751039e-02,3.141671506449499052e-02,3.195618313561998658e-02,3.206383820081443875e-02,3.171311728457883866e-02,3.136553502485631140e-02,3.036921418803801079e-02,2.926521524349744510e-02,2.794976901382302883e-02,2.642722083737107305e-02,2.490973620569849473e-02,2.333941222039008154e-02,2.187460495392978821e-02,2.047126567954412127e-02,1.916530523874227648e-02,1.804876367628639039e-02,1.709014082117954123e-02,1.623689740217030761e-02,1.556743766553279028e-02,1.497177633081364298e-02,1.449642786585149390e-02,1.415341513040469651e-02,1.386264037494975253e-02,1.362210929890464266e-02,1.341138883913237968e-02,1.325731736562280744e-02
-5.000474762052118001e-03,-4.346755733274807083e-03,-3.636455644632803543e-03,-2.846671542804509510e-03,-1.950713308128312765e-03,-1.002540873235186749e-03,-2.168463472271892201e-06,1.113574278900967413e-03,2.320627070929993235e-03,3.616498879837919209e-03,4.965705524831057899e-03,6.427388929780434960e-03,8.065796331289405707e-03,9.812332166456031249e-03,1.162020644032783420e-02,1.356061848488278147e-02,1.546469301949303030e-02,1.735176451221023125e-02,1.945608349780075103e-02,2.154697373528422985e-02,2.349859006723666044e-02,2.520535047303138279e-02,2.688169277393004722e-02,2.832797525514489656e-02,2.950617557248733092e-02,3.036969268312435938e-02,3.090873307827990760e-02,3.101630963501316243e-02,3.066579924612073196e-02,3.031876699396442859e-02,2.932330577381929426e-02,2.822034391878682630e-02,2.690616297828562348e-02,2.538491322133418215e-02,2.386892352575775006e-02,2.230001835370695046e-02,2.083648232391543953e-02,1.943446409630022673e-02,1.812952658242869206e-02,1.701392382417471483e-02,1.605621339895075064e-02,1.520322038415624841e-02,1.453503760811684746e-02,1.393934922756109689e-02,1.346499294648240662e-02,1.312164503621557517e-02,1.283148039231305805e-02,1.259048783389328692e-02,1.238208426168117479e-02,1.222712358259727544e-02
-6.103979650684772384e-03,-5.450856256341491887e-03,-4.741214434674703021e-03,-3.952194896788166316e-03,-3.057016544768845559e-03,-2.109722056941930844e-03,-1.110293855491632439e-03,4.393927074243384051e-06,1.210324128500366633e-03,2.504950272920643262e-03,3.852857834082397230e-03,5.313117809259575164e-03,6.949999065114327232e-03,8.694956130224603882e-03,1.050111720724210100e-02,1.243976793113491831e-02,1.434202095110528874e-02,1.622719436434060317e-02,1.832958585458158846e-02,2.041864543233742196e-02,2.236845596532488489e-02,2.407352295097867426e-02,2.574832324101773359e-02,2.719327594173798907e-02,2.837038702650603386e-02,2.923314094497003052e-02,2.977173002616415390e-02,2.987920019850368730e-02,2.952897647070471671e-02,2.918250934277667394e-02,2.818791326098152653e-02,2.708612959062504932e-02,2.577325670597881146e-02,2.425355304572692286e-02,2.273903370229314949e-02,2.117164358918787251e-02,1.970958829610005431e-02,1.830882498052186988e-02,1.700523388970127600e-02,1.589078337148400535e-02,1.493400715998157054e-02,1.408203543766770038e-02,1.341445481350825829e-02,1.281902523298116166e-02,1.234517617919829620e-02,1.200247266083218946e-02,1.171211934824886551e-02,1.147210354659400529e-02,1.126216996691936471e-02,1.110920251131967441e-02
-7.298819880057088628e-03,-6.646388842285172634e-03,-5.937491401156929326e-03,-5.149233105755552341e-03,-4.254932835740218681e-03,-3.308601190452914280e-03,-2.310212732513300306e-03,-1.196644507050338962e-03,8.053074704895998821e-06,1.301422729511659843e-03,2.647853357860583106e-03,4.106563512317060877e-03,5.741796757847411961e-03,7.485042596572356530e-03,9.289354045334097254e-03,1.122607368662258132e-02,1.312631993756062723e-02,1.500947528083886040e-02,1.710984330543381671e-02,1.919685218255351433e-02,2.114471422486341110e-02,2.284792271370697514e-02,2.452106841819846547e-02,2.596456229685119993e-02,2.714054036300656350e-02,2.800239727297815576e-02,2.854051497899053047e-02,2.864789674012000603e-02,2.829791227288054253e-02,2.795212520207858431e-02,2.695848218432617127e-02,2.585793323344072123e-02,2.454652171663202626e-02,2.302838866157448997e-02,2.151555196276615234e-02,1.994974894801610985e-02,1.848934395484609292e-02,1.709011372977374543e-02,1.578773455358850955e-02,1.467451760168891201e-02,1.371900511749315349e-02,1.286774106460065667e-02,1.220067475484508043e-02,1.160612905656860025e-02,1.113279061809589396e-02,1.079045627957836775e-02,1.050017317431274112e-02,1.025984806470889299e-02,1.005141044800285550e-02,9.897574935745343319e-03
-8.588807683430111500e-03,-7.937097300627070709e-03,-7.228990492814246251e-03,-6.441599583540923157e-03,-5.548247701763406141e-03,-4.602925946313608102e-03,-3.605657094048469926e-03,-2.493310585194762324e-03,-1.289929524062184696e-03,1.964016836698948974e-06,1.346877491309828121e-03,2.803941077311633123e-03,4.437383287848403572e-03,6.178766690288855189e-03,7.981086128114350808e-03,9.915738750037849866e-03,1.181385138135703471e-02,1.369477040301369207e-02,1.579295555273705493e-02,1.787776443935530299e-02,1.982350611811005761e-02,2.152471481437937331e-02,2.319605550341224953e-02,2.463800575510985066e-02,2.581268026642258295e-02,2.667365568850781424e-02,2.721124525206505482e-02,2.731850686000272810e-02,2.696882227171161842e-02,2.662369949460743901e-02,2.563114065725109400e-02,2.453192417357143162e-02,2.322207967579477048e-02,2.170567761155922301e-02,2.019457818826743412e-02,1.863061410020665568e-02,1.717192342389890075e-02,1.577422244137093726e-02,1.447347641440061353e-02,1.336131648926294248e-02,1.240674850242364478e-02,1.155640153653013889e-02,1.089046028530404712e-02,1.029614002929633669e-02,9.823464264915338431e-03,9.481085268747937306e-03,9.191523150237398965e-03,8.951705707580593849e-03,8.743000940847458005e-03,8.590051096593666682e-03
-9.976545147727850643e-03,-9.325618544567980048e-03,-8.618333616174329165e-03,-7.831889633049531063e-03,-6.939537901351606163e-03,-5.995337787418711720e-03,-4.999276850994545211e-03,-3.888238917372247201e-03,-2.686286090025429788e-03,-1.395932911982806016e-03,-5.266791083344506667e-05,1.402599415544408595e-03,3.034172600063919471e-03,4.773478177468121197e-03,6.573674105735793222e-03,8.506090525357015708e-03,1.040187335909992759e-02,1.228043217904497414e-02,1.437624173040224530e-02,1.645869095794276829e-02,1.840213950433012072e-02,2.010120686646670041e-02,2.177058155310618304e-02,2.321083408238168444e-02,2.438416315157212674e-02,2.524414785853015819e-02,2.578119145081863434e-02,2.588832205454253896e-02,2.553892682774470957e-02,2.519461137862086947e-02,2.420313172629814935e-02,2.310538653855398472e-02,2.179723008594853378e-02,2.028269759774292344e-02,1.877356799979235796e-02,1.721154278039077959e-02,1.575463298317995517e-02,1.435870771189358928e-02,1.305925053971705024e-02,1.194885165088000779e-02,1.099534276164025950e-02,1.014592996658219073e-02,9.480368645822905005e-03,8.887270585521137717e-03,8.414953315900780551e-03,8.073561395695309784e-03,7.784254032943261833e-03,7.545138635313783197e-03,7.335851192177337415e-03,7.183474409961656225e-03
-1.146308724400341497e-02,-1.081296183956089590e-02,-1.010660249759092258e-02,-9.321142356225244757e-03,-8.429877810024622581e-03,-7.486880488337234810e-03,-6.492106999525858874e-03,-5.382458184035164399e-03,-4.182054126273692177e-03,-2.893352608282037230e-03,-1.551891973680231181e-03,-9.853153083587511661e-05,1.530997130501561901e-03,3.268131241967697255e-03,5.066028788929970161e-03,6.996035408987676465e-03,8.889325985297198002e-03,1.076533924331894536e-02,1.285858219197965301e-02,1.493850881258054590e-02,1.687951774417381298e-02,1.857628315474260314e-02,2.024357533592598124e-02,2.168200976033995628e-02,2.285386867129811372e-02,2.371280230001615238e-02,2.424924039991116845e-02,2.435624178281143443e-02,2.400717792474721043e-02,2.366368058618599501e-02,2.267342227217133618e-02,2.157723654248781472e-02,2.027086549834124923e-02,1.875828013410801506e-02,1.725127813385066849e-02,1.569128792920859022e-02,1.423638153727194329e-02,1.284237943736519713e-02,1.154463206986744081e-02,1.043543285078020119e-02,9.483275946142266308e-03,8.634964210031336254e-03,7.970455486300973003e-03,7.377926859576580849e-03,6.906358009616276987e-03,6.564803649603373828e-03,6.276643205877958931e-03,6.037612328670230281e-03,5.831391968085949951e-03,5.676453685701290594e-03
-1.304730881179392427e-02,-1.239807150552268630e-02,-1.169270037002059434e-02,-1.090829516067230026e-02,-1.001821053156367984e-02,-9.076456341714196976e-03,-8.083075435744246570e-03,-6.974955542547222991e-03,-5.776160292086068675e-03,-4.489230759127430491e-03,-3.149670075819699724e-03,-1.698371315341427185e-03,-7.102111279720676562e-05,1.663775802005566925e-03,3.459224215753640540e-03,5.386663599357322321e-03,7.277291238031462564e-03,9.150581730680059506e-03,1.124111193999897430e-02,1.331832959840608364e-02,1.525673597156458269e-02,1.695101299635406317e-02,1.861607607155198879e-02,2.005257604458425894e-02,2.122287489967278687e-02,2.208069458649582553e-02,2.261645295818395102e-02,2.272330820967338738e-02,2.237460000505041291e-02,2.203197782449353714e-02,2.104301386627900269e-02,1.994848696964674623e-02,1.864408372292459745e-02,1.713363143812503264e-02,1.562881884596225776e-02,1.407099634794977371e-02,1.261824840054897624e-02,1.122605780787130046e-02,9.930206671535764945e-03,8.822770587145225413e-03,7.871754509644227765e-03,7.024576362187943956e-03,6.361479794975911234e-03,5.769487638829911072e-03,5.298427965760966508e-03,4.957791833279791109e-03,4.669543397912004519e-03,4.430741389870886636e-03,4.222259391430594443e-03,4.069204601125063665e-03
-1.472536634220489998e-02,-1.407709161778535750e-02,-1.337274420436248765e-02,-1.258945368840797170e-02,-1.170059915020683905e-02,-1.076020307116281639e-02,-9.768297244327806689e-03,-8.661757075328438762e-03,-7.464712954043785896e-03,-6.179668262777358173e-03,-4.842162885963371792e-03,-3.393017301534878571e-03,-1.767998040862642489e-03,-3.565304144727342132e-05,1.757170803446902931e-03,3.681898718309097821e-03,5.569704621028409228e-03,7.440076068584638297e-03,9.527699957315192980e-03,1.160205615978496599e-02,1.353767670681945562e-02,1.522932632319975305e-02,1.689203319768968481e-02,1.832647558076237748e-02,1.949511333620800729e-02,2.035173485977562202e-02,2.088680880425816330e-02,2.099348976202724745e-02,2.064517967976453594e-02,2.030347077316547663e-02,1.931584695370065774e-02,1.822311043520494916e-02,1.692075010529750859e-02,1.541256195178148346e-02,1.391007956061973867e-02,1.235466924821540698e-02,1.090414596448319173e-02,9.514194608309975432e-03,8.220124039512742564e-03,7.114204718427774576e-03,6.164843450829957279e-03,5.318731479133910652e-03,4.656379166660180001e-03,4.065387090180279210e-03,3.595196160033497026e-03,3.255340829357274493e-03,2.966941901483513555e-03,2.729442031634026020e-03,2.521200115166973531e-03,2.368924398266475471e-03
-1.648986029910189111e-02,-1.584258779240596895e-02,-1.513933282966913561e-02,-1.435724184852954673e-02,-1.346968720966927949e-02,-1.253072158688984562e-02,-1.154035911812780271e-02,-1.043553069042346335e-02,-9.240305612893524867e-03,-7.957236547566552340e-03,-6.621866950241305470e-03,-5.175042948943883031e-03,-3.552464932357824162e-03,-1.822746993101444701e-03,-3.265621527220298416e-05,1.889186998067087257e-03,3.773988891337341865e-03,5.641321824141592133e-03,7.725890323739702595e-03,9.797211403147822531e-03,1.172987322072107513e-02,1.341877189835454995e-02,1.507894704264600011e-02,1.651125261445103229e-02,1.767811381814338167e-02,1.853345619527897378e-02,1.906782466726494527e-02,1.917433093144642331e-02,1.882640158801188873e-02,1.848569209597363677e-02,1.749951271395416841e-02,1.640861810483044622e-02,1.510844845508597240e-02,1.360266758364242663e-02,1.210266757317600070e-02,1.054965774639899344e-02,9.101562309211955193e-03,7.713764702712828589e-03,6.421791316852315697e-03,5.317612587874321478e-03,4.369786067354807998e-03,3.524790424852513714e-03,2.863877755076768821e-03,2.273924756017900277e-03,1.804264251563099213e-03,1.464798217901166957e-03,1.177383889033385266e-03,9.393591681104312453e-04,7.323728131826731224e-04,5.799014646720741101e-04
-1.832911565524386610e-02,-1.768287848522298589e-02,-1.698079429518016895e-02,-1.619993119856552935e-02,-1.531375032023194437e-02,-1.437627269655681120e-02,-1.338754473698409130e-02,-1.228448207615239450e-02,-1.109117678164101180e-02,-9.810214179530899956e-03,-8.477077087929685631e-03,-7.032667936787953024e-03,-5.412686049997530308e-03,-3.685684955883969903e-03,-1.898474208418632868e-03,2.035845253679243973e-05,1.902031237320838753e-03,3.766135093187992361e-03,5.847489039026376734e-03,7.915636453798604796e-03,9.845232979410048491e-03,1.153118513479875311e-02,1.318873633290660458e-02,1.461875142425308506e-02,1.578382309663523692e-02,1.663782059393816362e-02,1.717140967484849165e-02,1.727776006542724313e-02,1.693023865625448154e-02,1.659054321560049505e-02,1.560585814987502234e-02,1.451691528119712291e-02,1.321909416233579132e-02,1.171577529614042240e-02,1.021839086846254400e-02,8.667981609288609099e-03,7.222349345208623275e-03,5.836837354588545260e-03,4.546931082984034291e-03,3.444631432169335122e-03,2.498406496115487992e-03,1.655090073306868508e-03,9.951705025630147236e-04,4.053336029064386579e-04,-6.306914512007141165e-05,-4.020663701591882088e-04,-6.888683667695641877e-04,-9.264780149661944100e-04,-1.131804526790939572e-03,-1.285853396445745802e-03
-2.022638726485668365e-02,-1.958122259611685609e-02,-1.888033505298170045e-02,-1.810078633164035125e-02,-1.721599505364444435e-02,-1.628009548336000270e-02,-1.529305174104075155e-02,-1.419183128824090014e-02,-1.300053347028375453e-02,-1.172175429711408250e-02,-1.039093334580392519e-02,-8.949040184680172316e-03,-7.331712698645650658e-03,-5.607565018994698294e-03,-3.823363145976662811e-03,-1.907678506115156403e-03,-2.926826237075870973e-05,1.831516139122099304e-03,3.909525695632858240e-03,5.974367673588117100e-03,7.900756018524336677e-03,9.583714034615284719e-03,1.123848271230390439e-02,1.266614715413504413e-02,1.382930046487724704e-02,1.468189940324165881e-02,1.521470950884272130e-02,1.532086100519997572e-02,1.497377015524244993e-02,1.463513444256159084e-02,1.365203040284776979e-02,1.256514060394921251e-02,1.126963798985509101e-02,9.768952345378346599e-03,8.274258050000538045e-03,6.726493544709889229e-03,5.283498069017629473e-03,3.900416462277738524e-03,2.612751272364973419e-03,1.512241561634797369e-03,5.675627628820191376e-04,-2.741593132957719230e-04,-9.334451652321290637e-04,-1.521296593983778069e-03,-1.989682380179188907e-03,-2.328026095220005458e-03,-2.614277113154300086e-03,-2.850870264552560988e-03,-3.057309948427798345e-03,-3.209325072703217430e-03
-2.215916928520324583e-02,-2.151513885535111595e-02,-2.081546980801560198e-02,-2.003727219061080672e-02,-1.915397067570253839e-02,-1.821964960799175859e-02,-1.723435131767570710e-02,-1.613502700329371917e-02,-1.494577958379860426e-02,-1.366920765822252602e-02,-1.234080751809301865e-02,-1.090151531871343116e-02,-9.286947888355068584e-03,-7.565718418858171160e-03,-5.784618743685985241e-03,-3.872152292870557466e-03,-1.997090788166519873e-03,-1.397679910767844747e-04,1.934793079155006958e-03,3.996257284977437936e-03,5.919329844378489955e-03,7.599161721635405188e-03,9.251127768948558955e-03,1.067634828868207521e-02,1.183749491018845461e-02,1.268873499333880370e-02,1.322066684066634801e-02,1.332661511615091006e-02,1.297997212879913390e-02,1.264242774272173603e-02,1.166092574683929434e-02,1.057613174199093474e-02,9.283066448013167771e-03,7.784998143551914718e-03,6.293079465052834817e-03,4.748225138094871491e-03,3.307812494252565776e-03,1.927142557249778834e-03,6.416615408440140729e-04,-4.566450738077071142e-04,-1.399501941786967466e-03,-2.240184859859207372e-03,-2.897805467158318365e-03,-3.485064074420182213e-03,-3.952715380508143098e-03,-4.289973289596420505e-03,-4.575867747597721531e-03,-4.812692880868045531e-03,-5.018408288082236261e-03,-5.169885370175160422e-03
-2.409885709590984734e-02,-2.345596844212835888e-02,-2.275753872000595146e-02,-2.198071631047977467e-02,-2.109889004710678931e-02,-2.016618950431935120e-02,-1.918267938751564219e-02,-1.808530020783290920e-02,-1.689814434007896535e-02,-1.562384235093210172e-02,-1.429791491546645969e-02,-1.286123428506970312e-02,-1.124946784789643793e-02,-9.531220404547537800e-03,-7.753291155803986728e-03,-5.844118753566120671e-03,-3.972482044278589745e-03,-2.118652927448165090e-03,-4.755982614734655421e-05,2.010401463015715380e-03,3.930109836850261169e-03,5.606756343540564118e-03,7.255862037297625133e-03,8.678583956649726580e-03,9.837734596926824698e-03,1.068745125327954550e-02,1.121856520571183798e-02,1.132434294611006295e-02,1.097809178783071271e-02,1.064170268510177160e-02,9.661791403405471657e-03,8.579105787185513018e-03,7.288567829093811970e-03,5.793234872565306004e-03,4.304156693748151762e-03,2.762059583320911841e-03,1.324364050693435093e-03,-5.376154834075512880e-05,-1.337021720849636145e-03,-2.433431317854405345e-03,-3.374590365085569209e-03,-4.213404367186588013e-03,-4.870415740756740136e-03,-5.456141013848826021e-03,-5.922814891617879558e-03,-6.260145637565110027e-03,-6.545325226246503578e-03,-6.780835040219963458e-03,-6.987190761005652485e-03,-7.138208475562905081e-03
-2.601048393136275866e-02,-2.536875187239817642e-02,-2.467157337889074042e-02,-2.389612427781936943e-02,-2.301578676782011640e-02,-2.208473721940919232e-02,-2.110302561999295723e-02,-2.000756488076247189e-02,-1.882253098863297461e-02,-1.755051576807016567e-02,-1.622702599799796808e-02,-1.479303328574746099e-02,-1.318408556372172372e-02,-1.146885851255304706e-02,-9.694057478918799431e-03,-7.788198658588807270e-03,-5.920030834761903435e-03,-4.069709766689246291e-03,-2.002181035155619748e-03,5.233735798706368235e-05,1.968644752555766264e-03,3.642082489685565146e-03,5.288300749689073960e-03,6.708508433338857165e-03,7.865619175219407469e-03,8.713872522508825380e-03,9.244120448485012784e-03,9.349695267517459454e-03,9.003877985923180310e-03,8.668595648810603627e-03,7.690276439984054628e-03,6.609739398201322502e-03,5.321691104150494574e-03,3.829044311565469368e-03,2.342826066423445847e-03,8.035470240557174293e-04,-6.314164467371293724e-04,-2.006977249327906044e-03,-3.287928390013258092e-03,-4.382161576219525088e-03,-5.321736865116199686e-03,-6.159259216731834997e-03,-6.814819857700587374e-03,-7.399901097846281819e-03,-7.865430846522697070e-03,-8.201967573211956311e-03,-8.486863537343824690e-03,-8.722016229391855308e-03,-8.928829084119278489e-03,-9.078253774774263513e-03
-2.785327411258189945e-02,-2.721267367462389813e-02,-2.651673862777409810e-02,-2.574265349149508497e-02,-2.486380729046016799e-02,-2.393437414884137804e-02,-2.295442853877842360e-02,-2.186089240670655368e-02,-2.067795112701794474e-02,-1.940821608683314728e-02,-1.808714097745232549e-02,-1.665580402549671213e-02,-1.504966730615340045e-02,-1.333740455117753826e-02,-1.156575664083298732e-02,-9.663181850452262286e-03,-7.798432167162188712e-03,-5.951616530931818326e-03,-3.887565302727946388e-03,-1.836520850428962400e-03,7.642854209430292585e-05,1.746696893511781330e-03,3.390033090270267151e-03,4.807731458432037974e-03,5.962831300529760833e-03,6.809591224516371895e-03,7.339008982389503243e-03,7.444339433949361158e-03,7.098943882326881616e-03,6.764729049443941704e-03,5.788073355940597658e-03,4.709581400243023630e-03,3.424027374091910721e-03,1.934002020330025627e-03,4.505700591063026067e-04,-1.085914605379293026e-03,-2.518161929193328281e-03,-3.891121258592681979e-03,-5.169905075643904148e-03,-6.262219664565346622e-03,-7.199881029084470065e-03,-8.036139499029749250e-03,-8.690427196644175470e-03,-9.274579087970002619e-03,-9.739434203758211631e-03,-1.007492987352458583e-02,-1.035917033295400379e-02,-1.059437218646360271e-02,-1.079946978718599425e-02,-1.094965872189141050e-02
-2.958158833474704499e-02,-2.894209167957756748e-02,-2.824738077750623896e-02,-2.747461764023676964e-02,-2.659721298362858338e-02,-2.566938353628842387e-02,-2.469116797283942011e-02,-2.359951928521412598e-02,-2.241860851154602735e-02,-2.115106746757533518e-02,-1.983245775610229661e-02,-1.840361210989928040e-02,-1.680024505665299317e-02,-1.509085748750033963e-02,-1.332230277588039753e-02,-1.142293619290412655e-02,-9.561501852651765193e-03,-7.718133758692838874e-03,-5.657464936537561981e-03,-3.609845731086979131e-03,-1.700149040784995581e-03,-3.303306318146134485e-05,1.607499665779599284e-03,3.022774305549001238e-03,4.175891731175402494e-03,5.021221843989978791e-03,5.549770949514879793e-03,5.654866936042248632e-03,5.309861285584962717e-03,4.976684881794286343e-03,4.001516966391924050e-03,2.925090433868737360e-03,1.641872383245310003e-03,1.545349565554510673e-04,-1.326240439958742846e-03,-2.860018633629736549e-03,-4.289644856080039766e-03,-5.660160588026314291e-03,-6.936897088454720139e-03,-8.027183991525441847e-03,-8.963199098074298501e-03,-9.797973137784209141e-03,-1.045107950655464919e-02,-1.103423760646508357e-02,-1.149813480012286740e-02,-1.183284173088292035e-02,-1.211637507630780250e-02,-1.235122670564119986e-02,-1.255775645523219894e-02,-1.270660848310812760e-02
-3.114679227207408502e-02,-3.050834977239413881e-02,-2.981481634824652630e-02,-2.904332100605010875e-02,-2.816730177207098923e-02,-2.724099448791826236e-02,-2.626444317622833244e-02,-2.517460630313688927e-02,-2.399564019051007857e-02,-2.273022192492735530e-02,-2.141383421404819201e-02,-1.998753357464290448e-02,-1.838678477782805867e-02,-1.668019569139371841e-02,-1.491458087253444767e-02,-1.301828687475502407e-02,-1.116005948452956226e-02,-9.319972447838220653e-03,-7.262624958252248027e-03,-5.218196016851325489e-03,-3.311684102497068627e-03,-1.647582252985902492e-03,-9.726556389797852794e-06,1.403186764744630095e-03,2.554377853222340039e-03,3.398298859834516204e-03,3.926028275573684341e-03,4.030866101558653984e-03,3.686169218729763025e-03,3.354017655131782093e-03,2.380306535635134772e-03,1.305801381427337728e-03,2.481262630937274095e-05,-1.460065656070073676e-03,-2.938174297373434031e-03,-4.469452687733320440e-03,-5.896595034035419583e-03,-7.264921392277966759e-03,-8.539211943961401777e-03,-9.627963408539375739e-03,-1.056249595090768927e-02,-1.139569321759100612e-02,-1.204770910626218328e-02,-1.262992748232524137e-02,-1.309287495074924583e-02,-1.342729926834891271e-02,-1.371036039885442821e-02,-1.394535085839298562e-02,-1.415068538890735216e-02,-1.429917873605981646e-02
-3.249969434357376924e-02,-3.186226314558206901e-02,-3.116985246654624397e-02,-3.039953833780325090e-02,-2.952483106203490637e-02,-2.859994374941774928e-02,-2.762496822009836983e-02,-2.653681812625138456e-02,-2.535969938946512278e-02,-2.409630143135755437e-02,-2.278215094869764229e-02,-2.135810817776875523e-02,-1.975979948549651255e-02,-1.805582827427091100e-02,-1.629298984755347957e-02,-1.439958420388236758e-02,-1.254436651464843622e-02,-1.070739871912777287e-02,-8.653133312037665156e-03,-6.611757892301508947e-03,-4.708221339591951195e-03,-3.046937578435417182e-03,-1.411671954144143445e-03,-9.833653729249124825e-07,1.148383962450392386e-03,1.990980463280734355e-03,2.517893037632911325e-03,2.622490308907023983e-03,2.278054242270200706e-03,1.946811862167317254e-03,9.744048973991323304e-04,-9.834232592223586999e-05,-1.377190425576707263e-03,-2.859845579998575391e-03,-4.335544049151451342e-03,-5.864434769671040409e-03,-7.289265389884568708e-03,-8.655407086365224378e-03,-9.927927470963380727e-03,-1.101478475745170521e-02,-1.194785236523092722e-02,-1.277972866710250406e-02,-1.343101272835338020e-02,-1.401221266513365780e-02,-1.447459551214337094e-02,-1.480828317609631656e-02,-1.509073255612082901e-02,-1.532498639338908918e-02,-1.552983215848927935e-02,-1.567947580491799511e-02
-3.359386407786031647e-02,-3.295736541091517924e-02,-3.226593803855690862e-02,-3.149670991893348260e-02,-3.062322814087424863e-02,-2.969966830836459279e-02,-2.872610548993398752e-02,-2.763953846266433909e-02,-2.646413742439499006e-02,-2.520255458590317521e-02,-2.389040918680420192e-02,-2.246850025908883955e-02,-2.087246163986343842e-02,-1.917092184098703397e-02,-1.741062738503718413e-02,-1.551988342453168926e-02,-1.366744271277409856e-02,-1.183334124856806092e-02,-9.781936095463744305e-03,-7.743384300547992601e-03,-5.842577217064667296e-03,-4.183915962975216785e-03,-2.551018489945425325e-03,-1.142417461031274744e-03,5.266667629505743155e-06,8.465915289367185884e-04,1.372723463961231368e-03,1.477048178688088751e-03,1.132842538861318854e-03,8.023840234050427225e-04,-1.688483316761580353e-04,-1.240019860372846075e-03,-2.517020114244062148e-03,-3.997606325309739986e-03,-5.471184834831731118e-03,-6.997890339725789700e-03,-8.420638066347178874e-03,-9.784793218903591397e-03,-1.105570449606583551e-02,-1.214097560856947436e-02,-1.307251348765528683e-02,-1.390362642925765425e-02,-1.455341437749054986e-02,-1.513446621025318212e-02,-1.559622457254467368e-02,-1.592882383503995553e-02,-1.621127015086096593e-02,-1.644491551618873504e-02,-1.664840579904560552e-02,-1.679840842002757947e-02
-3.438910570987954718e-02,-3.375334699812050643e-02,-3.306283245478385674e-02,-3.229462183476158876e-02,-3.142218366163716109e-02,-3.049981012353654777e-02,-2.952756349078281342e-02,-2.844239142036613863e-02,-2.726850264362740833e-02,-2.600857458224583793e-02,-2.469821837708713330e-02,-2.327825472016843006e-02,-2.168424551286389848e-02,-1.998488154839227204e-02,-1.822689310112308655e-02,-1.633855339556536390e-02,-1.448862188262768289e-02,-1.265713241993049812e-02,-1.060823228778915404e-02,-8.572230318610775043e-03,-6.673934596656908198e-03,-5.017663598410196726e-03,-3.386900944567188768e-03,-1.980173643583638208e-03,-8.340389478344743725e-04,6.101137931903286493e-06,5.315128028392147484e-04,6.355048176280727289e-04,2.914575079152024756e-04,-3.833214327310289322e-05,-1.008592077020447741e-03,-2.078411356082231470e-03,-3.353777340122987127e-03,-4.832627136599541504e-03,-6.304307653053725126e-03,-7.829092453510896540e-03,-9.250037899007268818e-03,-1.061256857626080227e-02,-1.188172606254897859e-02,-1.296579266195729309e-02,-1.389602692895098093e-02,-1.472606036286419270e-02,-1.537509095024269454e-02,-1.595533217221012032e-02,-1.641638654490758936e-02,-1.674933541126775657e-02,-1.703088519779678151e-02,-1.726430306201110973e-02,-1.746909302374083373e-02,-1.761772180182514733e-02
-3.485481293402842989e-02,-3.421987458210665883e-02,-3.353014796517413132e-02,-3.276280753417070563e-02,-3.189130643124900993e-02,-3.096997783261188839e-02,-2.999884999424970444e-02,-2.891490470671221474e-02,-2.774236626314765045e-02,-2.648389090473443966e-02,-2.517511035235791769e-02,-2.375683217709156914e-02,-2.216462063360570209e-02,-2.046713403285926880e-02,-1.871117143509180153e-02,-1.682493155749332017e-02,-1.497724000133289143e-02,-1.314798777032477606e-02,-1.110134829858309968e-02,-9.067543965440842679e-03,-7.171452183438100682e-03,-5.517280223580751410e-03,-3.888435176494970530e-03,-2.483396784264856310e-03,-1.338675779908018049e-03,-4.995752754935112909e-04,2.512968558096994752e-05,1.288055219674735135e-04,-2.152016989445863868e-04,-5.444770038026061501e-04,-1.513935959868844021e-03,-2.582660070376106062e-03,-3.856703796093414668e-03,-5.334043027518652405e-03,-6.804195475905654156e-03,-8.327435054444835144e-03,-9.746803877088231968e-03,-1.110790233892594916e-02,-1.237585449342923707e-02,-1.345860097857755691e-02,-1.438802809799587766e-02,-1.521704083805282964e-02,-1.586563088798842100e-02,-1.644503101621100360e-02,-1.690543730549793830e-02,-1.723821213739189923e-02,-1.751970250602043894e-02,-1.775260870051407341e-02,-1.795555298914259038e-02,-1.810619972731448979e-02
-3.497402185715001860e-02,-3.433967673104264262e-02,-3.365064205460921443e-02,-3.288406313848946799e-02,-3.201336113597035710e-02,-3.109288738863301080e-02,-3.012274712112841812e-02,-2.903983814907675279e-02,-2.786843410378482544e-02,-2.661119450022860627e-02,-2.530375680618911563e-02,-2.388692978680772780e-02,-2.229622413832672498e-02,-2.060036042350517002e-02,-1.884612049992586552e-02,-1.696166800042307743e-02,-1.511585457719023286e-02,-1.328856721324169800e-02,-1.124381776257154554e-02,-9.211940970741469906e-03,-7.317701967197632988e-03,-5.665390917063035069e-03,-4.038178500233045864e-03,-2.634593409205861648e-03,-1.491106539508079776e-03,-6.529712340808278750e-04,-1.289123505176418909e-04,-2.558316843121453783e-05,-3.696593411591657971e-04,-6.985445106355062626e-04,-1.667489973145815096e-03,-2.735338940783995764e-03,-4.008334303622159214e-03,-5.484578673861048928e-03,-6.953412797523804770e-03,-8.475401211119594491e-03,-9.893589340530355158e-03,-1.125347207364741330e-02,-1.252036632496022518e-02,-1.360218750057441521e-02,-1.453076532504229100e-02,-1.535956730736434510e-02,-1.600702121998707345e-02,-1.658567227078854012e-02,-1.704642032926311987e-02,-1.737835802520842216e-02,-1.765933888376321551e-02,-1.789240885360283279e-02,-1.809672429621221948e-02,-1.824461602979671887e-02
-3.474510514397536470e-02,-3.411126681088410412e-02,-3.342282349003616176e-02,-3.265681948417104713e-02,-3.178678021824628275e-02,-3.086702488958881219e-02,-2.989768445874209715e-02,-2.881564584194138551e-02,-2.764515844673357675e-02,-2.638892651686509938e-02,-2.508257231950944757e-02,-2.366695753135544117e-02,-2.207750841803278463e-02,-2.038298889284161780e-02,-1.863015818646508032e-02,-1.674715715802090749e-02,-1.490292286966531272e-02,-1.307722376028419564e-02,-1.103407306511050567e-02,-9.003766207313504757e-03,-7.111098590494403966e-03,-5.460297688122428203e-03,-3.834459171080244286e-03,-2.432133132472744097e-03,-1.289716868925536771e-03,-4.524461925280822468e-04,7.100062376633851252e-05,1.739731435074606716e-04,-1.702783258216865781e-04,-4.989650054249745743e-04,-1.467568426497728234e-03,-2.534865814714151473e-03,-3.807167195638072772e-03,-5.282520886225067908e-03,-6.750514037099735604e-03,-8.271600795479351273e-03,-9.688837453582037004e-03,-1.104798755333422609e-02,-1.231400860493277356e-02,-1.339510997314800021e-02,-1.432327288714883330e-02,-1.515122530813630373e-02,-1.579849789972350566e-02,-1.637704443089426157e-02,-1.683734236133309359e-02,-1.716877106381744719e-02,-1.744970143092969966e-02,-1.768239708003781219e-02,-1.788649933561814453e-02,-1.803448303206540634e-02
-3.418345249468523334e-02,-3.354999558847611418e-02,-3.286198991264989433e-02,-3.209643434638972948e-02,-3.122693684903085284e-02,-3.030774128619415433e-02,-2.933902683418183541e-02,-2.825765338159965875e-02,-2.708792392620389469e-02,-2.583237503963204187e-02,-2.452704091960293542e-02,-2.311234026152653165e-02,-2.152386662336786341e-02,-1.983039627324000714e-02,-1.807866774064273777e-02,-1.619685929085044537e-02,-1.435386002022578066e-02,-1.252946872335670633e-02,-1.048752545754871347e-02,-8.458493200318240382e-03,-6.567084529480171455e-03,-4.917552147534733076e-03,-3.292862256753942892e-03,-1.891570100776229345e-03,-7.500461354694936767e-04,8.646967332768163046e-05,6.093627879159831204e-04,7.118968719140078474e-04,3.673966057008749039e-04,3.877159000924991749e-05,-9.297327034504143011e-04,-1.996724039122617974e-03,-3.268550326212177337e-03,-4.743471651541351225e-03,-6.210881175318448688e-03,-7.731384917191217940e-03,-9.148023760724228320e-03,-1.050653709957511013e-02,-1.177224528716379684e-02,-1.285282980676520463e-02,-1.378038366689921315e-02,-1.460798186981746016e-02,-1.525524386714596607e-02,-1.583347048544513774e-02,-1.629326472172897694e-02,-1.662455474786491208e-02,-1.690583364996089619e-02,-1.713820068879638725e-02,-1.734128312961595586e-02,-1.748993187249829953e-02
-3.332093334892508724e-02,-3.268779060253944324e-02,-3.200010620540674061e-02,-3.123490845596084420e-02,-3.036574796481163879e-02,-2.944703352029147403e-02,-2.847877203106896279e-02,-2.739794025386628473e-02,-2.622867037679110433e-02,-2.497390579070482911e-02,-2.366905253387273367e-02,-2.225516527777002609e-02,-2.066737688637577952e-02,-1.897473567337216310e-02,-1.722389245532086194e-02,-1.534290896451484532e-02,-1.350084848690601483e-02,-1.167751619008079549e-02,-9.636545665114511910e-03,-7.608406387569137223e-03,-5.717982146022959275e-03,-4.069470338427374177e-03,-2.445663102055054775e-03,-1.045210426281661205e-03,9.555213910663691763e-05,9.314006988779516922e-04,1.453767833719996593e-03,1.555865921037276420e-03,1.210994319119272199e-03,8.822927242331326820e-04,-8.632660652413808315e-05,-1.153237776778905186e-03,-2.424915147058711272e-03,-3.899685717248579497e-03,-5.366781304957649566e-03,-6.887057162036399303e-03,-8.303373478269510111e-03,-9.661664396884782346e-03,-1.092707805230153789e-02,-1.200750985748195651e-02,-1.293471295014821283e-02,-1.376212618569457209e-02,-1.440923818250605323e-02,-1.498713022844537501e-02,-1.544707983287603795e-02,-1.577837757374535993e-02,-1.605941080649485320e-02,-1.629118496896197338e-02,-1.649451273631806145e-02,-1.664308458039768374e-02
-3.220436441339878664e-02,-3.157141484331023318e-02,-3.088395886363517681e-02,-3.011899727590454379e-02,-2.925015508011806487e-02,-2.833170159181328321e-02,-2.736377830055394811e-02,-2.628324862190916170e-02,-2.511449275982636023e-02,-2.386010969723493386e-02,-2.255579625348435799e-02,-2.114234861469855078e-02,-1.955513850840325321e-02,-1.786297858874416611e-02,-1.611272421311639447e-02,-1.423239955274431881e-02,-1.239099444395200776e-02,-1.056840452419779801e-02,-8.528137684129319038e-03,-6.500680781812829753e-03,-4.610978534932475871e-03,-2.963232539490201316e-03,-1.340115326542543669e-03,5.967947197687891451e-05,1.199828287170308589e-03,2.035079314205267241e-03,2.556932555880329656e-03,2.658563935781161833e-03,2.313241306510022827e-03,1.984326307887715989e-03,1.015413419227099165e-03,-5.166011989318434604e-05,-1.323446592248908810e-03,-2.798279095891934454e-03,-4.265423835793140384e-03,-5.785669041514365958e-03,-7.201940415775731109e-03,-8.560154310690577806e-03,-9.825480690967553291e-03,-1.090578337454453303e-02,-1.183320943282702500e-02,-1.266051536988118016e-02,-1.330733466672727808e-02,-1.388518411199301909e-02,-1.434518279818636395e-02,-1.467662151151363434e-02,-1.495665529245756437e-02,-1.518977941015791852e-02,-1.539307531641972461e-02,-1.554119127403116862e-02
-3.089174419034610569e-02,-3.025894160483109593e-02,-2.957164015834187060e-02,-2.880683994365281983e-02,-2.793811647375289697e-02,-2.701984839585844581e-02,-2.605216200039427166e-02,-2.497191022277387221e-02,-2.380335702285876071e-02,-2.254927907234255402e-02,-2.124516319573862763e-02,-1.983218547912741700e-02,-1.824528210521813090e-02,-1.655351979345068975e-02,-1.480363756664010953e-02,-1.292369320310239253e-02,-1.108284280106532939e-02,-9.260746616815800081e-03,-7.220831805805074180e-03,-5.193856682329840366e-03,-3.304680450758324273e-03,-1.657523822090340620e-03,-3.488980034585944872e-05,1.364375122384060704e-03,2.503958169252781200e-03,3.338726666589315190e-03,3.860131375045013427e-03,3.961247316891825486e-03,3.615430351001430384e-03,3.286201166148281210e-03,2.316821044176343731e-03,1.249404212033622614e-03,-2.270317557011352768e-05,-1.497845654602655754e-03,-2.965244793489594036e-03,-4.485690629541430781e-03,-5.902157788884820205e-03,-7.260526915689268987e-03,-8.525987072167560618e-03,-9.606296142769150948e-03,-1.053371720021529026e-02,-1.136128834312998340e-02,-1.200771428080814329e-02,-1.258638539400968974e-02,-1.304592412931552398e-02,-1.337753215398189421e-02,-1.365820002971983131e-02,-1.388985669871143497e-02,-1.409450463250784373e-02,-1.424236779212007323e-02
-2.944790591076012001e-02,-2.881517662548323602e-02,-2.812797529193774085e-02,-2.736327063692150022e-02,-2.649461973397386136e-02,-2.557649569519778940e-02,-2.460890192104470478e-02,-2.352876365850432167e-02,-2.236032951564978152e-02,-2.110644165359833527e-02,-1.980266027304938836e-02,-1.838972779977666311e-02,-1.680297780678124270e-02,-1.511147463725411380e-02,-1.336174451296729890e-02,-1.148206227502812822e-02,-9.641499528427738622e-03,-7.819734722968747428e-03,-5.780103991044679458e-03,-3.753366692939553995e-03,-1.864537725722228718e-03,-2.177660805998016421e-04,1.404476034493494421e-03,2.803322173817546312e-03,3.942519106303244217e-03,4.776841327601485422e-03,5.297801618360117003e-03,5.398402049024665465e-03,5.051976612806517893e-03,4.722388678457315608e-03,3.752421331953108806e-03,2.684483559937481025e-03,1.411970377764368203e-03,-6.369539142912106916e-05,-1.531521481871817286e-03,-3.052420475844056999e-03,-4.469206194259378422e-03,-5.827902868438248653e-03,-7.093632109601395556e-03,-8.174205588689966925e-03,-9.101740062176290683e-03,-9.929326536655293592e-03,-1.057642754889940966e-02,-1.115412798447296822e-02,-1.161468415701818503e-02,-1.194575566209294532e-02,-1.222628233274848306e-02,-1.245868208908438614e-02,-1.266150909589048960e-02,-1.281037246083882933e-02
-2.793922497576779504e-02,-2.730646101502516229e-02,-2.661934885787809249e-02,-2.585469014313226260e-02,-2.498602540511997427e-02,-2.406787038324173511e-02,-2.310036286920377421e-02,-2.202020920656147518e-02,-2.085194491131994385e-02,-1.959796628124490028e-02,-1.829436529234530762e-02,-1.688154100100188251e-02,-1.529489757503669015e-02,-1.360336398491047982e-02,-1.185382416160593068e-02,-9.974205187014452412e-03,-8.133767958831663453e-03,-6.312215882323462049e-03,-4.272667697878455503e-03,-2.246096645090287988e-03,-3.574130121132712166e-04,1.289031941589775495e-03,2.911040840067314478e-03,4.309606612016475373e-03,5.448391214491315679e-03,6.282378825480192802e-03,6.802887242191741138e-03,6.903013061027140317e-03,6.555958703222573673e-03,6.225893393842787948e-03,5.255249273832011785e-03,4.186752240277666001e-03,2.913617059681238540e-03,1.437321371966964042e-03,-3.103701715160871383e-05,-1.552474440010516822e-03,-2.969748313139341199e-03,-4.328881539996605292e-03,-5.595040470767642660e-03,-6.675891322741175568e-03,-7.603679103070947083e-03,-8.431582947614885831e-03,-9.078465333088847275e-03,-9.656680294502674802e-03,-1.011713463839528614e-02,-1.044841296069622637e-02,-1.072914226913217195e-02,-1.096103568055573421e-02,-1.116440969243793699e-02,-1.131319620300391508e-02
-2.642820696331211333e-02,-2.579544491203731443e-02,-2.510826494288135105e-02,-2.434358632724777094e-02,-2.347492340426212895e-02,-2.255681824484939701e-02,-2.158933105967668353e-02,-2.050919718644076545e-02,-1.934075356211047148e-02,-1.808691361860170072e-02,-1.678330160468888971e-02,-1.537046992400921928e-02,-1.378386004351488808e-02,-1.209223828808492218e-02,-1.034271842050933123e-02,-8.463067799743519137e-03,-6.622698810109268509e-03,-4.801303663420028803e-03,-2.761750234261294706e-03,-7.351909201672979753e-04,1.153450207991161712e-03,2.799677071639283463e-03,4.421488727832091799e-03,5.819850797839308185e-03,6.958451690754493581e-03,7.791977629541886781e-03,8.312148668936774135e-03,8.411687322388309782e-03,8.064002849081333690e-03,7.733537118678674924e-03,6.762125459959490541e-03,5.693024595182504498e-03,4.419215629366520480e-03,2.942197769872110201e-03,1.473215160843356804e-03,-4.887424206021106121e-05,-1.466703654516434297e-03,-2.826260177982225889e-03,-4.092874822433912457e-03,-5.174107217298203575e-03,-6.102074643838794644e-03,-6.930380624081505098e-03,-7.577517680383963339e-03,-8.155927563325979929e-03,-8.616310880448469628e-03,-8.947832852975045811e-03,-9.228786218184480139e-03,-9.460847727974138963e-03,-9.664938371343217982e-03,-9.812850924163177974e-03
-2.496928404236440149e-02,-2.433649096616705837e-02,-2.364938595064140434e-02,-2.288462070213011582e-02,-2.201590253576788878e-02,-2.109772335742331195e-02,-2.013017841842757588e-02,-1.905004091654233928e-02,-1.788171382924139824e-02,-1.662774515168212799e-02,-1.532406336744489110e-02,-1.391121319981576850e-02,-1.232447820894099107e-02,-1.063286350246091423e-02,-8.883272608211832677e-03,-7.003494466975478117e-03,-5.162937616781594803e-03,-3.341776769595943258e-03,-1.302044267567911652e-03,7.246010534451066947e-04,2.613129491757762175e-03,4.259112887694904356e-03,5.880928592165943561e-03,7.279085261917428093e-03,8.417352750192291441e-03,9.250673593672181783e-03,9.770450498617116314e-03,9.869607563868919298e-03,9.521160131021083606e-03,9.190313478342362549e-03,8.218204366726445873e-03,7.148354204291804820e-03,5.873835596990113588e-03,4.396093581772949482e-03,2.926449870125631073e-03,1.403666333473506866e-03,-1.474185158193995570e-05,-1.374851057958181941e-03,-2.641938399704278715e-03,-3.723552951125469815e-03,-4.651881057053594559e-03,-5.480399232381187591e-03,-6.127756210037643356e-03,-6.706916901194989560e-03,-7.166930595496195933e-03,-7.498428164327977131e-03,-7.779407237882539523e-03,-8.011849532205388841e-03,-8.215999873184680682e-03,-8.364492542902701375e-03
-2.360568697602481378e-02,-2.297289499121794518e-02,-2.228554517406540134e-02,-2.152073970084369264e-02,-2.065194075806806029e-02,-1.973380885425028361e-02,-1.876619504912928685e-02,-1.768589087134404131e-02,-1.651742318733477599e-02,-1.526345220875855585e-02,-1.395973054977298934e-02,-1.254692254285109596e-02,-1.096003809057154686e-02,-9.268208384767511257e-03,-7.518620533905393151e-03,-5.638772959482831956e-03,-3.798314282638808308e-03,-1.976848255564319073e-03,6.286489642363122035e-05,2.089643110631555969e-03,3.978186970127368070e-03,5.624150797875701775e-03,7.245917096762875646e-03,8.643865855278695665e-03,9.782021047674126918e-03,1.061503594466158690e-02,1.113436276971599415e-02,1.123307584015429718e-02,1.088404501256035571e-02,1.055272953980423284e-02,9.579852550416613141e-03,8.509374688782257029e-03,7.234250346953955378e-03,5.755757414723598579e-03,4.285440622884673263e-03,2.761984116957175162e-03,1.342908816931756479e-03,-1.764096469341977247e-05,-1.285254167274755459e-03,-2.367273927351479495e-03,-3.295929236983644040e-03,-4.124658916452871721e-03,-4.772219888884181825e-03,-5.351239130348645762e-03,-5.811898249859974094e-03,-6.143254460896825815e-03,-6.424544510931152336e-03,-6.657208582535378838e-03,-6.859927037170321547e-03,-7.008722520750598241e-03
-2.236686609357656924e-02,-2.173411467175957040e-02,-2.104683083970448898e-02,-2.028196927530882820e-02,-1.941313911108225390e-02,-1.849482093623584442e-02,-1.752721518360657663e-02,-1.644703643881876773e-02,-1.527831834564005037e-02,-1.402433819815535748e-02,-1.272028354309857716e-02,-1.130754457457954117e-02,-9.720619403710066900e-03,-8.028567301367672479e-03,-6.278824665055663876e-03,-4.398912469172390656e-03,-2.558506545269021229e-03,-7.370810304382747298e-04,1.303041345175552645e-03,3.329953359275532581e-03,5.218388339036663347e-03,6.864296310165799060e-03,8.485900384167605059e-03,9.883793551828589860e-03,1.102192769712888321e-02,1.185472484936827067e-02,1.237377777248655983e-02,1.247200087315147865e-02,1.212245845084194799e-02,1.179056017378763213e-02,1.081709937304559978e-02,9.746013202615507257e-03,8.470192840915890392e-03,6.990977511844770342e-03,5.519951404686373325e-03,3.995952468441304507e-03,2.576293241275172483e-03,1.215235555951284631e-03,-5.284869865824253285e-05,-1.135267370745809620e-03,-2.064267103662758337e-03,-2.893143773936152508e-03,-3.541098938061911471e-03,-4.120441192105521455e-03,-4.580826539348058918e-03,-4.912603419935596474e-03,-5.193864305817296259e-03,-5.427084877446839567e-03,-5.630214475696768139e-03,-5.778836614668326523e-03
-2.127037778790746847e-02,-2.063727880101723020e-02,-1.995001420596697814e-02,-1.918513998164681281e-02,-1.831623550083643845e-02,-1.739773829010195227e-02,-1.642988052917222427e-02,-1.534975393126630609e-02,-1.418088142045040821e-02,-1.292686163643530853e-02,-1.162304207361960703e-02,-1.020988628353758886e-02,-8.622964010393549192e-03,-6.930678846683099512e-03,-5.180942849531270863e-03,-3.300747593199052955e-03,-1.460323711245823221e-03,3.612111172340418184e-04,2.401222424261806841e-03,4.428223950301271930e-03,6.316814936878338387e-03,7.962679725771693029e-03,9.584420818087566185e-03,1.098213703391120143e-02,1.211996655575079372e-02,1.295256750597173490e-02,1.347147160469637159e-02,1.356914839590079788e-02,1.321908823892673467e-02,1.288705732039317244e-02,1.191263198315126691e-02,1.084122720825788679e-02,9.564610425991328449e-03,8.084842522041708543e-03,6.613317729887575359e-03,5.088611824878531628e-03,3.668465949569586250e-03,2.306946920055767073e-03,1.038420658024706740e-03,-4.432567128114456919e-05,-9.735848037087532986e-04,-1.802890337209643373e-03,-2.451007285539532395e-03,-3.030442652085798064e-03,-3.491358451370632672e-03,-3.823152487600156666e-03,-4.104464053334233239e-03,-4.336902865792940931e-03,-4.540936516100824161e-03,-4.689233034538079110e-03
-2.032048133797800457e-02,-1.968733376054596779e-02,-1.900004154938996978e-02,-1.823515231812772655e-02,-1.736583211411904526e-02,-1.644768207402000706e-02,-1.547975475398826080e-02,-1.439946783200340454e-02,-1.323063355762096535e-02,-1.197641671106860345e-02,-1.067262023114451223e-02,-9.259558662739374862e-03,-7.672163896651582049e-03,-5.980201775246914500e-03,-4.230051574628326989e-03,-2.349785790666499789e-03,-5.091019500991998117e-04,1.312041039150839807e-03,3.352557154002345965e-03,5.379552945667568677e-03,7.268503316937098037e-03,8.913999115334437021e-03,1.053573900697224279e-02,1.193344489607304527e-02,1.307126953663246063e-02,1.390365803153243048e-02,1.442214481231373843e-02,1.451983377294550209e-02,1.416918421907073858e-02,1.383655450048498249e-02,1.286172882758116268e-02,1.178994537466626635e-02,1.051273837063121212e-02,9.032670007218961128e-03,7.560209263344741006e-03,6.034907217366876180e-03,4.614321473747381823e-03,3.252323793466401197e-03,1.983494292557922041e-03,9.003910621934448988e-04,-2.912634960257733455e-05,-8.587669426205773613e-04,-1.507111086292715375e-03,-2.086724614545532822e-03,-2.547900118677933010e-03,-2.879616976167296075e-03,-3.160826131490568260e-03,-3.392963597658960224e-03,-3.596932276883663734e-03,-3.745832242017873345e-03
-1.951339576355048955e-02,-1.888021941273763243e-02,-1.819297723808843345e-02,-1.742818917265956391e-02,-1.655887038398362945e-02,-1.564034025195389435e-02,-1.467247748762547099e-02,-1.359192759440681561e-02,-1.242333039467687604e-02,-1.116917005834604064e-02,-9.865095043278553424e-03,-8.451748945939144969e-03,-6.864350745592332631e-03,-5.172451648948696648e-03,-3.422142136146493364e-03,-1.541742866021422785e-03,2.989011443824332722e-04,2.120198872867485543e-03,4.160734529422601378e-03,6.187842093941583500e-03,8.077017601405816344e-03,9.722247523357549839e-03,1.134377860137144971e-02,1.274178186604459084e-02,1.387908761116255288e-02,1.471130733926567444e-02,1.523002340526846514e-02,1.532715283891000584e-02,1.497583933961859140e-02,1.464341212122417454e-02,1.366790678583300160e-02,1.259512823106946969e-02,1.131813393181441661e-02,9.836762322914319179e-03,8.364508290770643339e-03,6.839086209617303846e-03,5.418197618001843741e-03,4.055925157172813114e-03,2.786401077754230553e-03,1.703218212772558736e-03,7.735206712862208178e-04,-5.634154032507192463e-05,-7.047744933022601771e-04,-1.284464294492786629e-03,-1.745892344260302313e-03,-2.077790018877196613e-03,-2.358931686843234506e-03,-2.592271213479343736e-03,-2.795632439901546331e-03,-2.944055982776331779e-03
-1.883785941962253657e-02,-1.820497369341456811e-02,-1.751738750042669199e-02,-1.675234044120186422e-02,-1.588301490940404251e-02,-1.496476570005415667e-02,-1.399680027601530458e-02,-1.291615299746512284e-02,-1.174734966893674348e-02,-1.049309707577151390e-02,-9.189228896507667388e-03,-7.775848274647946881e-03,-6.188335863252803111e-03,-4.496061567338086214e-03,-2.745778973913748193e-03,-8.654983010556783520e-04,9.751454310028002514e-04,2.796641711803680985e-03,4.837265761689969225e-03,6.864742095766531924e-03,8.753723301096905801e-03,1.039894101960321671e-02,1.202050819233141735e-02,1.341836155828359141e-02,1.455572834483097495e-02,1.538805970551344188e-02,1.590617265210949802e-02,1.600286452172770477e-02,1.565095930906752059e-02,1.531880647437205284e-02,1.434273758802316265e-02,1.327004451484111933e-02,1.199222856808454529e-02,1.051067602226496943e-02,9.037987594072389302e-03,7.511952940457193584e-03,6.090383893354838450e-03,4.728037283306616052e-03,3.458459787636919327e-03,2.375156881637135488e-03,1.445381880498732875e-03,6.153106562936530924e-04,-3.323860622090022305e-05,-6.131053396433053075e-04,-1.074525657765276494e-03,-1.406323080284419642e-03,-1.688223707300051842e-03,-1.921059992358057191e-03,-2.125507394888991736e-03,-2.273008059937850663e-03
-1.827832984993595089e-02,-1.764541872452568202e-02,-1.695837887810195191e-02,-1.619293318326611025e-02,-1.532420631170980374e-02,-1.440523162993875145e-02,-1.343697603546919854e-02,-1.235660283519004685e-02,-1.118756529874355594e-02,-9.933388159766467010e-03,-8.629770499630338987e-03,-7.216236961491612027e-03,-5.628560777323079502e-03,-3.935961435831012746e-03,-2.185916842019579483e-03,-3.054780776361815326e-04,1.535098092908078081e-03,3.356485725539814190e-03,5.397711641257207406e-03,7.425380454277964726e-03,9.314047640448066753e-03,1.095944985356959826e-02,1.258109783415989509e-02,1.397837322589963807e-02,1.511565644021129265e-02,1.594748460754645547e-02,1.646585491345906385e-02,1.656289939269832076e-02,1.621071312331415215e-02,1.587815938375848612e-02,1.490118027440596668e-02,1.382828540760421693e-02,1.255058795334625457e-02,1.106831227980507176e-02,9.595360068333454173e-03,8.068980634621079548e-03,6.647397001363982046e-03,5.284619842693636174e-03,4.014889286942611817e-03,2.931046527438317933e-03,2.001217093742938338e-03,1.171038008661569622e-03,5.225496789621246691e-04,-5.735408517408601884e-05,-5.188862803077532240e-04,-8.509420668280794596e-04,-1.132094686721588604e-03,-1.364926632734385966e-03,-1.568929671028893632e-03,-1.718533291521097796e-03
-1.781903676605291198e-02,-1.718580812273966252e-02,-1.649840401033438736e-02,-1.573302549658957966e-02,-1.486354279636747586e-02,-1.394518663414324663e-02,-1.297685621012022693e-02,-1.189646009531468603e-02,-1.072751794992402724e-02,-9.473587897837691674e-03,-8.169434871937145473e-03,-6.756797103876248031e-03,-5.168794666734394250e-03,-3.476000947962402509e-03,-1.725833052113067518e-03,1.550545557084588057e-04,1.995305138112370234e-03,3.816744413367949632e-03,5.857796043147773732e-03,7.885919581292791594e-03,9.774215144453294105e-03,1.141950361423323644e-02,1.304119832718217929e-02,1.443911101742180632e-02,1.557669412412299691e-02,1.640802674485460425e-02,1.692634738297156202e-02,1.702266130946554143e-02,1.667005688999360913e-02,1.633719599290715460e-02,1.536063438164097378e-02,1.428675663477074753e-02,1.300918054672541881e-02,1.152631478156425360e-02,1.005331131621410058e-02,8.526939403934964343e-03,7.105170590383102711e-03,5.741936448024909274e-03,4.471813301045506929e-03,3.388260130012388151e-03,2.457687645467647279e-03,1.627462991515809219e-03,9.789288396860496445e-04,3.989751999767337750e-04,-6.250888422172913941e-05,-3.944683459771384094e-04,-6.757678242146742363e-04,-9.090985027613700817e-04,-1.114689671387654761e-03,-1.262198380209177693e-03
-1.744309720568417224e-02,-1.680961734715564343e-02,-1.612230271996917957e-02,-1.535725230255842455e-02,-1.448753913000809176e-02,-1.356895485930066647e-02,-1.260112703764757966e-02,-1.152065471503726027e-02,-1.035129578495947236e-02,-9.097544020422888150e-03,-7.793475704722878372e-03,-6.379972685467331581e-03,-4.792716563657321155e-03,-3.099633685554944486e-03,-1.349538876400355886e-03,5.317368838157296874e-04,2.371751200969159784e-03,4.193116892836072640e-03,6.234667363969592473e-03,8.262087615214895944e-03,1.015092909327023132e-02,1.179612345093235780e-02,1.341801505151320878e-02,1.481560883474138633e-02,1.595260377811899208e-02,1.678428247771129173e-02,1.730252132187611730e-02,1.739843601817803523e-02,1.704540725184016878e-02,1.671334001569068847e-02,1.573556613205134846e-02,1.466221510799582683e-02,1.338413505046634998e-02,1.190191088479139285e-02,1.042813855725428090e-02,8.901102914453593723e-03,7.478948415728183668e-03,6.116362686410378377e-03,4.845400809268779301e-03,3.761646478079018648e-03,2.831573832463765879e-03,2.001486965483341950e-03,1.352412385151531646e-03,7.723107004213991674e-04,3.108690273298928735e-04,-2.112052471290833052e-05,-3.027515668540350945e-04,-5.354447126359027000e-04,-7.416975709778238701e-04,-8.881302496929863351e-04
-1.713558530579186931e-02,-1.650271861572098764e-02,-1.581495614886986936e-02,-1.505030548999402792e-02,-1.418041307881714314e-02,-1.326175684413797781e-02,-1.229381205053624478e-02,-1.121318761546327529e-02,-1.004435722955623195e-02,-8.790070009201187209e-03,-7.485852907728217549e-03,-6.072885085051200546e-03,-4.485105002627014573e-03,-2.792360633090757577e-03,-1.042079049579755024e-03,8.389326218294931945e-04,2.678757437316063063e-03,4.500525527964032747e-03,6.541700265291230942e-03,8.570438180045181556e-03,1.045860599735099275e-02,1.210313191317467264e-02,1.372461792666534834e-02,1.512255969146795997e-02,1.625974043352419740e-02,1.709165879262605076e-02,1.760960623064281375e-02,1.770580496483274008e-02,1.735210963912739782e-02,1.702052180889221042e-02,1.604224917012980062e-02,1.496818318140035256e-02,1.369048198554245060e-02,1.220740820702832449e-02,1.073383859007388461e-02,9.206668324855867350e-03,7.785222129740762900e-03,6.421679572987120874e-03,5.150776246299701260e-03,4.066664808038326570e-03,3.136273164742018390e-03,2.306125279196151456e-03,1.657501482460960749e-03,1.077527372231590168e-03,6.157353285109780361e-04,2.838992529887746238e-04,2.642227710551485597e-06,-2.303035766389450155e-04,-4.366053959473900669e-04,-5.832072440854034479e-04
-1.688441016028870492e-02,-1.625188182933470782e-02,-1.556462441274201504e-02,-1.479854185026388547e-02,-1.392879007811298302e-02,-1.301126637858576393e-02,-1.204321061883763949e-02,-1.096225709991520414e-02,-9.792514973476907150e-03,-8.538979949434399516e-03,-7.234777980862813242e-03,-5.821827565515485907e-03,-4.234206241144945933e-03,-2.541279519289414007e-03,-7.907682698913678964e-04,1.090674191587246745e-03,2.930503039540829913e-03,4.751504273283212176e-03,6.792587718646310099e-03,8.821474748258461424e-03,1.071043491499166361e-02,1.235453751168532309e-02,1.397693690405588975e-02,1.537399762092956854e-02,1.651116079341686735e-02,1.734316706467963279e-02,1.786019651530381183e-02,1.795642601636389737e-02,1.760266953404774834e-02,1.727153389746234960e-02,1.629322087437016370e-02,1.521988544208650179e-02,1.394102368803657767e-02,1.245758786524739370e-02,1.098409204536722299e-02,9.456768013883473309e-03,8.034522378392359651e-03,6.671161621784033220e-03,5.400187084476185465e-03,4.316558142451134943e-03,3.385971275101054990e-03,2.555586887964876423e-03,1.906724287155918017e-03,1.326889202839305181e-03,8.647791507624191321e-04,5.331280413149317365e-04,2.520411793910650941e-04,1.924749824411532177e-05,-1.857452285835543382e-04,-3.349547896987041529e-04
-1.667979261548709069e-02,-1.604647778819296225e-02,-1.536000461247760338e-02,-1.459384445837588924e-02,-1.372446126522639843e-02,-1.280544869079160500e-02,-1.183782274864179918e-02,-1.075648793553325364e-02,-9.588057361865824288e-03,-8.333678213433884027e-03,-7.029739184165643799e-03,-5.616578374482199265e-03,-4.029309936845229013e-03,-2.336484044242336140e-03,-5.857075632094565923e-04,1.296083191277394922e-03,3.136247184906477709e-03,4.956831926035966743e-03,6.998678155220031637e-03,9.026803994456381736e-03,1.091619814638585852e-02,1.256107241574348603e-02,1.418147043719595289e-02,1.557921781626387704e-02,1.671682130331723568e-02,1.754814896481776340e-02,1.806666320492982328e-02,1.816103300833709147e-02,1.780799794302104222e-02,1.747592719946844397e-02,1.649814984491519698e-02,1.542430414204513933e-02,1.414462599467091256e-02,1.266151044978009073e-02,1.118713815032828206e-02,9.659289025060510681e-03,8.238340364802320542e-03,6.874548951575540010e-03,5.604022451459106380e-03,4.519188430839128634e-03,3.590289843811176294e-03,2.758858043261626369e-03,2.110727706630804827e-03,1.531157180810693462e-03,1.068984619055518472e-03,7.377304885348346828e-04,4.562526174368726072e-04,2.235641881222164701e-04,1.856627032915093858e-05,-1.313943642990363678e-04
-1.651327036733035367e-02,-1.588034365387122268e-02,-1.519247995281370125e-02,-1.442745421076519971e-02,-1.355734267106931297e-02,-1.263864072289002348e-02,-1.167020773198417308e-02,-1.058892814092365214e-02,-9.420615564246753726e-03,-8.165742833125355302e-03,-6.863113231433795418e-03,-5.450024646609985535e-03,-3.861846639972111271e-03,-2.168841662533446419e-03,-4.192933371611677986e-04,1.461624732773385716e-03,3.302354095885294463e-03,5.123909512730302936e-03,7.164414993487939511e-03,9.193481913724949744e-03,1.108290122123668613e-02,1.272739507962358622e-02,1.434852120664194264e-02,1.574615928464073722e-02,1.688305745408842304e-02,1.771512929234298622e-02,1.823278050858466795e-02,1.832853303648538865e-02,1.797478349908600975e-02,1.764286060469789919e-02,1.666461187610122213e-02,1.559062744835755347e-02,1.431171795857599793e-02,1.282737509635161269e-02,1.135252280685819341e-02,9.825505400449336887e-03,8.405058756970642392e-03,7.040616411496951506e-03,5.770066742916556309e-03,4.686132789802083080e-03,3.755504056159101461e-03,2.924031284260223545e-03,2.276095153447831813e-03,1.695962699119242609e-03,1.235702739632812876e-03,9.039342895428545454e-04,6.229625219234622563e-04,3.907142352586477001e-04,1.864500571767531379e-04,3.540984554452975073e-05
