1.034844809361705648e-05,1.045678110101657425e-05,7.700267063264861536e-06,8.480675654900550136e-06,1.076731766661874036e-05,1.184863125953789339e-05,1.172037829053301101e-05,1.310569931820765861e-05,6.057247555102646872e-06,3.141757735172340532e-06,3.506731405796399987e-06,-1.784531347955689191e-06,-5.325741297512147337e-06,-3.149560465704876082e-07,5.477044863094373062e-06,1.272517304863755599e-05,1.517903570781206308e-05,6.220783227527753243e-06,-1.971571864012144233e-06,-2.159129182678663109e-07,-2.504963671350819640e-06,-7.210069003920390353e-06,-1.245613433394333972e-05,-1.201796396450655376e-05,-1.195969066049711477e-05,-1.221050702050516354e-05,-1.044702370966787576e-05,-2.544451917679782814e-06,-3.500099422790859180e-07,1.540327609449635355e-06,1.232443672097523764e-05,3.785986112316541149e-06,-3.733317677289069440e-06,1.750102875205959801e-06,1.266849199332358352e-05,9.373452200307763865e-06,1.186822933576241895e-05,-4.115460734258204332e-06,-1.635805999069839820e-05,-1.186356397386711682e-05,-1.366208021069881830e-05,-1.482859519810965979e-05,-9.201766362845232461e-06,6.754616335397716224e-07,6.319934010876153690e-06,7.851843930061662145e-06,8.429571311914926398e-06,6.539613025915803718e-06,4.378824239508511838e-06,2.236809995059067272e-06
1.034965467445397143e-05,1.045766723313463238e-05,7.738591770070782640e-06,8.489034459482381150e-06,1.075885882425701028e-05,1.187412375724399043e-05,1.174262582815434477e-05,1.312263627563485196e-05,6.048797911749055957e-06,3.152590752873937695e-06,3.505903124740961205e-06,-1.773685431350426046e-06,-5.333991112761131985e-06,-3.218463197899738711e-07,5.467237569453852272e-06,1.275114476802453723e-05,1.520542672109722835e-05,6.200419250062050368e-06,-1.975760981007957044e-06,-2.502298927777150696e-07,-2.499898873011028819e-06,-7.192071638809062961e-06,-1.246926165646591727e-05,-1.198250075350618575e-05,-1.198950237069697604e-05,-1.221954938470058694e-05,-1.043598537279141633e-05,-2.559504263846942442e-06,-3.583988476623012351e-07,1.545354562097599566e-06,1.231426483191519792e-05,3.784803792366326874e-06,-3.692695808669331218e-06,1.706751882258524465e-06,1.267899813560287631e-05,9.368781773542300814e-06,1.187112077007645182e-05,-4.097250519834433658e-06,-1.635828555805400434e-05,-1.186502495372083785e-05,-1.367418213498022557e-05,-1.480403301444022903e-05,-9.162362708913516959e-06,6.797304743006843463e-07,6.359208278872987511e-06,7.847544692491536348e-06,8.343933986492119471e-06,6.535175640786454274e-06,4.500336117177797688e-06,2.107972688523441379e-06
1.038208758064057664e-05,1.047913349902094102e-05,7.711550676811138451e-06,8.517836972979428293e-06,1.077680672910020913e-05,1.186703158983658668e-05,1.174237166974974618e-05,1.311935128070948284e-05,6.049126938160519011e-06,3.178090359120024122e-06,3.548080480432845998e-06,-1.781326635293363455e-06,-5.316083125544364677e-06,-3.085965750199524573e-07,5.493429429841668394e-06,1.275131705769645816e-05,1.522126799961374644e-05,6.240409750506337244e-06,-1.948379545892363263e-06,-2.011844296717092813e-07,-2.504997474728961736e-06,-7.223555842742738075e-06,-1.249080472356022610e-05,-1.201945552901588336e-05,-1.194537989783834095e-05,-1.219696206193153018e-05,-1.042178395888257989e-05,-2.571463779484407841e-06,-3.378358905808577998e-07,1.551311589997800027e-06,1.232663917187993400e-05,3.767379495674117919e-06,-3.659487257418757959e-06,1.730223446914309278e-06,1.267722841560927142e-05,9.370250813591140136e-06,1.187426365891419002e-05,-4.126219573859882588e-06,-1.633356180811810788e-05,-1.187866030298889876e-05,-1.368299016066280921e-05,-1.479550382037876257e-05,-9.168473472132595263e-06,6.966109458155217622e-07,6.336048000789328443e-06,7.862227571916450728e-06,8.356969881803365117e-06,6.553090004412397200e-06,4.508472767767851575e-06,2.227010787401557440e-06
1.036948751837851301e-05,1.050478902490513156e-05,7.716534659073289723e-06,8.495547538913550959e-06,1.080201269653144412e-05,1.186763422190414249e-05,1.175430098415822536e-05,1.314533331165024811e-05,6.055953273475744025e-06,3.137360258977961649e-06,3.507549244062682340e-06,-1.765832636203114805e-06,-5.298726993423218912e-06,-2.899522693850842042e-07,5.481702629354610845e-06,1.276130886556142824e-05,1.522266816058737381e-05,6.197323608873716207e-06,-1.971373391425407920e-06,-2.214706585275217056e-07,-2.480909435268138299e-06,-7.219565585888646273e-06,-1.250306606213459408e-05,-1.201182844154634987e-05,-1.195141732910237336e-05,-1.218982693347220131e-05,-1.042582343661600818e-05,-2.558163453665263288e-06,-3.299710047047941175e-07,1.586842758064040230e-06,1.234804674523203349e-05,3.803922027905705734e-06,-3.696678829333497067e-06,1.717782676184257975e-06,1.269716950033326095e-05,9.377672923415791690e-06,1.187767131363733239e-05,-4.131146153493351116e-06,-1.635270719546276893e-05,-1.187634521395881135e-05,-1.370509106455542583e-05,-1.478155729893662443e-05,-9.202081264200015994e-06,6.532562318098713891e-07,6.315984012147383087e-06,7.859525267649378820e-06,8.371822019565949700e-06,6.604255831914412721e-06,4.341298083071947168e-06,2.203714706248522804e-06
1.038803649727539926e-05,1.047126163417476108e-05,7.724924022352547436e-06,8.476570208178452697e-06,1.077565631790599899e-05,1.188138089101710806e-05,1.174697873344736995e-05,1.313387794127499356e-05,6.047139233982490880e-06,3.175265516035764448e-06,3.513525519760223757e-06,-1.773714258932685666e-06,-5.318699146726498120e-06,-2.947083436623536601e-07,5.510912635682781640e-06,1.275714000167474809e-05,1.522592293162318633e-05,6.219048139489927574e-06,-1.969672787254640159e-06,-2.223247109639795909e-07,-2.466965712133618154e-06,-7.178323163643379768e-06,-1.246173115832873793e-05,-1.200378919376325232e-05,-1.196580543491358166e-05,-1.217165111911218030e-05,-1.039548460299588086e-05,-2.532537173431586534e-06,-3.010822610155047159e-07,1.563722316523467221e-06,1.238600451219135907e-05,3.808347517519905354e-06,-3.684310165977485713e-06,1.777032455280284033e-06,1.270037187852946615e-05,9.352386045678532376e-06,1.188134017922694577e-05,-4.131038601414162344e-06,-1.638718231603561456e-05,-1.183591658657294862e-05,-1.366255403613017285e-05,-1.479864449643015183e-05,-9.160745823504330311e-06,7.147573303695825293e-07,6.302407264781934323e-06,7.885616087792352689e-06,8.370962015011161294e-06,6.513913073665603464e-06,4.459271891886464466e-06,2.244401075741408616e-06
1.037928794816084795e-05,1.048159749966890285e-05,7.713140979584484495e-06,8.512739927967804949e-06,1.077970020859931669e-05,1.186272049088006929e-05,1.173913160347932700e-05,1.314694512195919446e-05,6.050099572587987013e-06,3.173447153908561236e-06,3.519886550735696059e-06,-1.765197183349870456e-06,-5.326740129798535602e-06,-2.985980461259009055e-07,5.508597562473622202e-06,1.274636917734607558e-05,1.524710071435266803e-05,6.189621649230224474e-06,-1.940517663626692686e-06,-1.848132725640620393e-07,-2.474372080822222421e-06,-7.186422193597337653e-06,-1.244760967126132076e-05,-1.199127584836445236e-05,-1.193409746914611640e-05,-1.217416409201162471e-05,-1.039936061636211948e-05,-2.530241237848247081e-06,-3.302191255856947525e-07,1.555823117914965303e-06,1.234675703458732067e-05,3.836601862637759073e-06,-3.662867550283758084e-06,1.762811820153346611e-06,1.273238002163555646e-05,9.370250967879751713e-06,1.188530030718717215e-05,-4.121572128225535403e-06,-1.636486840917769213e-05,-1.180397423125510535e-05,-1.367791395858558095e-05,-1.478839616208258486e-05,-9.185120306908404846e-06,6.848152202983701470e-07,6.322892928583830828e-06,7.909928417662646076e-06,8.365537129447170821e-06,6.586427492118801816e-06,4.452412254971165322e-06,2.248259861361267720e-06
1.037826310298370468e-05,1.047536678986549596e-05,7.733144776091777211e-06,8.508579826090117984e-06,1.076015999546721973e-05,1.188379379820978909e-05,1.175426655299554329e-05,1.315760803581399576e-05,6.058333777459486684e-06,3.168366617166042120e-06,3.502400372124682609e-06,-1.781909902460259030e-06,-5.318170129032020095e-06,-2.840700063355015949e-07,5.527479594909141113e-06,1.279251498745917674e-05,1.521536390191111466e-05,6.243454943222538587e-06,-1.955289721134068826e-06,-2.018448294940890422e-07,-2.458229317521699842e-06,-7.183790523509473561e-06,-1.245556394428102042e-05,-1.196176360354473936e-05,-1.194319469198882093e-05,-1.216569554445752249e-05,-1.042270629282647008e-05,-2.515790874345305102e-06,-3.166832038775532643e-07,1.597309890633587446e-06,1.237112361681026508e-05,3.837669032365449839e-06,-3.684286096857855478e-06,1.786640327863693276e-06,1.270019083032713848e-05,9.381169094845680212e-06,1.188955752240044279e-05,-4.143557935285168042e-06,-1.630784769416552163e-05,-1.181951236822366927e-05,-1.369131839298279402e-05,-1.479175155857189824e-05,-9.173709153818624732e-06,7.136015270114647675e-07,6.344980434372434658e-06,7.831513829011082982e-06,8.447716237931101766e-06,6.468773240374144751e-06,4.449851911652019807e-06,2.259332563259164317e-06
1.038356362008028999e-05,1.049404847642512066e-05,7.744543173392819091e-06,8.532516544756452010e-06,1.079116990828423865e-05,1.188188145185834026e-05,1.175503460786303506e-05,1.318394327543377283e-05,6.065070319358233287e-06,3.161472305269727421e-06,3.528565612929770029e-06,-1.761506912058651391e-06,-5.301510544394892800e-06,-2.772331814020796577e-07,5.504357255175018849e-06,1.277526263420156259e-05,1.522548047258535700e-05,6.230626213805423527e-06,-1.936730734205352042e-06,-1.608030048378215453e-07,-2.467700497814873757e-06,-7.159414881061275734e-06,-1.245305336216488540e-05,-1.197509186822747034e-05,-1.192259258831397542e-05,-1.217515590693321161e-05,-1.041419897786370357e-05,-2.507770333464900180e-06,-2.847249683295817307e-07,1.560149595878491027e-06,1.234472074372340691e-05,3.813834162870820870e-06,-3.688098851115200357e-06,1.785297765143047901e-06,1.272954470092284133e-05,9.381623956997967620e-06,1.189411563467402979e-05,-4.114598982985691683e-06,-1.634428664810496623e-05,-1.181180021666135578e-05,-1.366775669115342768e-05,-1.481012272745077976e-05,-9.201092044456302818e-06,6.685071608367949295e-07,6.313037244656378064e-06,7.897803063199798767e-06,8.411632229203725805e-06,6.543545954250687607e-06,4.421958219209476678e-06,2.206147037569340174e-06
1.039665104875491071e-05,1.047097870065721077e-05,7.744691155061176043e-06,8.547369178276856426e-06,1.080621397384712586e-05,1.187584470891922540e-05,1.177196041530536574e-05,1.316073509086465130e-05,6.055075765862638600e-06,3.173284370509102821e-06,3.520337595487786892e-06,-1.754703548129288848e-06,-5.295792452270452025e-06,-2.708302322931488833e-07,5.501770113371306101e-06,1.277177473028900412e-05,1.523596457432116348e-05,6.250026160074400313e-06,-1.900340113284028962e-06,-1.985236454258098624e-07,-2.440293273788423572e-06,-7.172451361579926613e-06,-1.245140927998187573e-05,-1.199528888457555896e-05,-1.193516668634543968e-05,-1.214644603846699362e-05,-1.040489212490188841e-05,-2.546413140553776699e-06,-3.110939549976235582e-07,1.597313402621280727e-06,1.238367953074222425e-05,3.820822075918024943e-06,-3.674508525299440588e-06,1.789967258664052059e-06,1.272376332484521986e-05,9.396854406246617634e-06,1.189898232988326275e-05,-4.078150472544290763e-06,-1.635402169037235076e-05,-1.183329550747515559e-05,-1.366745011332063224e-05,-1.475551387012227443e-05,-9.205771674883156755e-06,7.497954818916081846e-07,6.334381856933528679e-06,7.897621227175199890e-06,8.409753180633850348e-06,6.524592283445413365e-06,4.542917653534557974e-06,2.147136186254132678e-06
1.039694638042380577e-05,1.049201053217300242e-05,7.750999372735379434e-06,8.505060016017973944e-06,1.081685647708536919e-05,1.189014017394616526e-05,1.174300545103784927e-05,1.317537197717081137e-05,6.071098130340419134e-06,3.156516163697396162e-06,3.520490257988639624e-06,-1.770788804444839144e-06,-5.280179339844801420e-06,-2.662296988525644284e-07,5.537294715943199038e-06,1.276505495954548219e-05,1.524790323542916039e-05,6.243335754679793813e-06,-1.932177963538287006e-06,-1.920093917853728377e-07,-2.451431130497190127e-06,-7.190440121929904923e-06,-1.242371907536441899e-05,-1.195893756484010027e-05,-1.193768963355398247e-05,-1.216431431972894692e-05,-1.041149351063300523e-05,-2.527373633865405624e-06,-2.848053209917832391e-07,1.577749521694642521e-06,1.235679765636560396e-05,3.843304466185963554e-06,-3.669274980815106627e-06,1.788591359827249868e-06,1.271151309520918234e-05,9.405722693073981182e-06,1.190415634711262450e-05,-4.113500301098369127e-06,-1.633120152875434049e-05,-1.183528778430688400e-05,-1.362187798668486124e-05,-1.479841256438665688e-05,-9.147209421065945366e-06,7.224344295732186582e-07,6.375561229374153366e-06,7.909533462060919329e-06,8.433818001345777497e-06,6.539758677290474248e-06,4.581632592316869054e-06,2.210401116961184049e-06
1.041006435243170044e-05,1.049279180495982053e-05,7.734901867288795400e-06,8.521599042403665819e-06,1.081940056873215967e-05,1.191118668945532921e-05,1.177776901537113179e-05,1.316402535563573237e-05,6.082867292269483708e-06,3.193672414485326696e-06,3.552316590476040246e-06,-1.754637548114478773e-06,-5.300960777220418369e-06,-2.778687593662731243e-07,5.524714888271413523e-06,1.277688945935635142e-05,1.522996111712312827e-05,6.233507492527133358e-06,-1.917776807007676152e-06,-1.732964088153406965e-07,-2.451887153036552929e-06,-7.157390846807791930e-06,-1.242135411432672219e-05,-1.198160083603498399e-05,-1.193731720100769283e-05,-1.214444395391104219e-05,-1.039756536407844660e-05,-2.495571215222677086e-06,-3.291792516864250942e-07,1.586544183281097675e-06,1.238872695742936177e-05,3.872763400158212000e-06,-3.688692804976399533e-06,1.772813452812262330e-06,1.273756076674299274e-05,9.444773336074600335e-06,1.190962977355252867e-05,-4.092532874533122348e-06,-1.628758195057131830e-05,-1.183713074322185228e-05,-1.364142307455683354e-05,-1.475162147027489151e-05,-9.155941950800189274e-06,7.292352149369827510e-07,6.380505590694856167e-06,7.964920427495695806e-06,8.445797438246879519e-06,6.525979805139945278e-06,4.486687123791652818e-06,2.281081571544390427e-06
1.039623183684828439e-05,1.047818335249106615e-05,7.744497306583053751e-06,8.539699151022931453e-06,1.082660781171903895e-05,1.188888116296014219e-05,1.176370048292953011e-05,1.317132023981315569e-05,6.096377374566814189e-06,3.191556758257675170e-06,3.556635965171216577e-06,-1.738736140676904253e-06,-5.329909338743935684e-06,-2.608988305777667894e-07,5.495471710417232571e-06,1.277776484871334345e-05,1.527164330853116717e-05,6.264769420612288951e-06,-1.939419321574463790e-06,-1.524463638526100312e-07,-2.456064258386885923e-06,-7.121482038258256728e-06,-1.245864087400022220e-05,-1.194719654537583636e-05,-1.194256303494769537e-05,-1.213141835906537211e-05,-1.037583794638018231e-05,-2.495213961184128005e-06,-2.941292396394729693e-07,1.617743664990029032e-06,1.242374980570933703e-05,3.853330018814643533e-06,-3.680227061250644407e-06,1.790526746920611399e-06,1.273369337017792693e-05,9.395770820933577191e-06,1.191538824837165097e-05,-4.083248543081442794e-06,-1.629600978852298001e-05,-1.180193013759552344e-05,-1.359860028329496397e-05,-1.480270332147029581e-05,-9.105555487809614953e-06,6.895577069944539812e-07,6.367596615066060873e-06,7.899518250221784833e-06,8.412402815875222908e-06,6.616110423167909321e-06,4.427129410862808190e-06,2.267867742036445293e-06
1.038178185772024737e-05,1.051900639064329960e-05,7.747536301355842153e-06,8.554239914441996118e-06,1.082853119294208384e-05,1.190337573151039112e-05,1.174294571152226035e-05,1.317022335549077072e-05,6.056596050266267800e-06,3.190617172069707030e-06,3.549189421056051026e-06,-1.755429934903577812e-06,-5.300577593975551613e-06,-2.873090905971284006e-07,5.527498552631417169e-06,1.278047442554692298e-05,1.526249001257873162e-05,6.228868103026993039e-06,-1.899974871601850182e-06,-1.616020046888984420e-07,-2.444901843461339139e-06,-7.150896207298225809e-06,-1.242806520908967450e-05,-1.195465889351275133e-05,-1.190957779053179987e-05,-1.214290163171526926e-05,-1.037895014106059287e-05,-2.510583124244475654e-06,-2.690116875023707179e-07,1.618001372260423148e-06,1.236736948985409649e-05,3.843465164134478311e-06,-3.658678299449474605e-06,1.769866306953244049e-06,1.270978251054513699e-05,9.437980910566668103e-06,1.192140803633065524e-05,-4.049226611866319243e-06,-1.633099329898540938e-05,-1.179874966443349447e-05,-1.361284631306501412e-05,-1.479266772976160627e-05,-9.158269857573803280e-06,7.206722385712437041e-07,6.353712890487372385e-06,7.920494220172580861e-06,8.425187698980293551e-06,6.543021592384144952e-06,4.604472889613465241e-06,2.198500217723672385e-06
1.040598736324334493e-05,1.051183269070011899e-05,7.733643860495323927e-06,8.564902807280356533e-06,1.080671637539939807e-05,1.189506283039471809e-05,1.176926548824090239e-05,1.317527490515689147e-05,6.095013007030570634e-06,3.195142212621826301e-06,3.526324378187780574e-06,-1.744961525978902321e-06,-5.280348768283331630e-06,-2.688515366737653585e-07,5.543550513576162941e-06,1.278113513328473497e-05,1.526692403142038238e-05,6.256104959121817743e-06,-1.903500594001931767e-06,-1.489938212171994472e-07,-2.448052244191603824e-06,-7.134008345282144874e-06,-1.241719451841756957e-05,-1.192813636911881870e-05,-1.193912788849201953e-05,-1.213689703180557972e-05,-1.034040156773937209e-05,-2.456094439744048909e-06,-2.665302297503093834e-07,1.613919410842922315e-06,1.241312115379185105e-05,3.828389093299974796e-06,-3.628202845852193807e-06,1.834191636504716752e-06,1.273924159778092113e-05,9.402750758622730460e-06,1.192765381365689715e-05,-4.095412050463039965e-06,-1.627598865983688903e-05,-1.182822611259300391e-05,-1.364650450142375178e-05,-1.479191090754100721e-05,-9.132720715288620232e-06,7.316776079482952061e-07,6.409448253458196979e-06,7.923995145609515943e-06,8.448227666042657476e-06,6.618469760497591862e-06,4.518214196694521738e-06,2.250896252930149195e-06
1.041776171247629556e-05,1.049611904258909237e-05,7.761631479281594294e-06,8.569122903382501028e-06,1.082093322952475996e-05,1.189307013982210127e-05,1.177614213210543416e-05,1.317674986173481793e-05,6.065985152579941814e-06,3.206706774324405092e-06,3.563006620727185728e-06,-1.704777318333626222e-06,-5.271986045696064334e-06,-2.651355459659748918e-07,5.543275977110422109e-06,1.280459268410648423e-05,1.526803942414826893e-05,6.275631862141003310e-06,-1.880196977474400238e-06,-1.555868550647228254e-07,-2.417575763449370258e-06,-7.122283121652362383e-06,-1.243320381581476671e-05,-1.191456029615058234e-05,-1.190358631243451874e-05,-1.210798507468978701e-05,-1.035696360911714860e-05,-2.459916676663667976e-06,-2.593935710176617276e-07,1.613409499521735160e-06,1.240652020058425637e-05,3.837857227756884166e-06,-3.625324355214031867e-06,1.799907466045404878e-06,1.273676719366606655e-05,9.447976702434073451e-06,1.193407914792855697e-05,-4.051428462047199205e-06,-1.628790257312004517e-05,-1.180406921916036581e-05,-1.362321764722041452e-05,-1.476609929864797741e-05,-9.164084873413079051e-06,7.376774751712282110e-07,6.406653364273281441e-06,7.891328597284022451e-06,8.442025548254556853e-06,6.620986560378876314e-06,4.515759096577999919e-06,2.264487158943452704e-06
1.042564083333013275e-05,1.051825290256101130e-05,7.750494896561929987e-06,8.551927275323862376e-06,1.082911024570504905e-05,1.190620298400166130e-05,1.178489891607238607e-05,1.321772114623925371e-05,6.086228665125733114e-06,3.224282904274694072e-06,3.563571094884159703e-06,-1.733125476167137027e-06,-5.258659706674967831e-06,-2.672945473426505394e-07,5.526975543833242075e-06,1.281135647106857836e-05,1.528929373516187406e-05,6.279872598686219214e-06,-1.926558196189401949e-06,-1.273786162222253425e-07,-2.430400118565731038e-06,-7.137925617916400659e-06,-1.240063581013967192e-05,-1.190379362247600055e-05,-1.189841399612292632e-05,-1.213380657692610423e-05,-1.035904556431419666e-05,-2.456921721228134404e-06,-2.397575828231644466e-07,1.646678256448675627e-06,1.240722173008274350e-05,3.866898813105302308e-06,-3.604138620227152480e-06,1.803516746814732557e-06,1.276198977526999580e-05,9.441793584947389816e-06,1.194062439716071768e-05,-4.057062510030235092e-06,-1.629830452966461350e-05,-1.179379180002208253e-05,-1.363790366636539209e-05,-1.478051479834784666e-05,-9.144576024510826017e-06,7.388642665735568227e-07,6.459280715752494501e-06,7.949523166936418050e-06,8.451177153487247337e-06,6.678425741294578124e-06,4.492601483507746662e-06,2.288875260909445144e-06
1.042394125144604763e-05,1.051143759531046295e-05,7.743776456998184722e-06,8.554141255387469523e-06,1.083632075675176908e-05,1.190414744499849157e-05,1.179967182754528111e-05,1.321774735678443206e-05,6.093459357910103055e-06,3.184186880299307766e-06,3.556893128517139284e-06,-1.706387782286297371e-06,-5.254865506565648914e-06,-2.086428697067125946e-07,5.550642054057152844e-06,1.282310910048661076e-05,1.528521283129508199e-05,6.305553206923979229e-06,-1.894742422791777583e-06,-1.323482156709737617e-07,-2.403137468852703712e-06,-7.105724583125395101e-06,-1.240602259365549551e-05,-1.191600209540934519e-05,-1.187249292793112776e-05,-1.211042889387590048e-05,-1.036640735949567572e-05,-2.446336286420406488e-06,-2.538149944088189479e-07,1.612896958297569477e-06,1.238397659049913400e-05,3.887809476147009697e-06,-3.623743896250998434e-06,1.854524092253853160e-06,1.275618440333009912e-05,9.446788455685290381e-06,1.194721622370397652e-05,-4.041361346939746776e-06,-1.628310758512107223e-05,-1.178215622564807291e-05,-1.360164064492225284e-05,-1.475995076344920226e-05,-9.084988620605486317e-06,8.262262353177511836e-07,6.353521198173887661e-06,7.896144890939649734e-06,8.445651252692993303e-06,6.617186201243720350e-06,4.558773519901468848e-06,2.264752844279173530e-06
1.041789934718593823e-05,1.051347921938527496e-05,7.779541109309228599e-06,8.550183286722543282e-06,1.084321153823235801e-05,1.195224807875089451e-05,1.179607801667299679e-05,1.319406771099270270e-05,6.100248321319257628e-06,3.219715808561884409e-06,3.559600409338049876e-06,-1.720542884000620034e-06,-5.234522019123659996e-06,-2.308443665174512395e-07,5.539582718901221526e-06,1.281564903690886991e-05,1.528534271362620578e-05,6.278178434946930951e-06,-1.901677830201383548e-06,-1.200035110901101906e-07,-2.415778222619068223e-06,-7.100201700197130015e-06,-1.239450792606748802e-05,-1.189777767943536293e-05,-1.190934281886127469e-05,-1.211043713948928378e-05,-1.035779631931936112e-05,-2.480223125128925526e-06,-2.367870028453403325e-07,1.641619035529448530e-06,1.241452066691478680e-05,3.906566812492150174e-06,-3.620496704105082705e-06,1.812053097084657331e-06,1.279683314080351278e-05,9.452145471343094911e-06,1.195376771129433896e-05,-4.085305396477151626e-06,-1.630631654247219898e-05,-1.174366420364653491e-05,-1.360043911772571895e-05,-1.472370801795674057e-05,-9.128672118334857770e-06,8.261189750325527758e-07,6.426470946462423731e-06,7.989090187292613847e-06,8.432151272842195309e-06,6.689785199845317791e-06,4.488786781306173107e-06,2.280247769864393053e-06
1.042092603763441915e-05,1.051372298537245444e-05,7.783101182095171264e-06,8.554835484313111019e-06,1.085324319105473801e-05,1.193724719560538294e-05,1.179346783853754516e-05,1.320233752739663850e-05,6.116514907335603541e-06,3.216409327301665153e-06,3.600148719453805385e-06,-1.709132282440921596e-06,-5.241635907588096510e-06,-2.453175433539046160e-07,5.559254944778581999e-06,1.283363505814999190e-05,1.530495773659014649e-05,6.297281011942842201e-06,-1.886660538798327786e-06,-1.163422401859453387e-07,-2.388535255320469164e-06,-7.121844723679467667e-06,-1.240081166439146802e-05,-1.191431922216207389e-05,-1.184990498913754802e-05,-1.209583504921417383e-05,-1.033072914917537204e-05,-2.474113063261605925e-06,-2.913089915175516083e-07,1.646460124092053649e-06,1.242313232738155336e-05,3.908975427704191940e-06,-3.587646094649677963e-06,1.841095992470199962e-06,1.276936989961589402e-05,9.448546795805412991e-06,1.196017915147243743e-05,-4.040904210969900534e-06,-1.632161217571272523e-05,-1.175324747684843249e-05,-1.358668961499303145e-05,-1.473064473442647421e-05,-9.084608563542305280e-06,7.383351256900662315e-07,6.399825494222476228e-06,7.968283072651503028e-06,8.484039326495441572e-06,6.608786021384415050e-06,4.641861504329995234e-06,2.306981385563163219e-06
1.041714259144582794e-05,1.052194996230073034e-05,7.767166527455445548e-06,8.558881183318322973e-06,1.083189930267104810e-05,1.190959735619817989e-05,1.181715340944765013e-05,1.318480619568064273e-05,6.125576553664142678e-06,3.199809688595464840e-06,3.585205357603621777e-06,-1.716793682750409965e-06,-5.233094686346042097e-06,-2.488076807333415025e-07,5.574968188795137988e-06,1.282858841179838433e-05,1.530514174323532325e-05,6.304330473453949349e-06,-1.864074069054525131e-06,-1.195975111580236938e-07,-2.399027718059389917e-06,-7.109390811605096495e-06,-1.237162031042181864e-05,-1.189123502175690827e-05,-1.183030348852242620e-05,-1.207441526559919848e-05,-1.033892914766344806e-05,-2.439781949902267518e-06,-2.176270298900988748e-07,1.642245566243141060e-06,1.245945242884693862e-05,3.896818636330461386e-06,-3.571040700248809607e-06,1.851343571093461764e-06,1.277150854713796072e-05,9.465593901714420048e-06,1.196634087041503293e-05,-4.043910014885776714e-06,-1.626301683068153228e-05,-1.178635315259306264e-05,-1.360483125122038244e-05,-1.472754279147668720e-05,-9.051424993470429171e-06,7.453206747355448985e-07,6.357228798838464736e-06,7.918365217088811192e-06,8.464124715857865614e-06,6.588312606599356571e-06,4.612803452364033943e-06,2.315412182845852004e-06
1.046214302044433141e-05,1.053849356261963438e-05,7.813338334860085455e-06,8.572543719251668275e-06,1.083811343522527198e-05,1.191895335106825012e-05,1.183050166203344420e-05,1.321899561153111787e-05,6.122133695575296465e-06,3.238682743190615644e-06,3.616894989884646268e-06,-1.695069473392339300e-06,-5.240784414992032573e-06,-2.301133141853306680e-07,5.586585429154474657e-06,1.285806756386616652e-05,1.529916745803577391e-05,6.294206681601329663e-06,-1.863972150973532710e-06,-1.181813893791183412e-07,-2.396988213277121653e-06,-7.095554984251441367e-06,-1.239733888978557289e-05,-1.189699347852397123e-05,-1.186175415446633908e-05,-1.207760464233784745e-05,-1.034257415544042943e-05,-2.424418880844415100e-06,-2.493856303920656788e-07,1.635577743663685152e-06,1.245003821176919404e-05,3.883375239219492942e-06,-3.586405999294285011e-06,1.882575977689270286e-06,1.277585690059204541e-05,9.475364793036523665e-06,1.197213606952459840e-05,-4.021745587949024452e-06,-1.626674033122034240e-05,-1.177383728239084066e-05,-1.354580777524028536e-05,-1.477089379729469520e-05,-9.083412877457826550e-06,7.920022200048006694e-07,6.442520624214319666e-06,7.938635710239819429e-06,8.506140323479842067e-06,6.634336214568315510e-06,4.484951172390312523e-06,2.260220650114347464e-06
1.043958562417598498e-05,1.053392025462634280e-05,7.767213437992388328e-06,8.583960073472205414e-06,1.087145275511153036e-05,1.194402518711679431e-05,1.182544104080610951e-05,1.320138363949997896e-05,6.129418975528204701e-06,3.219791462748892551e-06,3.593755625305498605e-06,-1.667057539569199490e-06,-5.206533471123789644e-06,-2.149864569094423381e-07,5.569709551109435633e-06,1.285841948802014579e-05,1.532772300242165895e-05,6.306388724061827955e-06,-1.851026063568094553e-06,-1.228625353909576790e-07,-2.379824571806296111e-06,-7.097441044784256193e-06,-1.239497957657961823e-05,-1.187013855651851436e-05,-1.186248656909386672e-05,-1.209031223058335053e-05,-1.033501848122882570e-05,-2.418733365062934162e-06,-2.231605746196301298e-07,1.667244413692392855e-06,1.245338640099114360e-05,3.898507167887977971e-06,-3.565773202062470170e-06,1.856385866749827130e-06,1.279052772126596904e-05,9.468971316432578901e-06,1.197744466299183270e-05,-4.017195424626542406e-06,-1.626638672356757394e-05,-1.174789561808475558e-05,-1.357766390801490395e-05,-1.475750674124687066e-05,-9.129914297384203255e-06,7.833386922509601311e-07,6.387649419162986355e-06,7.963436111483907466e-06,8.470970935713554955e-06,6.682558395982211928e-06,4.512895238702008527e-06,2.350549046462015413e-06
1.045798203172850869e-05,1.056959148595582577e-05,7.786198603410094603e-06,8.564471797044667423e-06,1.087132741896973216e-05,1.195098133967168334e-05,1.183250530153938154e-05,1.321435717257154239e-05,6.156789768556085827e-06,3.223593081353102342e-06,3.599196090471925035e-06,-1.693395445489908878e-06,-5.242106818833934561e-06,-2.186226395840348277e-07,5.596405083411118685e-06,1.280971093495285405e-05,1.529764410128141449e-05,6.302783380561390873e-06,-1.860369486820899721e-06,-1.136596325748758236e-07,-2.368358468946801320e-06,-7.067663417975141459e-06,-1.235343157938187512e-05,-1.186364744139641380e-05,-1.184431197531671003e-05,-1.205504229638272580e-05,-1.029508480346543523e-05,-2.417702954924433626e-06,-1.834027497343640200e-07,1.688679443643894007e-06,1.243505075844568169e-05,3.940172197827113094e-06,-3.581336888729397329e-06,1.905844871059119153e-06,1.281550285582726006e-05,9.475769262213136853e-06,1.198214870602829883e-05,-4.030686969009477306e-06,-1.625097163417882405e-05,-1.177712405207900263e-05,-1.357207314808170103e-05,-1.469743677339049614e-05,-9.101490414668689499e-06,7.623046449076458853e-07,6.391543272847588576e-06,7.968471324849628020e-06,8.468436219102515851e-06,6.588485037052230103e-06,4.627355079662319779e-06,2.277904069530168588e-06
1.046688817316621146e-05,1.050848694049624602e-05,7.775115426306531218e-06,8.578927692867408547e-06,1.084990999781519195e-05,1.194507764180627360e-05,1.183975163232759551e-05,1.321483838260944083e-05,6.123232907661061069e-06,3.221731029396868193e-06,3.595466470320362102e-06,-1.697714380229577831e-06,-5.214320337443457078e-06,-2.219338675428600290e-07,5.576536551047237354e-06,1.283639636820044695e-05,1.532154854302976663e-05,6.323465363835245139e-06,-1.878515722188365895e-06,-9.660526795160433900e-08,-2.380616408726806717e-06,-7.083249299156298338e-06,-1.235737758298861857e-05,-1.187852277049323076e-05,-1.184666365285012068e-05,-1.207246153194580835e-05,-1.027719148963398085e-05,-2.444427555393204503e-06,-2.126455252744396886e-07,1.673858722626537729e-06,1.248983423813253370e-05,3.897327296035961482e-06,-3.549091946338697814e-06,1.867265871071198699e-06,1.280198919677533222e-05,9.430352506568293714e-06,1.198613565286513621e-05,-3.995976799892596286e-06,-1.628520672705603367e-05,-1.175211982586398030e-05,-1.359524140974741134e-05,-1.470725223295676367e-05,-9.121640213817203111e-06,7.747952565957912484e-07,6.465637782061776257e-06,7.989885131819860024e-06,8.527672466885127798e-06,6.616658442778553216e-06,4.529518556065907184e-06,2.316353051217535441e-06
1.046300196112632082e-05,1.058119161885151406e-05,7.788350745545775719e-06,8.572787954930968440e-06,1.088546610224518244e-05,1.196872018415020670e-05,1.183846682193017437e-05,1.323175626688789345e-05,6.124806087111095945e-06,3.229900756387689071e-06,3.599636176705712445e-06,-1.682775950850200014e-06,-5.214019075512099416e-06,-1.933911700654731279e-07,5.573805743956003818e-06,1.286344686249075512e-05,1.530701244256209463e-05,6.309097669387864211e-06,-1.855508676374686280e-06,-1.060766420960626841e-07,-2.381287323760945429e-06,-7.057705301555793222e-06,-1.237343351318736358e-05,-1.188744568024599234e-05,-1.185672000972884514e-05,-1.206090807378504365e-05,-1.026930397822272129e-05,-2.409012461526172132e-06,-2.065144812858163027e-07,1.681703205701348372e-06,1.245918508070364737e-05,3.916307422055530758e-06,-3.548653680831270205e-06,1.865227180832016610e-06,1.277353000100741965e-05,9.475231991693000046e-06,1.198930773806015082e-05,-4.024107580166211696e-06,-1.622892770185051443e-05,-1.176694367766285144e-05,-1.354673469181285346e-05,-1.471703858672121708e-05,-9.071940768962242124e-06,7.729783074569443411e-07,6.409145109206975273e-06,7.979611906061056254e-06,8.511748349059932784e-06,6.657120337342568654e-06,4.567858050899605743e-06,2.303469722641475537e-06
1.041768733262631269e-05,1.055620072000744532e-05,7.810689938486701058e-06,8.563061682687556902e-06,1.087303828829864592e-05,1.194542208099822797e-05,1.183350024418327750e-05,1.319086588098823174e-05,6.108288205092196908e-06,3.267688388026646263e-06,3.621042401140511442e-06,-1.664654765728988788e-06,-5.210134260491383794e-06,-1.827191279042089093e-07,5.588216715104572030e-06,1.285710055257707888e-05,1.531585443645337488e-05,6.315207061940621830e-06,-1.851060853869394330e-06,-8.585637693657663697e-08,-2.392386122002975639e-06,-7.059776129784488734e-06,-1.236338090484228474e-05,-1.189690100864326374e-05,-1.184927543150312033e-05,-1.206135864649567898e-05,-1.029280817978388079e-05,-2.425420104579913248e-06,-1.908498038876561628e-07,1.688632339587566124e-06,1.245768424089165440e-05,3.952694918342467979e-06,-3.583361157713077958e-06,1.878396885840419435e-06,1.281532113482844285e-05,9.487779383026792809e-06,1.199158322783369972e-05,-4.015144222250003054e-06,-1.623785433190687205e-05,-1.172611909652165718e-05,-1.358146360406209430e-05,-1.467044247001443119e-05,-9.077126188841858008e-06,8.016916958403523274e-07,6.398805187814024828e-06,8.000725482083417722e-06,8.504310952433214116e-06,6.633978873473589936e-06,4.583067205266607587e-06,2.328629169171628639e-06
1.044982342023651884e-05,1.055772881893270258e-05,7.777470776098428137e-06,8.561163205353655438e-06,1.086131187751556469e-05,1.193902955483601454e-05,1.181709290435231446e-05,1.322455339513655189e-05,6.127706072855704667e-06,3.231542390334931788e-06,3.627452633824689081e-06,-1.667308992249765150e-06,-5.232665580134492709e-06,-2.052969492837812785e-07,5.573413257284603062e-06,1.285454121195260291e-05,1.531735361614638039e-05,6.316199591900595583e-06,-1.830763561703581105e-06,-8.644937287464441629e-08,-2.390130255566634073e-06,-7.078865817823664246e-06,-1.235255617038011211e-05,-1.184534808498094150e-05,-1.181645152571890194e-05,-1.204837512869728780e-05,-1.027981846927965831e-05,-2.413442954382971348e-06,-1.993896414966533304e-07,1.689814183456784535e-06,1.247941529289513880e-05,3.915910925487621400e-06,-3.591171462904307672e-06,1.872236051407331855e-06,1.283003905676260260e-05,9.478031045316133443e-06,1.199290395875148016e-05,-3.978245344759350250e-06,-1.623732475594150303e-05,-1.174988912574946341e-05,-1.356909948098000446e-05,-1.474238925464664683e-05,-9.087974435533788064e-06,8.241732083382530696e-07,6.420574507302597382e-06,8.060506513552865567e-06,8.515358173420497253e-06,6.745557189340178464e-06,4.532133354152231153e-06,2.243170329808838767e-06
1.044811023754072862e-05,1.056519873269026169e-05,7.808564925677374585e-06,8.585925756080367411e-06,1.086670135690866044e-05,1.192739966192031641e-05,1.181498906976674059e-05,1.323054658536068071e-05,6.138381351243292608e-06,3.233224575097011652e-06,3.608771176720952217e-06,-1.695314125457028260e-06,-5.215539768572630404e-06,-1.888140294767881609e-07,5.569550338789583846e-06,1.287684549183261481e-05,1.531156118891811627e-05,6.344198858645322273e-06,-1.817964503520690936e-06,-9.538210088021579929e-08,-2.357228268626506764e-06,-7.066494898298131817e-06,-1.235322888397889015e-05,-1.185107153369540716e-05,-1.182789289057360236e-05,-1.205301274122554116e-05,-1.030846990078467538e-05,-2.441975684766875222e-06,-2.062135193911455991e-07,1.727649100380535487e-06,1.247874660082533547e-05,3.940892528280377049e-06,-3.565790928362764240e-06,1.867571924439311022e-06,1.281377389758418560e-05,9.498444167801384859e-06,1.199323791986888536e-05,-4.017896126585821355e-06,-1.623973000860888215e-05,-1.177184196716150968e-05,-1.357081685499777018e-05,-1.472302071078917071e-05,-9.061585763002781560e-06,8.040354226723444805e-07,6.424325072985851429e-06,8.009103512961993250e-06,8.470645085646492619e-06,6.657699915489782001e-06,4.532490430555096717e-06,2.295786694044856235e-06
1.043475097519407914e-05,1.052964679004864559e-05,7.778800360219758882e-06,8.585170566691650406e-06,1.087042980841375681e-05,1.195351543612716556e-05,1.183792618086308791e-05,1.323119675298968825e-05,6.114868131520476559e-06,3.255980642096017659e-06,3.596846446545883243e-06,-1.657422602672760408e-06,-5.247071769091375054e-06,-2.079246166560262640e-07,5.570122427518520934e-06,1.285274677740812202e-05,1.535371301279541247e-05,6.327451560634121500e-06,-1.838767846665736889e-06,-9.237378035486241494e-08,-2.356118630066020935e-06,-7.093788354096327611e-06,-1.236131076445168053e-05,-1.184799730002844406e-05,-1.182194588846145494e-05,-1.206599774643162623e-05,-1.029229771451382764e-05,-2.430907326036074275e-06,-1.986205375462020263e-07,1.669756812877996575e-06,1.247037218647839296e-05,3.952657411665672245e-06,-3.571231223009618985e-06,1.886591785222729667e-06,1.280273962378208129e-05,9.468488185959273156e-06,1.199258502348598065e-05,-4.023406699730483904e-06,-1.623430535333019036e-05,-1.177535261785964136e-05,-1.358940537729879785e-05,-1.469564177651354367e-05,-9.089267418507607918e-06,8.043933611465263580e-07,6.417809755794496270e-06,7.995787854280384790e-06,8.490436978830825972e-06,6.684385152700368596e-06,4.515159787069714532e-06,2.250177271978515221e-06
1.043546702599502104e-05,1.055009239484948103e-05,7.775465643260716232e-06,8.578281066035129234e-06,1.087918376552316253e-05,1.193832866807084745e-05,1.183222731416858302e-05,1.322483628956156318e-05,6.128511005392034658e-06,3.258798684902309816e-06,3.616943748473792463e-06,-1.709032339599283393e-06,-5.193731496227745812e-06,-1.958340850986432559e-07,5.569739732393808419e-06,1.284200844825625645e-05,1.533604852785630093e-05,6.336212608318272201e-06,-1.846951978529507963e-06,-7.765795603902319715e-08,-2.345588236038246643e-06,-7.083534630215997288e-06,-1.236703193527765977e-05,-1.186209505130491688e-05,-1.181631525360050063e-05,-1.208121817004114219e-05,-1.031034338216206135e-05,-2.443083794891837425e-06,-2.444993320460079820e-07,1.662601118194588248e-06,1.246971336793147547e-05,3.954261637646801190e-06,-3.580611411178681668e-06,1.865250390618323452e-06,1.281367745250669741e-05,9.478920526585392221e-06,1.199097886767545599e-05,-4.022506233094558608e-06,-1.625666034924575198e-05,-1.174467654357137339e-05,-1.360551516142270232e-05,-1.472932484016542136e-05,-9.075178519179214867e-06,7.598248985284826130e-07,6.430357103045923813e-06,7.958622569304186836e-06,8.485294032893369299e-06,6.513114256971608194e-06,4.555356267167719624e-06,2.286823613291734521e-06
1.042772984840968356e-05,1.057012817828116090e-05,7.816424315286338255e-06,8.580759821813541173e-06,1.084484144361728585e-05,1.191254647663142019e-05,1.184295686101557191e-05,1.321818591034748834e-05,6.154334737015619927e-06,3.249052061347953517e-06,3.646516833191371971e-06,-1.673577872235974847e-06,-5.218712792210953059e-06,-2.131497675043652139e-07,5.595762744388377546e-06,1.284714920330864787e-05,1.530852371541064814e-05,6.320036157492799773e-06,-1.829648237888990075e-06,-8.551932819444412734e-08,-2.371156319433430465e-06,-7.075373168323723417e-06,-1.236032798636219609e-05,-1.188588660247551359e-05,-1.182639125937193018e-05,-1.205582883525886125e-05,-1.027085779281683748e-05,-2.408083896636030580e-06,-2.032913210555394906e-07,1.706950277336668142e-06,1.248854361856408878e-05,3.930168498018405124e-06,-3.574733293337252748e-06,1.852798131452672794e-06,1.281414897395782183e-05,9.480210647745502143e-06,1.198848829930570487e-05,-4.018630960822388968e-06,-1.624662242456014166e-05,-1.175446461332257993e-05,-1.358531449754555078e-05,-1.471753340291925770e-05,-9.103403501850424305e-06,8.217467846887800780e-07,6.482185532727579269e-06,8.000470117172578529e-06,8.543431479917665082e-06,6.632037857687060388e-06,4.551000406087701916e-06,2.228214909168264245e-06
1.042517927388783646e-05,1.054367696901479867e-05,7.771752334449068026e-06,8.602810287687817620e-06,1.087760743320802622e-05,1.194389504719055577e-05,1.182228458363661891e-05,1.322681095528038926e-05,6.143880291475110447e-06,3.223626712549509930e-06,3.590402256689126624e-06,-1.680157576717148994e-06,-5.216358447091091064e-06,-2.019091118085646190e-07,5.569506490671130707e-06,1.287151240470247579e-05,1.533888555269824982e-05,6.309881608747407178e-06,-1.844019123187463280e-06,-1.043113394137508710e-07,-2.383729377602295788e-06,-7.088278155883162316e-06,-1.236426980984402132e-05,-1.187753005945905298e-05,-1.185780843227458806e-05,-1.206703993816203367e-05,-1.028034663094243471e-05,-2.408150098741481749e-06,-1.896171263780495221e-07,1.701734550475400332e-06,1.247626442393323686e-05,3.939014375657478038e-06,-3.574242448512817723e-06,1.868575820222188334e-06,1.280662433377870575e-05,9.473471814215542406e-06,1.198522157562216524e-05,-4.006808938652829822e-06,-1.625415004649778984e-05,-1.174210240693619781e-05,-1.356467697191628161e-05,-1.470635126663232742e-05,-9.093558088654605764e-06,7.282555141673500633e-07,6.420402981714545228e-06,7.966792642221803088e-06,8.513069359693145895e-06,6.634728902087575796e-06,4.478596540322978253e-06,2.326938034675696200e-06
1.047018085116280252e-05,1.054650058604554661e-05,7.814052101638765399e-06,8.582120848389194475e-06,1.083362478929513926e-05,1.193480589142668601e-05,1.181702838530289438e-05,1.322212744146301692e-05,6.114390988099629059e-06,3.246659375159091732e-06,3.597460965060487504e-06,-1.699864296537382367e-06,-5.234885037555015257e-06,-2.321386955797595792e-07,5.572200577074719810e-06,1.286514967395184645e-05,1.531720160498950046e-05,6.304871937531201183e-06,-1.842834046709410850e-06,-1.130208076901553827e-07,-2.384825496610052790e-06,-7.081560820641064877e-06,-1.236984703649512430e-05,-1.189551553334052354e-05,-1.184859367991159802e-05,-1.207993719774314891e-05,-1.031142486343585367e-05,-2.413874030102118619e-06,-2.679787532262461772e-07,1.660365118742828952e-06,1.245144201064216326e-05,3.903759750186243597e-06,-3.584366849585715090e-06,1.868269093834540884e-06,1.282527091898091880e-05,9.487648283791063906e-06,1.198131638835954485e-05,-4.042306399370378131e-06,-1.625032564390869105e-05,-1.176364987166030080e-05,-1.358486991572323609e-05,-1.470880440726965304e-05,-9.087780463103354548e-06,8.650253321313153773e-07,6.369777217960971825e-06,7.969720747169618442e-06,8.493824838496480308e-06,6.707232709966699949e-06,4.595665057104345651e-06,2.341501986572133222e-06
1.042779212367866719e-05,1.053823869448768783e-05,7.792294479592873835e-06,8.568814090381932335e-06,1.087580385772023808e-05,1.193457518484769938e-05,1.183959245320825210e-05,1.322142764707249265e-05,6.128335608582176590e-06,3.228939919531327864e-06,3.588361811834778376e-06,-1.684756766118734989e-06,-5.227430101799250919e-06,-2.108565202541240977e-07,5.549693183239978766e-06,1.285124837911579378e-05,1.533248891481354674e-05,6.321566998769098818e-06,-1.889254430951693327e-06,-1.058204232831462164e-07,-2.404397526839477343e-06,-7.080992246002733039e-06,-1.236022232794751227e-05,-1.186608017658998795e-05,-1.186276765403298254e-05,-1.208178190823811802e-05,-1.028730438105583500e-05,-2.446618242997122847e-06,-2.459199600181598387e-07,1.676131558043485879e-06,1.243567926130546406e-05,3.934381054365929312e-06,-3.580389538603899776e-06,1.828534649575699024e-06,1.276359026225838201e-05,9.438946406973301365e-06,1.197693837757623676e-05,-4.025656066291501234e-06,-1.624907454768691501e-05,-1.175839711210366121e-05,-1.354016295688585190e-05,-1.472147322589004884e-05,-9.098937881543137766e-06,7.846842164175646940e-07,6.385867193077644998e-06,8.015768727261275080e-06,8.362296784473707991e-06,6.605185546662374435e-06,4.589036339602962334e-06,2.268999877244082370e-06
1.044800603335793487e-05,1.052872415759065805e-05,7.777764444393457470e-06,8.511704049768878847e-06,1.085479630989863068e-05,1.193383971078075287e-05,1.181934621545393099e-05,1.319831718843564726e-05,6.106525944129142017e-06,3.238788346918215996e-06,3.589069458583996642e-06,-1.705220374622025420e-06,-5.254174771928909362e-06,-2.275431283888088511e-07,5.556896373921499400e-06,1.285265203129641404e-05,1.532040451144951938e-05,6.297601901087338068e-06,-1.877662872941836722e-06,-1.094654527797605381e-07,-2.371122335622844786e-06,-7.100439024288336711e-06,-1.238067190138329292e-05,-1.190546839612308141e-05,-1.185161134155363737e-05,-1.208132973093032415e-05,-1.032776163726698912e-05,-2.399785615881418567e-06,-1.901820268286102357e-07,1.651319793381924915e-06,1.243822261825774140e-05,3.912378229411099526e-06,-3.583690879225660314e-06,1.863986375772648932e-06,1.280286265689593631e-05,9.466032757963339686e-06,1.197227035927751538e-05,-4.000233175295106282e-06,-1.626973115955320347e-05,-1.173608109618460680e-05,-1.358946681466894107e-05,-1.469853590694191968e-05,-9.082527716184224612e-06,7.249734235480167530e-07,6.390846762267048189e-06,7.973845859365975212e-06,8.515812114894381624e-06,6.603874865190247179e-06,4.495797057142024584e-06,2.290480163818761173e-06
1.043884838797975220e-05,1.053526232076843788e-05,7.754912127934586205e-06,8.575318256262836892e-06,1.082790854467396780e-05,1.195309951916347271e-05,1.180993255696762348e-05,1.320964438418510188e-05,6.152686811486918682e-06,3.226333572381195478e-06,3.580127135365246643e-06,-1.699176115248652280e-06,-5.236200817833732672e-06,-2.281909288894355872e-07,5.528198464366335189e-06,1.286375640257421085e-05,1.530264911051520979e-05,6.301644130696018553e-06,-1.834733458272786765e-06,-1.162049617527128555e-07,-2.383171106697770403e-06,-7.097545830605044778e-06,-1.239637457853617389e-05,-1.189794741844985316e-05,-1.185735596854862039e-05,-1.208955278355911774e-05,-1.031053957696248290e-05,-2.448959753743821332e-06,-2.438550511406899046e-07,1.687212444367285083e-06,1.243106538715522238e-05,3.899737641050937780e-06,-3.606928278355711929e-06,1.877316638456143136e-06,1.280433413665803587e-05,9.469128311692143229e-06,1.196749593649958242e-05,-4.015169036694235851e-06,-1.624895573280417109e-05,-1.177727348285051768e-05,-1.356046660481503331e-05,-1.470517554015140887e-05,-9.097028106378060865e-06,8.157273897674247849e-07,6.406381572294216730e-06,7.953659839904161379e-06,8.460132634584461322e-06,6.660039775226991857e-06,4.540774217067310922e-06,2.328059366518447247e-06
1.043224238981054888e-05,1.052956653811389068e-05,7.808461126284233430e-06,8.579457575246319433e-06,1.085689179104195667e-05,1.192196121907137395e-05,1.182373253153153724e-05,1.320647696079285922e-05,6.115783401815453220e-06,3.214722663157975087e-06,3.596125586963331025e-06,-1.737128042355399708e-06,-5.252465604597602348e-06,-2.437366122345553108e-07,5.550797735258082691e-06,1.284710241560611239e-05,1.527187325536500547e-05,6.293702838746506979e-06,-1.857887778866974176e-06,-1.449275114093645503e-07,-2.368615404043558716e-06,-7.126098052869739756e-06,-1.238789519633460719e-05,-1.186286502594068094e-05,-1.189130898687564843e-05,-1.209354380209699352e-05,-1.032944345878012289e-05,-2.459723502364387489e-06,-2.194569263723936683e-07,1.663491805123979006e-06,1.242892550569489080e-05,3.912766258117342268e-06,-3.611252429727185585e-06,1.853294421723039490e-06,1.275311315829002451e-05,9.482872245952831905e-06,1.196279804337210310e-05,-4.062737875167147913e-06,-1.624335458949493967e-05,-1.173769396567169744e-05,-1.361673109508021851e-05,-1.477732584704398918e-05,-9.108880707589676114e-06,8.045116999582921719e-07,6.367525660266464636e-06,7.972351996124011589e-06,8.486873359458300340e-06,6.637095312263159043e-06,4.467370621191359820e-06,2.194772079260732599e-06
1.041622689678454526e-05,1.053069003626587823e-05,7.757987654767961139e-06,8.569417108986741158e-06,1.082043362403561751e-05,1.192257614002896879e-05,1.180384374897014521e-05,1.320416963369221734e-05,6.130946298630279812e-06,3.204561156543047547e-06,3.601097014755404411e-06,-1.707253948508085056e-06,-5.228338811937633132e-06,-2.150963353509590293e-07,5.563287972349300027e-06,1.283175453474315721e-05,1.528447593834174106e-05,6.315195452529779433e-06,-1.864968896403251603e-06,-1.397506794524365793e-07,-2.397115963937965197e-06,-7.112212312629561520e-06,-1.240644636166364890e-05,-1.190082449524954445e-05,-1.187312281367669498e-05,-1.210537537804453743e-05,-1.033481336946766577e-05,-2.444943217846627269e-06,-2.485425183196777544e-07,1.629745583773818712e-06,1.243538399927242661e-05,3.887185013665620067e-06,-3.592367521414018197e-06,1.849001579610510336e-06,1.278014460419707689e-05,9.463253451546915949e-06,1.198237802197965675e-05,-4.043036081796805584e-06,-1.630130896458568179e-05,-1.176007874759750758e-05,-1.356467495120820260e-05,-1.476349681536646898e-05,-9.124767123728153283e-06,7.603225058218647953e-07,6.395541884504912004e-06,7.980921909284081155e-06,8.484992507193055009e-06,6.520913056654178406e-06,4.550305394603414579e-06,2.284246292312542749e-06
1.042496478090105572e-05,1.052385860646141202e-05,7.784486465507962371e-06,8.555683038218531722e-06,1.083313702165833182e-05,1.191007115713317390e-05,1.179059269338033378e-05,1.321863483044991625e-05,6.089273057474976554e-06,3.214020740024823903e-06,3.604171892644220907e-06,-1.712814206457723482e-06,-5.248993043488429182e-06,-2.420138239365706087e-07,5.571983963887182870e-06,1.283293483708055923e-05,1.530971114622731285e-05,6.266993621180706786e-06,-1.890817641788992244e-06,-1.181060871865666930e-07,-2.387641329508900056e-06,-7.115492124669230263e-06,-1.240498635589657037e-05,-1.190883723726296783e-05,-1.189043140984973119e-05,-1.207970891011808832e-05,-1.031909659627883303e-05,-2.440046517567620078e-06,-2.254226846651101074e-07,1.646117970173822987e-06,1.242661427280026302e-05,3.891759505467851568e-06,-3.631466794680032265e-06,1.836201702327444221e-06,1.278027785044853546e-05,9.451890430136562351e-06,1.197054257168231420e-05,-4.040281052490027588e-06,-1.627034207093082762e-05,-1.175711867335531330e-05,-1.362405016633604973e-05,-1.474925244609872936e-05,-9.101329927949702907e-06,7.776522357229174606e-07,6.397777830324719625e-06,7.993269251887075302e-06,8.435882864166188372e-06,6.641191551217540501e-06,4.574921505282403749e-06,2.331690549670105522e-06
1.042898991385248080e-05,1.053067830387437813e-05,7.765347644569201520e-06,8.550705780275727369e-06,1.084676675967558106e-05,1.192345546240027714e-05,1.180811817297219554e-05,1.320820174181462407e-05,6.114613198186217327e-06,3.225877893679072308e-06,3.554579592403577218e-06,-1.718629562089354171e-06,-5.247695891536662483e-06,-2.342433388497810633e-07,5.553848442282759342e-06,1.283880333081696732e-05,1.527162231799687476e-05,6.279723001371900079e-06,-1.897358031079798493e-06,-1.152690448862331412e-07,-2.397767908514150896e-06,-7.110211007428135271e-06,-1.239960485957799304e-05,-1.191693787458413102e-05,-1.186772945386681022e-05,-1.208767966531180865e-05,-1.033227756224698705e-05,-2.466241459117161106e-06,-3.057584691526734648e-07,1.641186175494581892e-06,1.242350944983311494e-05,3.893601440430634528e-06,-3.640285880501219178e-06,1.851518194034798772e-06,1.275259062146652315e-05,9.454261304258819044e-06,1.194102270573614722e-05,-4.031913521743543856e-06,-1.630340615580035384e-05,-1.179547849541963748e-05,-1.360344617623434931e-05,-1.475219238516252083e-05,-9.074886322239890179e-06,7.230949535542599454e-07,6.404756472556229317e-06,7.937065035702687630e-06,8.480319475345526298e-06,6.614827121244702934e-06,4.552956236141337114e-06,2.304746982817128977e-06
1.039004498915047210e-05,1.050821857863018307e-05,7.783463154464040286e-06,8.595354267961713714e-06,1.085497122994967298e-05,1.189553686380473664e-05,1.176947866356157345e-05,1.319710791256422743e-05,6.117484188699880569e-06,3.201217223068065721e-06,3.575917813291388720e-06,-1.693288730570968753e-06,-5.261594680697180878e-06,-2.534719094545548270e-07,5.531150433665246716e-06,1.283505871566267072e-05,1.528145477942171028e-05,6.286011122392607333e-06,-1.885503880972501696e-06,-1.348472645793026620e-07,-2.402064122718926335e-06,-7.134874979652092602e-06,-1.243093154990316397e-05,-1.190458884665056271e-05,-1.189668958806798105e-05,-1.211977412618587031e-05,-1.035369479271429381e-05,-2.460731465571022715e-06,-2.686055243871998140e-07,1.673242191295286670e-06,1.238926810937133284e-05,3.866758525291855558e-06,-3.622156063700844156e-06,1.794758806329958953e-06,1.275152571743122767e-05,9.456996907168930711e-06,1.193676522138411393e-05,-4.023686364529072230e-06,-1.625577684095165943e-05,-1.180738270773895395e-05,-1.364909936965982516e-05,-1.471520565316156753e-05,-9.137234434317904725e-06,7.625528297767931645e-07,6.378479842417963684e-06,7.903404454394953531e-06,8.436869354146285199e-06,6.594197780683093427e-06,4.461643829392020659e-06,2.309695953605527045e-06
1.043752058341003026e-05,1.048903933008229266e-05,7.745376996341685869e-06,8.540792978362077970e-06,1.081728934784849680e-05,1.192834750260278204e-05,1.176621453579049010e-05,1.318437324146814595e-05,6.089916571765452659e-06,3.235112133394478514e-06,3.540911872169457969e-06,-1.716234401506870378e-06,-5.261901427711269404e-06,-2.453522516356002585e-07,5.532702213588185467e-06,1.281866257150032674e-05,1.529225542947489929e-05,6.296357913680018042e-06,-1.896393218568544743e-06,-1.357606379315257020e-07,-2.420448331265733114e-06,-7.134672555587615693e-06,-1.241067805545735559e-05,-1.188895661840086764e-05,-1.191698519113881405e-05,-1.212408076066080616e-05,-1.033860895839419991e-05,-2.473740020030546590e-06,-2.804591544192854511e-07,1.654613740293647138e-06,1.240553472928270248e-05,3.882739676212759047e-06,-3.613938978301433164e-06,1.818232054264823404e-06,1.272792684656375539e-05,9.417895639716645806e-06,1.195730300594317760e-05,-4.053259051088953300e-06,-1.628342590942800542e-05,-1.177221649073490020e-05,-1.359538450903688735e-05,-1.474127535611734431e-05,-9.081600317947824565e-06,7.999280447198017582e-07,6.358431867671658644e-06,7.856930459631134158e-06,8.439523181161069629e-06,6.583493231440090638e-06,4.507763042691816532e-06,2.257015133569079824e-06
1.040431427227565391e-05,1.050492292764265051e-05,7.766047802244730082e-06,8.541988068925596139e-06,1.082857702279561365e-05,1.192080267364669708e-05,1.177101787503196806e-05,1.320092224153386348e-05,6.101963377075818563e-06,3.194023226868312545e-06,3.566509542172158346e-06,-1.709119315341180157e-06,-5.270016734300738494e-06,-2.506573893895928577e-07,5.544375683140253202e-06,1.282465254755300338e-05,1.527201660940341984e-05,6.281883882234282246e-06,-1.906461195337949874e-06,-1.519439633401063587e-07,-2.424363200455126419e-06,-7.136588308982801249e-06,-1.240495556867417597e-05,-1.192037713114554608e-05,-1.190015224568726336e-05,-1.211041609810177087e-05,-1.032176789036267685e-05,-2.488821531303125209e-06,-2.521631273038962213e-07,1.638176107326596299e-06,1.241113000695079391e-05,3.865204039892640380e-06,-3.622451158990735588e-06,1.828170379398435341e-06,1.275467759882570412e-05,9.417392545045295290e-06,1.194009759597759047e-05,-4.060753169180956727e-06,-1.629497285722091970e-05,-1.180873771267193823e-05,-1.360150732077487464e-05,-1.479156444770374575e-05,-9.119561447678864208e-06,7.469300335531847169e-07,6.423406215878491306e-06,7.905167572395422753e-06,8.432632344721603426e-06,6.606483288086137875e-06,4.589827832641490910e-06,2.302898785526012696e-06
1.040006900724257804e-05,1.051777669505717152e-05,7.767323745434098666e-06,8.573298416790550155e-06,1.083282611572675579e-05,1.191669063683906670e-05,1.179582685043264197e-05,1.318318234466608697e-05,6.111975714066391168e-06,3.196409589193436025e-06,3.572886836181323731e-06,-1.728028410229896546e-06,-5.269352956767882722e-06,-2.282343536205815616e-07,5.551198031652276834e-06,1.282052596035273549e-05,1.530834342545157604e-05,6.291457561653435445e-06,-1.896253716213346407e-06,-1.566198274590610367e-07,-2.423918222995402227e-06,-7.128654886374891774e-06,-1.239623199998236566e-05,-1.190311409411059296e-05,-1.189742236703430837e-05,-1.215353223897090223e-05,-1.032709213785635999e-05,-2.455062314890294617e-06,-2.778197786777621719e-07,1.634005138891800065e-06,1.240398225977336424e-05,3.874067583279608681e-06,-3.636574327338497009e-06,1.839919214573685444e-06,1.278984796282094777e-05,9.454632688667757645e-06,1.196296950875968817e-05,-4.051680996007524817e-06,-1.629333697767547756e-05,-1.180025209445682815e-05,-1.361330669107775295e-05,-1.475146643352353224e-05,-9.116528038450467518e-06,7.782082743272171562e-07,6.355587825810828179e-06,7.907531180955759917e-06,8.456076564212325249e-06,6.632958178395591041e-06,4.518235460817816756e-06,2.238179514398772132e-06
1.039872471600785829e-05,1.049825067794587624e-05,7.753206938637555046e-06,8.544155032211433621e-06,1.081371369007895852e-05,1.191784580482840011e-05,1.180158976115003095e-05,1.318448928537379111e-05,6.108479091982116604e-06,3.196771522547233120e-06,3.559770441632393128e-06,-1.718332935617931990e-06,-5.264720955775592984e-06,-2.435646786907955173e-07,5.521490969184166297e-06,1.281616664296379571e-05,1.529303969029158827e-05,6.273759104343209131e-06,-1.884202380156609882e-06,-1.399961668789803549e-07,-2.413119346917668621e-06,-7.133062393064000752e-06,-1.237378058179346550e-05,-1.192692604869949393e-05,-1.187768643866938636e-05,-1.211606205218664192e-05,-1.035029843400590198e-05,-2.486568950405709155e-06,-2.561182414335021102e-07,1.619383774253467745e-06,1.238916693178539045e-05,3.883721260023483369e-06,-3.642577543454856724e-06,1.826005899010029377e-06,1.277424743033606193e-05,9.415529109342474402e-06,1.197199863729826310e-05,-4.041061628101527360e-06,-1.627502526045222387e-05,-1.177304690926783393e-05,-1.364039169555191050e-05,-1.478746476290959581e-05,-9.160640579553767205e-06,7.417126939869598426e-07,6.393773139551570659e-06,7.977810979731020136e-06,8.449407983007625622e-06,6.538605075818147693e-06,4.563330295730984661e-06,2.250079164066077967e-06
1.043201265668779709e-05,1.050754563199075053e-05,7.769274912340004885e-06,8.539859838617153679e-06,1.081941199324095113e-05,1.190294676497524982e-05,1.177187858078959365e-05,1.318186732514357283e-05,6.093833328147003186e-06,3.201701104849492695e-06,3.566375700380373495e-06,-1.732889099378317858e-06,-5.282850416495223299e-06,-2.432001222229082871e-07,5.522945372455333506e-06,1.277640134803656768e-05,1.527885065979701248e-05,6.274559544039687542e-06,-1.904517713832563638e-06,-1.643465556179450082e-07,-2.428657100359438384e-06,-7.126450208338769224e-06,-1.243643743975581091e-05,-1.191424763433033861e-05,-1.189056538861265167e-05,-1.212985469588348013e-05,-1.034794260657502465e-05,-2.469284530278300101e-06,-2.435451188843893825e-07,1.623870061814795884e-06,1.241936164898747085e-05,3.911595514078284889e-06,-3.662682900249481177e-06,1.807271355404013753e-06,1.275575790079622545e-05,9.447440222888241063e-06,1.195449636703793407e-05,-4.065468989332378620e-06,-1.632947926380514119e-05,-1.179564493449201934e-05,-1.362157495877833535e-05,-1.478406178564721048e-05,-9.114060842640742894e-06,7.238929920643884335e-07,6.336377886933460430e-06,7.921662625127657344e-06,8.468314881697563788e-06,6.599889431844163624e-06,4.509560415641037147e-06,2.172833297516738118e-06
1.040587914623639348e-05,1.049389406394165307e-05,7.767019354661860569e-06,8.538790554629485798e-06,1.081239138220306545e-05,1.190022622962002660e-05,1.176215725298669614e-05,1.317500042877875736e-05,6.086535148932487667e-06,3.201978738800075728e-06,3.560504913295163428e-06,-1.718879726286815000e-06,-5.252197444174411627e-06,-2.696344114619866715e-07,5.557281909213077543e-06,1.281558986704086632e-05,1.525208298435908707e-05,6.275726032474689433e-06,-1.902997517161595490e-06,-1.570720338897581419e-07,-2.409773335815728025e-06,-7.123388845747437478e-06,-1.241130932893095107e-05,-1.191072697191209763e-05,-1.190775381950578712e-05,-1.213527410847334931e-05,-1.034125662915119083e-05,-2.471703520741876819e-06,-2.660000090475439651e-07,1.634200271701960965e-06,1.238830226057957613e-05,3.885520952323097422e-06,-3.629193333737721838e-06,1.825765113869164148e-06,1.275547281330710413e-05,9.427802047165723779e-06,1.194801837183234840e-05,-4.051348536792480168e-06,-1.628773381696112637e-05,-1.178992864733511654e-05,-1.360148540438536962e-05,-1.477453747865867777e-05,-9.132633386755575631e-06,7.411727537460710069e-07,6.395464918169184681e-06,7.887399041921550123e-06,8.513263370241122522e-06,6.604555496943711351e-06,4.481499096757779707e-06,2.111059403116640047e-06
1.041883574041322390e-05,1.050808838388998273e-05,7.736090238199577784e-06,8.548428658737447801e-06,1.081334295917099728e-05,1.191186014027358155e-05,1.176319883546878148e-05,1.319940030272496515e-05,6.098263583471502850e-06,3.182156244066710503e-06,3.603475394098165393e-06,-1.749690571490980900e-06,-5.255353104472228322e-06,-2.674809159821355965e-07,5.535299071030718377e-06,1.282061333413412936e-05,1.527585096817009073e-05,6.279373392631613419e-06,-1.914549172823693923e-06,-1.770746995916604107e-07,-2.444568284324803678e-06,-7.149032900984973100e-06,-1.239486585429289184e-05,-1.193167618347657646e-05,-1.190821863722126653e-05,-1.211430118102180617e-05,-1.034957237883937020e-05,-2.464721942464306259e-06,-2.468863324511960723e-07,1.595772156359503481e-06,1.240532962888755580e-05,3.867352779604448151e-06,-3.650975891848856361e-06,1.821664336451944462e-06,1.276144879780499914e-05,9.426479602332716017e-06,1.197063424363288102e-05,-4.043034245669564834e-06,-1.630697394626909902e-05,-1.179262606110549113e-05,-1.361684865341688505e-05,-1.472833628641928787e-05,-9.106413579266151292e-06,7.424661873442255501e-07,6.393811274157153106e-06,7.950451864489027938e-06,8.434483528061220847e-06,6.626016540649437980e-06,4.482221487798332534e-06,2.153124994439670249e-06
1.042179183296892514e-05,1.050801041211558198e-05,7.762119077195520019e-06,8.534291312008910368e-06,1.082504576544659178e-05,1.189914048634128380e-05,1.177268718170447554e-05,1.317660209657831615e-05,6.106500792669947384e-06,3.189950828463850369e-06,3.552220139591334402e-06,-1.718239089554847599e-06,-5.276512148313906838e-06,-2.660044617303779904e-07,5.513293725326699136e-06,1.279323549384188772e-05,1.524855312588706807e-05,6.246939189186298996e-06,-1.906051064574179911e-06,-1.636486040968055473e-07,-2.425876159601229867e-06,-7.146082871615314678e-06,-1.240799877249244021e-05,-1.193709907485295906e-05,-1.189749761611579348e-05,-1.212192250002025745e-05,-1.033970457955324218e-05,-2.484812529557679229e-06,-2.770513522979253535e-07,1.643483444131555330e-06,1.238516092587777267e-05,3.874054269053696720e-06,-3.672403911092887415e-06,1.795150222889273675e-06,1.277020587693834889e-05,9.420588658112397250e-06,1.191909860005402201e-05,-4.076725367120479087e-06,-1.632157469695745411e-05,-1.180997303365028108e-05,-1.363358654913260260e-05,-1.477726281086787710e-05,-9.136112816472352562e-06,7.103125854512643392e-07,6.354147057608340535e-06,7.914112578390480342e-06,8.477959871008042356e-06,6.589198319272819881e-06,4.514484880274602930e-06,2.238712098088870168e-06
1.037318425916534827e-05,1.051405561178541794e-05,7.791210836390635467e-06,8.568081369243365947e-06,1.082009750954432299e-05,1.193684145193881269e-05,1.174654743395066627e-05,1.320067730702576636e-05,6.096110585393604064e-06,3.185612402673469895e-06,3.550118452129676216e-06,-1.750301585743040517e-06,-5.266279154850457779e-06,-2.430191689661853510e-07,5.548442042458358261e-06,1.283992487522685851e-05,1.526557350342284237e-05,6.267164328892666094e-06,-1.899240811731985633e-06,-1.413594912523404553e-07,-2.427615571927350415e-06,-7.132583715642825603e-06,-1.243146937785275941e-05,-1.193690377417908176e-05,-1.189369074294454320e-05,-1.214733136716222937e-05,-1.033045379067779905e-05,-2.489452982725603957e-06,-2.582669450224925147e-07,1.639188753560797729e-06,1.240435984072600146e-05,3.828717789104049867e-06,-3.603919090721133280e-06,1.806497628301242035e-06,1.273765073398333234e-05,9.410926671754875602e-06,1.193930698245072942e-05,-4.008180987764414805e-06,-1.629460452781117532e-05,-1.180209985267126677e-05,-1.361811246944148238e-05,-1.481154723608480686e-05,-9.066518864572458073e-06,7.470217818630531231e-07,6.375984568790808967e-06,7.959842823106951060e-06,8.462029805824617125e-06,6.581368902608951737e-06,4.533624202571383449e-06,2.258685354298053628e-06
