4.207027147347445318e-05,4.691860907236376581e-05,5.189682425603288601e-05,5.690393610251274614e-05,6.189316071060651007e-05,6.649775835289064012e-05,6.768714116162257008e-05,6.816354061193286929e-05,6.775194280651979420e-05,6.621045608678843104e-05,6.333030391956275288e-05,5.884850335957715378e-05,5.252709543355956736e-05,4.421618496270066453e-05,3.377058964906187396e-05,3.528247340806404400e-05,3.704581883370507985e-05,3.643326009838090447e-05,3.358856432500715217e-05,2.886820625065266051e-05,2.282464224882490666e-05,1.619304181822198667e-05,9.658109483467005370e-06,3.669688501878152827e-06,-2.026005502957439467e-06,-8.570679747227866543e-06,-5.517632166187412304e-06,1.045801802872772776e-06,8.862482761844022271e-07,-1.224096373020344686e-05,-2.894141537103000060e-05,-6.705084604812834191e-05,-1.118894273015658743e-04,-6.526069392376657435e-05,-3.202853303012620772e-05,3.728736597004752429e-05,6.634529393322487602e-05,7.218492218510948340e-05,5.483960165935782086e-05,7.253913073591139980e-05,8.710515620685127373e-05,9.343231175604088689e-05,9.454559874832272888e-05,9.265567175243995528e-05,8.920933174811974443e-05,8.263212805453262603e-05,6.324433541045867740e-05,4.701480238195155861e-05,3.353262091090931403e-05,2.046574983529669958e-05
4.206874698365252956e-05,4.692442030074980413e-05,5.188616339021648815e-05,5.689457716220381375e-05,6.189000229046762570e-05,6.650064060210971915e-05,6.767545007752848792e-05,6.816451063239615540e-05,6.775224275358899737e-05,6.623440649294304165e-05,6.333752366321482156e-05,5.885790999054490839e-05,5.254934839726025454e-05,4.421558220126864999e-05,3.376846975350042049e-05,3.528339169672061197e-05,3.704134115704397356e-05,3.644414792585822042e-05,3.358491076746781363e-05,2.885184063606591702e-05,2.281893638270592596e-05,1.618821361665548716e-05,9.670724074465711722e-06,3.661688122766769724e-06,-2.011768641084193819e-06,-8.573071500217466901e-06,-5.509797434978830394e-06,1.043823121906896344e-06,8.869089619026579535e-07,-1.223829124337565053e-05,-2.893982641308632820e-05,-6.704498641008755332e-05,-1.119107518510839994e-04,-6.525487406454510302e-05,-3.202056955594242271e-05,3.729395556117751770e-05,6.634637720679268844e-05,7.217394440820109876e-05,5.485339262198155540e-05,7.252579538947959549e-05,8.710301568139742004e-05,9.342899865898692750e-05,9.455336491222461094e-05,9.265381762544793256e-05,8.921374204933353418e-05,8.265833704768885170e-05,6.327649869924653928e-05,4.701624096588300134e-05,3.353421116959565904e-05,2.045117083768755099e-05
4.206900311264933224e-05,4.691808924863693716e-05,5.188982021473174309e-05,5.691191438461909913e-05,6.188062542751350027e-05,6.650205604278214451e-05,6.769573391828433552e-05,6.818047083583649319e-05,6.775165596097651802e-05,6.622840940225502065e-05,6.334319141257220044e-05,5.884210603579330845e-05,5.254154816039844451e-05,4.423001118655537300e-05,3.376697724326448196e-05,3.528601668103335240e-05,3.704186318696966242e-05,3.643576684209991006e-05,3.358515079744552582e-05,2.885437271525062567e-05,2.281403583322523737e-05,1.618020208695186921e-05,9.664131467528584395e-06,3.665911948360432485e-06,-2.003635144727637487e-06,-8.578219446816438021e-06,-5.510787391916131705e-06,1.043865421032041671e-06,8.950814640255078765e-07,-1.223381005229279739e-05,-2.893912497366395726e-05,-6.704679479211754489e-05,-1.118913430331264843e-04,-6.525990710835643995e-05,-3.202678807615095576e-05,3.729068124058709799e-05,6.634755733488357338e-05,7.218378343652314408e-05,5.484580004958516909e-05,7.253696121042958115e-05,8.710290690656585723e-05,9.343154188314816918e-05,9.456622095890098573e-05,9.265692356621783551e-05,8.920341713918849961e-05,8.262635635837861528e-05,6.329197360284211972e-05,4.703987024564412999e-05,3.355704671093433255e-05,2.043494285767995965e-05
4.207827139066510101e-05,4.692649814178371332e-05,5.190520158926067735e-05,5.691374206258766272e-05,6.188982712882081481e-05,6.650716798990430063e-05,6.768603360473192789e-05,6.817180419535379143e-05,6.775039460915352008e-05,6.622598801722449598e-05,6.334470610306980819e-05,5.884895833210010765e-05,5.254774794495085748e-05,4.420882213609501589e-05,3.377408333291452878e-05,3.528022063646784392e-05,3.704501176981596551e-05,3.643614901843963863e-05,3.357360994224540466e-05,2.886371133282010525e-05,2.283029770697921637e-05,1.618462251494252082e-05,9.683090868597220061e-06,3.663136027377791575e-06,-2.011537716111447246e-06,-8.574519071682856004e-06,-5.497049732882220853e-06,1.057069712930981578e-06,8.974401869778173300e-07,-1.223875473833725417e-05,-2.894364433719988491e-05,-6.705126430149429748e-05,-1.118892915284263576e-04,-6.525306172819070826e-05,-3.202525996368476045e-05,3.729032405661177572e-05,6.634884080445123237e-05,7.218775062563908401e-05,5.484671559265817106e-05,7.253374798172223289e-05,8.710018032036392238e-05,9.343611945054401094e-05,9.455958681303532510e-05,9.265856411062926802e-05,8.920550788006925572e-05,8.263269231809443176e-05,6.326241515422475071e-05,4.703233324958185329e-05,3.353433017097882203e-05,2.044087172373463364e-05
4.207299870951078846e-05,4.692700793483795359e-05,5.189771448504998960e-05,5.690240983791050117e-05,6.189684081434812383e-05,6.650556028150288862e-05,6.768920075668744647e-05,6.817588321306728804e-05,6.775985964343916889e-05,6.622881569092709214e-05,6.333380978856459863e-05,5.885807867713553062e-05,5.254751637435179642e-05,4.419550869144055970e-05,3.377331532046089387e-05,3.529964067893961738e-05,3.704393934663876675e-05,3.644051016754949870e-05,3.359008007857829185e-05,2.886312751725989895e-05,2.283981483063470387e-05,1.619140413239934369e-05,9.665872903200342487e-06,3.666479513450307782e-06,-2.012423301474737959e-06,-8.572496806042389063e-06,-5.513528459029486726e-06,1.045529441262066862e-06,8.831922221678201195e-07,-1.223667836333333336e-05,-2.893337944701355286e-05,-6.704318054935860078e-05,-1.118772524866245031e-04,-6.525859722116244795e-05,-3.203165210958018041e-05,3.730267764701359256e-05,6.635023497027576686e-05,7.218914765680390776e-05,5.485112632464253979e-05,7.255192219650181062e-05,8.710563738274232977e-05,9.343588793988085893e-05,9.455593333546837866e-05,9.266089306413472588e-05,8.920310035723968251e-05,8.264524976036362824e-05,6.327028949398613819e-05,4.705075746073790255e-05,3.354112183790935265e-05,2.042804400184857684e-05
4.207242587666498100e-05,4.693029704964136068e-05,5.190064561054651750e-05,5.691412553728073643e-05,6.189714664608381969e-05,6.650283874624781072e-05,6.768922941965438455e-05,6.817186766449282061e-05,6.775764520899660412e-05,6.622633686742978351e-05,6.334816296406658878e-05,5.885853425620292834e-05,5.254129842762727946e-05,4.422436966290444220e-05,3.377281087316281961e-05,3.528667035710285647e-05,3.705247902677620287e-05,3.644556364951639135e-05,3.358405702791603575e-05,2.886078145836258024e-05,2.282307914034992815e-05,1.619955966276217071e-05,9.671340033166592645e-06,3.666064820901993746e-06,-2.009753354054009571e-06,-8.569609085971243448e-06,-5.505776827679885166e-06,1.050226921845033793e-06,9.027420342615769715e-07,-1.223525382561389738e-05,-2.894052789750233714e-05,-6.705390958687829355e-05,-1.118811610958883601e-04,-6.525202029578171584e-05,-3.201872785458131129e-05,3.729700645303316822e-05,6.635174634867665685e-05,7.218632026540949180e-05,5.484610892086254645e-05,7.253355292268732287e-05,8.710942701746821515e-05,9.343646458963304530e-05,9.456651467100949391e-05,9.264865450015968775e-05,8.920790235304001438e-05,8.262762418133231916e-05,6.326522791980076089e-05,4.702815257730076702e-05,3.353923046558460321e-05,2.045745820362519958e-05
4.207748206562004459e-05,4.691957471708350322e-05,5.189605193416312555e-05,5.690760352084675138e-05,6.188200560339348309e-05,6.650655971459809134e-05,6.770122048292398617e-05,6.818346122168250374e-05,6.776364404738291112e-05,6.623026396286044789e-05,6.334304970821755633e-05,5.885013289538512687e-05,5.254971979291185976e-05,4.421559936851338080e-05,3.377771115956909825e-05,3.528675622401105153e-05,3.705841539227166961e-05,3.644994517230811220e-05,3.359045823859270285e-05,2.886630038959379181e-05,2.283852820642685378e-05,1.620719086287977724e-05,9.674959392829746472e-06,3.671447612813185124e-06,-2.014764544299937215e-06,-8.554249807025581374e-06,-5.495256873031069460e-06,1.051784896836475407e-06,9.015914224449776270e-07,-1.222620876723215233e-05,-2.894149164790707116e-05,-6.704299666976891838e-05,-1.118812327915310418e-04,-6.525483111646768978e-05,-3.201762719038583075e-05,3.728484252210937473e-05,6.635338156953301603e-05,7.218939272255140154e-05,5.485476559191324356e-05,7.253176361465965083e-05,8.711811601547956002e-05,9.343927265299669467e-05,9.456182462572401974e-05,9.266012204645474027e-05,8.920815334189529690e-05,8.265711505461647386e-05,6.324720495274798262e-05,4.701805928436060626e-05,3.353990806227918409e-05,2.048135823709669402e-05
4.209580951434233493e-05,4.693053515442371817e-05,5.190008130920887192e-05,5.690878689799318838e-05,6.189479187282661611e-05,6.651165377347987933e-05,6.768647970617861778e-05,6.817939926713134581e-05,6.776477415549706938e-05,6.622925269457584114e-05,6.334516793176765096e-05,5.885636026258144528e-05,5.253702210817655176e-05,4.422778960171941235e-05,3.376891296428566564e-05,3.528831349613374777e-05,3.705014500079159903e-05,3.644352919918495120e-05,3.359815211359108402e-05,2.886569140421314756e-05,2.281001283353024559e-05,1.621483413209058922e-05,9.673435943398495164e-06,3.667393602316187350e-06,-1.994653291246463940e-06,-8.564035047962305927e-06,-5.507848234659161327e-06,1.058036145569948150e-06,8.992800587714563152e-07,-1.222865596474614481e-05,-2.893012502019864693e-05,-6.702628678226628801e-05,-1.118771338436630539e-04,-6.524165857393886693e-05,-3.201771468072269188e-05,3.729678200995961246e-05,6.635514605241201033e-05,7.220253010444956467e-05,5.485994458829852074e-05,7.254114486948313144e-05,8.710876304025560741e-05,9.343970539133545532e-05,9.456122219117530780e-05,9.267063189639320765e-05,8.921961479429727263e-05,8.263630725241063383e-05,6.329784063613565345e-05,4.701806319469595930e-05,3.353816644859224420e-05,2.043493671896416257e-05
4.207595799095828932e-05,4.693001294254190136e-05,5.189027306180739752e-05,5.691651146646425571e-05,6.190970035094060483e-05,6.650447644481042892e-05,6.770253466767760079e-05,6.817840516605447147e-05,6.775295596315178957e-05,6.623125884589970769e-05,6.336041082719636201e-05,5.886293756618085366e-05,5.255741005697983181e-05,4.422437240791674207e-05,3.378206263658822041e-05,3.529747053626193591e-05,3.706365251135553608e-05,3.644326191649941067e-05,3.359613339716003248e-05,2.887492829424310165e-05,2.284217666721085168e-05,1.620004943848248679e-05,9.687120290811966297e-06,3.670907057041324149e-06,-2.008373958053893201e-06,-8.569105111602609150e-06,-5.487943425818928271e-06,1.055124566789181266e-06,9.038056656304160658e-07,-1.222867117950623694e-05,-2.892958384798318791e-05,-6.703796685504864825e-05,-1.118836010996967909e-04,-6.524857467361365058e-05,-3.201617497982056334e-05,3.730874737755601121e-05,6.635704429450549747e-05,7.219873870008806666e-05,5.486012752926729770e-05,7.253811549870196776e-05,8.710426222821067432e-05,9.344133785328895356e-05,9.456602530823359268e-05,9.266944901411959014e-05,8.922272199992877699e-05,8.264873328617082385e-05,6.326255362137227516e-05,4.704022690171244948e-05,3.354216714136123561e-05,2.048612434736274244e-05
4.207751615571779367e-05,4.693201607169872439e-05,5.190577870275100855e-05,5.691448397624140502e-05,6.190231470232400576e-05,6.650198285346085533e-05,6.770016802893469819e-05,6.817737940051596282e-05,6.777166478417010755e-05,6.623828036230436139e-05,6.334527837826607415e-05,5.887309776260712929e-05,5.255634040985273411e-05,4.422449557982039461e-05,3.376808063219756656e-05,3.530267263442426909e-05,3.705792041643829135e-05,3.646015358602582804e-05,3.360253514830875173e-05,2.887393212410548088e-05,2.283541630197959751e-05,1.620695494460294689e-05,9.686638927213826693e-06,3.679897231715390399e-06,-1.990314768982458293e-06,-8.562009166052938648e-06,-5.496583135411123051e-06,1.061831748255971994e-06,9.064121723418929037e-07,-1.221927334711381331e-05,-2.892771846255592073e-05,-6.702944720439836166e-05,-1.118763287743535103e-04,-6.525330697649722094e-05,-3.202113678727974244e-05,3.730037012145037321e-05,6.635908002237191376e-05,7.219585626026520217e-05,5.485235944562631515e-05,7.253686837750103521e-05,8.711534428823721051e-05,9.344196725851925366e-05,9.456460835196613124e-05,9.266228506471756025e-05,8.921919872992979770e-05,8.264596499548122028e-05,6.327262716051316549e-05,4.703826729316159584e-05,3.356673789322533970e-05,2.042424320308396655e-05
4.208877369586837318e-05,4.693655671227538585e-05,5.190972880233782262e-05,5.691106779677482437e-05,6.189159574332953983e-05,6.651371820906665992e-05,6.769318627379906949e-05,6.818127381492509618e-05,6.776929910390765165e-05,6.622081975637087055e-05,6.334280467774487840e-05,5.886560498950684200e-05,5.256329098940571923e-05,4.422679495093680352e-05,3.377917596623967002e-05,3.529992425373288973e-05,3.706634282328566307e-05,3.645478385929320928e-05,3.361161805436027513e-05,2.888156283462752036e-05,2.284449838115181492e-05,1.620428803626971755e-05,9.682148063189065782e-06,3.680238926027292566e-06,-1.999030220646527310e-06,-8.559094208870236659e-06,-5.491889941625335337e-06,1.059329205783733035e-06,9.107500075420249044e-07,-1.223111728802736056e-05,-2.893506617794692839e-05,-6.704383905935797853e-05,-1.118725237088584950e-04,-6.523703124739942876e-05,-3.201360700902025077e-05,3.730028713547739428e-05,6.636125413696934607e-05,7.219100890415273844e-05,5.486703957159165811e-05,7.254319983625832653e-05,8.711539550997653072e-05,9.345050470663201863e-05,9.456480074896008413e-05,9.266392491154961514e-05,8.922068337866102187e-05,8.264063604918015730e-05,6.324363697279608673e-05,4.705330612995094978e-05,3.354468236592588528e-05,2.046576521017584786e-05
4.208474767306973627e-05,4.693975200515617698e-05,5.191985134948646829e-05,5.692863662501754891e-05,6.190909202828303118e-05,6.652829558192496805e-05,6.770078136729526692e-05,6.818278642469721945e-05,6.776966483225156928e-05,6.623549932311889534e-05,6.335261841031221571e-05,5.886801385008451733e-05,5.256039468583635274e-05,4.423460142521054057e-05,3.378177422499731221e-05,3.531839275866768715e-05,3.706332835143104039e-05,3.646079173151917839e-05,3.359803793756622786e-05,2.887432989555021689e-05,2.283186931476117955e-05,1.620155733231854351e-05,9.682807845450886906e-06,3.680943914040041406e-06,-1.990543905980722870e-06,-8.561049310318650623e-06,-5.486625751953285648e-06,1.065726558940041621e-06,9.132026229241922291e-07,-1.222156566727713063e-05,-2.892299231754589481e-05,-6.702051204375130420e-05,-1.118688030492202140e-04,-6.524472748882539333e-05,-3.201265264691507902e-05,3.729719765228353630e-05,6.636356487348730158e-05,7.219730723455946241e-05,5.486363574798618981e-05,7.254697881306118145e-05,8.712497267724990271e-05,9.345464608178661182e-05,9.457434165156071351e-05,9.267158886250494870e-05,8.922574045198543866e-05,8.264222296378996753e-05,6.329130014731440654e-05,4.704558640595622433e-05,3.356398027337838394e-05,2.044269245188268011e-05
4.208834923614376876e-05,4.694141250227712447e-05,5.191268463914680781e-05,5.691925576208059696e-05,6.190613659566252880e-05,6.651258457088063695e-05,6.771117474154675592e-05,6.818922496903329132e-05,6.777033359671758863e-05,6.625291288568656062e-05,6.335462299711716854e-05,5.886003173970645998e-05,5.256255275420346158e-05,4.423472901343739625e-05,3.379731567063346063e-05,3.530291200496112947e-05,3.706547960680151022e-05,3.645660552990486847e-05,3.361094911560538197e-05,2.887224401544184922e-05,2.284343061693672590e-05,1.621453910652634174e-05,9.687634459309643021e-06,3.681283547437541164e-06,-1.992393701541893240e-06,-8.557123225158641287e-06,-5.496233475411178997e-06,1.059875009829463670e-06,9.162473078135857212e-07,-1.220727079582761899e-05,-2.892067539161868400e-05,-6.703514139503655958e-05,-1.118794869852416057e-04,-6.524515308442525256e-05,-3.200781216839269938e-05,3.731776190743278339e-05,6.636600689942903414e-05,7.219916512336656332e-05,5.486407433997786713e-05,7.254758519493989153e-05,8.711957722867041064e-05,9.344957289751327568e-05,9.457590454948290506e-05,9.267394622962934418e-05,8.923064084661356621e-05,8.264465479283719673e-05,6.327493964612828530e-05,4.706166037867810114e-05,3.355396561320586520e-05,2.043986045482359520e-05
4.208229207146349895e-05,4.694207343629777239e-05,5.190715176735443759e-05,5.692502969274818692e-05,6.191081846510280247e-05,6.652092879292931943e-05,6.770756718790979219e-05,6.818446287990150532e-05,6.777937845922639003e-05,6.623333339458876555e-05,6.335584888589890370e-05,5.887695827793273056e-05,5.256362193703865819e-05,4.423678937368479312e-05,3.378614166993433349e-05,3.529899747053253539e-05,3.706960931892529888e-05,3.645899449557258524e-05,3.360445300685748859e-05,2.888021967242181845e-05,2.284958138232666435e-05,1.622114841235691710e-05,9.683700808680173065e-06,3.686180878874892125e-06,-1.982833135367465251e-06,-8.554421098066865501e-06,-5.474985664054342007e-06,1.061051959904909651e-06,9.128236716814162673e-07,-1.221027160697466337e-05,-2.891362302611969075e-05,-6.701684746074926410e-05,-1.118661470161782189e-04,-6.523170277294920922e-05,-3.201189589563526128e-05,3.730614715500492909e-05,6.636857201060032956e-05,7.220294449326777322e-05,5.486662953545798994e-05,7.254858545365682398e-05,8.711925531935100597e-05,9.345534835864617498e-05,9.457814005368687037e-05,9.268307424767649536e-05,8.922361639881169499e-05,8.265304996326336764e-05,6.328780504971453320e-05,4.703587278875606892e-05,3.358101866278549871e-05,2.046496317026055809e-05
4.209281431240064809e-05,4.693773524319874317e-05,5.192265947165291347e-05,5.693622410241207477e-05,6.190148398821304838e-05,6.652010147087063967e-05,6.770165947798651004e-05,6.818970974927751855e-05,6.778123412877773305e-05,6.625367311733387538e-05,6.335890526076253632e-05,5.887761866246497231e-05,5.256674136287347318e-05,4.423668006241768318e-05,3.378919657089616175e-05,3.530088615281314741e-05,3.706375900961825931e-05,3.647124620355270667e-05,3.360890848695211741e-05,2.890074846660222133e-05,2.284485090276909956e-05,1.620356287673864129e-05,9.697667921063333836e-06,3.687998716720128027e-06,-1.986869368169995105e-06,-8.547812442498625167e-06,-5.459566198644786668e-06,1.073463895211389962e-06,9.152534405779374931e-07,-1.220836596144843571e-05,-2.892731210484682190e-05,-6.701796844379034293e-05,-1.118665637193027532e-04,-6.523220245581128605e-05,-3.200818757408980121e-05,3.731673301674094038e-05,6.637124535681744239e-05,7.219856691454468905e-05,5.486725319274137857e-05,7.255356804790849708e-05,8.713230323178433265e-05,9.345711583175478809e-05,9.457516921573548064e-05,9.267799034746120436e-05,8.922483147995715009e-05,8.267226288149616387e-05,6.327225278250646118e-05,4.705992009432040640e-05,3.355698913629365308e-05,2.048551031404629091e-05
4.209734326061912086e-05,4.695685335774341226e-05,5.190727511242260563e-05,5.692802552471386084e-05,6.190545572196031539e-05,6.652433253128983237e-05,6.772569179023515615e-05,6.819442532241420149e-05,6.777596774544360279e-05,6.624144768842359619e-05,6.335998667340346307e-05,5.887395791354817605e-05,5.256913504701393383e-05,4.424838985430063019e-05,3.378126818957028372e-05,3.531778690893770401e-05,3.707378996553870509e-05,3.646838777535687945e-05,3.361476134388658311e-05,2.888188348801688286e-05,2.285447356820057924e-05,1.622814205659303888e-05,9.706726322488247729e-06,3.694526499684805003e-06,-1.989573220484430664e-06,-8.553113186392278408e-06,-5.481883678226999176e-06,1.073044918880992647e-06,9.225057053047383180e-07,-1.220259838534754803e-05,-2.890961933365728304e-05,-6.702017086980160325e-05,-1.118556174550252658e-04,-6.523469838759376083e-05,-3.200435249372339248e-05,3.731297231741458227e-05,6.637400704590563254e-05,7.220993579785286282e-05,5.487683539883866191e-05,7.255818243527968441e-05,8.712970768379701937e-05,9.346017997160371718e-05,9.457610892262219380e-05,9.268467611989589228e-05,8.923521333698373472e-05,8.267305167341953032e-05,6.327817617640572542e-05,4.703748639875522035e-05,3.356794891015584036e-05,2.049516215297506093e-05
4.209328749096836022e-05,4.695204111410011447e-05,5.191246997759498178e-05,5.692628967594004464e-05,6.191079420805458236e-05,6.653329544114117784e-05,6.771519867158508127e-05,6.819687595566742574e-05,6.777873035171730993e-05,6.624946061779479691e-05,6.336675285974464162e-05,5.887741840395284063e-05,5.256169839852163904e-05,4.422908421970663407e-05,3.379981693636873797e-05,3.531986063413196576e-05,3.707127420453379879e-05,3.646503092182773128e-05,3.361747893269511825e-05,2.889290490280510329e-05,2.285625473999582048e-05,1.622375349069986103e-05,9.695004213293150760e-06,3.699889465239951031e-06,-1.977032408323980906e-06,-8.550981014102373152e-06,-5.487380174640569985e-06,1.084393630697078810e-06,9.186063693549845223e-07,-1.220587436162433015e-05,-2.890579639548452066e-05,-6.700769061926555546e-05,-1.118615527449676270e-04,-6.521824695127951903e-05,-3.199770001217931085e-05,3.732977856238939160e-05,6.637683081054055194e-05,7.221680379250262395e-05,5.487020162951624638e-05,7.255701012950265460e-05,8.713041674785566761e-05,9.346651646248184668e-05,9.457779482042132481e-05,9.269650350317201184e-05,8.924183496429753996e-05,8.266513571006468201e-05,6.330154700631208161e-05,4.706656182349983183e-05,3.356108052899101340e-05,2.044988020557189182e-05
4.208941651249792950e-05,4.694543522465724949e-05,5.193071381454588922e-05,5.692960903596191118e-05,6.192494333164519132e-05,6.654146546765778375e-05,6.771792117038320661e-05,6.819778711755209702e-05,6.778701197223999217e-05,6.625518157376502455e-05,6.336804764630947181e-05,5.887338111669614165e-05,5.256472726783726154e-05,4.425134016409440919e-05,3.378781288550699447e-05,3.532312805584563158e-05,3.708538982358923583e-05,3.648062661243871790e-05,3.361575458241908043e-05,2.890314610107096329e-05,2.285946676937230517e-05,1.621974150054091194e-05,9.699097161046935149e-06,3.692620130458689499e-06,-1.983894158917293014e-06,-8.557141970349901031e-06,-5.469186672425362176e-06,1.081516124029119915e-06,9.287605885726350112e-07,-1.220184454106492709e-05,-2.889790773049728605e-05,-6.701218963819467538e-05,-1.118550561258730791e-04,-6.521577377531650337e-05,-3.199176457374361041e-05,3.732729443671117456e-05,6.637968229897917927e-05,7.221485754919537454e-05,5.488541139633061047e-05,7.256021340409033458e-05,8.713177286763577846e-05,9.346491628318434836e-05,9.459481265391457561e-05,9.268640658462363492e-05,8.922875795607445736e-05,8.267719695983264761e-05,6.329563979628051278e-05,4.704123702433234350e-05,3.356525479530140897e-05,2.043612529136224152e-05
4.209966689796831787e-05,4.696310244206480431e-05,5.194090054913911962e-05,5.694486591301858429e-05,6.193100342225499289e-05,6.654017072585040489e-05,6.772161280364155515e-05,6.820362015934105984e-05,6.778855489786699017e-05,6.625451880794704887e-05,6.337940593632439452e-05,5.888905161990366213e-05,5.258265782129609807e-05,4.424759553814232462e-05,3.380423352520076736e-05,3.532772446646878549e-05,3.707510392657026429e-05,3.646943383492514366e-05,3.363066530591135703e-05,2.889854045098675563e-05,2.285673700163587009e-05,1.622773085880543388e-05,9.698436409302707141e-06,3.700868609312170137e-06,-1.977144420744194969e-06,-8.529030530740779856e-06,-5.461170370288118466e-06,1.081864141501872329e-06,9.242743567300540207e-07,-1.219632692525354466e-05,-2.889889383318365999e-05,-6.700868387837014527e-05,-1.118500378165245376e-04,-6.521515494643744014e-05,-3.199778094576708436e-05,3.733267215584313144e-05,6.638252153138257639e-05,7.221644265980110865e-05,5.488212905459684379e-05,7.255761584832995023e-05,8.714452452911671952e-05,9.346750132588749194e-05,9.458351224102025661e-05,9.267791229570625797e-05,8.924960110390302054e-05,8.264881538399297602e-05,6.333190022370481921e-05,4.705324531861990173e-05,3.357340251105668321e-05,2.045152747363727943e-05
4.210157685128637867e-05,4.695034598927845607e-05,5.192760224483827455e-05,5.694767790811528559e-05,6.193315725196553651e-05,6.653087123014156661e-05,6.772120289842941928e-05,6.820150176205317782e-05,6.778536145579661110e-05,6.625992344151332360e-05,6.338029086155984651e-05,5.889467813333929322e-05,5.257537432690128715e-05,4.424718300540438765e-05,3.380818143660057869e-05,3.532766972332745036e-05,3.708677268514850721e-05,3.648302976601182894e-05,3.362864661776676748e-05,2.891409877532605450e-05,2.285980412547226290e-05,1.623075610762658480e-05,9.708911825447999464e-06,3.709048225307474127e-06,-1.976163583983562332e-06,-8.530559231990540796e-06,-5.450425571627879322e-06,1.089727385051763078e-06,9.350262566445579797e-07,-1.218556396538474047e-05,-2.890430661564900123e-05,-6.701002146319487950e-05,-1.118496692405830553e-04,-6.521740465542019748e-05,-3.198587601484319107e-05,3.733504203829031653e-05,6.638530122166590554e-05,7.221705612343386584e-05,5.488195261640618696e-05,7.256340813005894010e-05,8.713458992835986102e-05,9.347447767879496310e-05,9.459866665551928554e-05,9.269478819522043972e-05,8.924948605353243646e-05,8.266725773097317333e-05,6.327075995867557456e-05,4.707531713498237720e-05,3.357986587072435484e-05,2.048876965265674599e-05
4.209539479679516610e-05,4.696335577630188983e-05,5.192805880722885670e-05,5.694463003820798825e-05,6.193357248292626288e-05,6.653760378738795634e-05,6.770192354367097641e-05,6.820530275186428382e-05,6.779938817926755787e-05,6.626030034045029692e-05,6.337063925805622362e-05,5.889318662547123469e-05,5.257539304426699111e-05,4.425750875100974456e-05,3.381390898014305699e-05,3.532138974599535421e-05,3.708012290088587678e-05,3.647700172885081689e-05,3.363095866265765474e-05,2.890674243735158838e-05,2.286499774950007536e-05,1.623121898258716764e-05,9.701548542544055509e-06,3.706282825089563830e-06,-1.971781415464596237e-06,-8.534319387774586105e-06,-5.461113889799145928e-06,1.086094690676822602e-06,9.347362822371092219e-07,-1.219743280144685750e-05,-2.889445393207157623e-05,-6.700127892792003144e-05,-1.118530721477545823e-04,-6.521742852320201256e-05,-3.198181863096649950e-05,3.733361461174769552e-05,6.638796798478936972e-05,7.221814290413700206e-05,5.489708281018552738e-05,7.256716283836013093e-05,8.714125646618669173e-05,9.347367711947646000e-05,9.459330420393616409e-05,9.269003223055525599e-05,8.924183687065947621e-05,8.267681558672244511e-05,6.327781549953084362e-05,4.706375222179702425e-05,3.357975565705048095e-05,2.051223946089435359e-05
4.210310295073992651e-05,4.696043195722816947e-05,5.192497083709202594e-05,5.694400789951321954e-05,6.193057502501677714e-05,6.654046471746733089e-05,6.773343156753772534e-05,6.821259243409992284e-05,6.779230788841900134e-05,6.626374963652532533e-05,6.337067236717437257e-05,5.888774072694516091e-05,5.257711423311635564e-05,4.425497846924852322e-05,3.380402945145700354e-05,3.532087069408952108e-05,3.709526605849791550e-05,3.648236267744158699e-05,3.363210694538178267e-05,2.890445372140351308e-05,2.286244372523459420e-05,1.622981375662733245e-05,9.704959056226296671e-06,3.712118493962949468e-06,-1.970866525674406851e-06,-8.527225592812368068e-06,-5.448139471351119840e-06,1.093263285539320372e-06,9.318614783377987997e-07,-1.219362970136284401e-05,-2.889436510340526716e-05,-6.699623861054106850e-05,-1.118371026242240805e-04,-6.521624635844267275e-05,-3.198883764859759236e-05,3.734825664186669606e-05,6.639046401048526050e-05,7.222169273585648294e-05,5.488769677707115854e-05,7.257419519499517710e-05,8.713851721689666303e-05,9.347574538730485285e-05,9.460463278661012949e-05,9.270362172989185024e-05,8.924900974457652307e-05,8.269695588262485303e-05,6.331187777507576010e-05,4.706702123721296526e-05,3.358451723728428270e-05,2.048102526976285412e-05
4.210092778390539357e-05,4.697543323799862074e-05,5.192751414049895966e-05,5.694539054846814273e-05,6.193584075972363733e-05,6.652717887898609503e-05,6.772610448746576662e-05,6.820291442825941308e-05,6.779879364483845064e-05,6.625473027349649288e-05,6.338461516668998262e-05,5.888492388936984831e-05,5.258259695615085137e-05,4.425931455020880756e-05,3.380298571850912169e-05,3.533886474145141822e-05,3.709107801081888874e-05,3.649041190742378980e-05,3.364331577143765342e-05,2.890002958544290540e-05,2.287067460070333171e-05,1.624505063599228754e-05,9.712044761897660521e-06,3.701234795715256153e-06,-1.961769489909320543e-06,-8.537143560693008062e-06,-5.453437637371504633e-06,1.093728234383728729e-06,9.409608355489507121e-07,-1.217818132935899974e-05,-2.889780968958250668e-05,-6.700295755122301215e-05,-1.118437819267445915e-04,-6.521286965804121681e-05,-3.197936321433150216e-05,3.734506036807156700e-05,6.639273231912517842e-05,7.223138384149163855e-05,5.488343447270378875e-05,7.258116606840836211e-05,8.714262915236083823e-05,9.348046721617416204e-05,9.460430594272753652e-05,9.269878546039922213e-05,8.925698005669457284e-05,8.268871674938859208e-05,6.329537620130773218e-05,4.705818911342036733e-05,3.359088368189954826e-05,2.051319594184872612e-05
4.210474579759712968e-05,4.696679266503442406e-05,5.192972006411377360e-05,5.694356413703527680e-05,6.193325408658329411e-05,6.654750565552684783e-05,6.773059393805953181e-05,6.821484544463294328e-05,6.778503597437701700e-05,6.627023462087821410e-05,6.337130281384633159e-05,5.889450041629148248e-05,5.258429995001462473e-05,4.424547779986734626e-05,3.382406671242394234e-05,3.533243994001980482e-05,3.709604352952621420e-05,3.649504229135057908e-05,3.362777036626577565e-05,2.890414739831137031e-05,2.286999541576002952e-05,1.624504094606194477e-05,9.711952259395705071e-06,3.718496370917461850e-06,-1.963352955140310836e-06,-8.522015196935998893e-06,-5.457323192150441196e-06,1.092566517685132248e-06,9.408199787547086881e-07,-1.218566717328756969e-05,-2.888151115211537876e-05,-6.699498709093729717e-05,-1.118464845462074919e-04,-6.521073954211380761e-05,-3.198005797686116129e-05,3.733313053781725993e-05,6.639471236430551223e-05,7.223791922568505120e-05,5.489127420730132188e-05,7.257550129604539376e-05,8.715697251206618826e-05,9.348484176507909638e-05,9.460346777048952700e-05,9.270661263026905459e-05,8.925441818861594792e-05,8.269783917793179949e-05,6.332399089011135380e-05,4.708296595675630835e-05,3.357933874334422501e-05,2.049771227181573381e-05
4.209959223628677007e-05,4.696854402013711364e-05,5.192692901510166756e-05,5.695413462562273993e-05,6.194117219621591327e-05,6.654659824949033453e-05,6.773235452542836384e-05,6.821244469863969146e-05,6.780613453838738296e-05,6.626658450628985088e-05,6.338877500633780231e-05,5.889660699909058511e-05,5.258341846704989251e-05,4.426674666428651050e-05,3.380136643444605650e-05,3.533460680306099553e-05,3.709914341062347636e-05,3.648567430667572318e-05,3.363482288131921339e-05,2.892897917368400713e-05,2.288063036287624771e-05,1.623676469492567589e-05,9.712647675046696310e-06,3.723464073220849464e-06,-1.969171819456624110e-06,-8.515272624502282311e-06,-5.444648884102918965e-06,1.088778729942413603e-06,9.480285661228100753e-07,-1.218053214158401578e-05,-2.889600719012574206e-05,-6.699398303723313173e-05,-1.118422261438945761e-04,-6.521415338239161584e-05,-3.197666777394209955e-05,3.733378275501737532e-05,6.639635035697496459e-05,7.224122665530209966e-05,5.490409055591333507e-05,7.257648157622296841e-05,8.714769094282506041e-05,9.349088599301139341e-05,9.460518045822055740e-05,9.270148681839579508e-05,8.925813896327538068e-05,8.269582581894585345e-05,6.330285657234212043e-05,4.706535314649084808e-05,3.359486164607511827e-05,2.047456852406044446e-05
4.210021352338529977e-05,4.696871678912747803e-05,5.194174913466218408e-05,5.694815801218828551e-05,6.192959082031855480e-05,6.655385334892132245e-05,6.773155037939710614e-05,6.820743423549294692e-05,6.780866140110375156e-05,6.626419020410639958e-05,6.338904644531078542e-05,5.889248085174154679e-05,5.259066326525972099e-05,4.426282874042170343e-05,3.382766722768025845e-05,3.533728622912854440e-05,3.710250307658171325e-05,3.648841263888721176e-05,3.364493724688853011e-05,2.890859387128435486e-05,2.286521901125242734e-05,1.623525646809470958e-05,9.716667972040996331e-06,3.724390173050669622e-06,-1.966437663583872375e-06,-8.519928364028173508e-06,-5.447850622921769836e-06,1.094011242131605143e-06,9.434199615655737762e-07,-1.218445781205755657e-05,-2.888178892452112964e-05,-6.699081839643861072e-05,-1.118386450040203639e-04,-6.520192410588365403e-05,-3.197931145939244299e-05,3.735224832061114143e-05,6.639759901213066373e-05,7.223515111152627535e-05,5.489141165602712377e-05,7.258888482562358144e-05,8.715570548392385822e-05,9.348067692522832046e-05,9.460343788071603653e-05,9.272316495327421126e-05,8.925723511316681260e-05,8.268458113648258733e-05,6.328821823909218402e-05,4.706864377687653155e-05,3.358990846773693005e-05,2.047394566575813570e-05
4.210523665485432743e-05,4.697541341199179055e-05,5.193492097719310988e-05,5.694462108108271103e-05,6.193384520451434628e-05,6.655045550227553790e-05,6.773593891522948789e-05,6.821630185121683142e-05,6.780435479606014267e-05,6.626848721540334007e-05,6.338166450621443972e-05,5.889406826881273113e-05,5.258225096786770924e-05,4.426605119898499916e-05,3.381418187646946343e-05,3.533192967904962961e-05,3.709414867771271360e-05,3.649142402098578332e-05,3.363186824910826113e-05,2.891750417374789060e-05,2.287310900965385224e-05,1.624888186539133700e-05,9.716300492705821679e-06,3.719986893970593196e-06,-1.968874461210853086e-06,-8.524889873634029051e-06,-5.451657075114944990e-06,1.102941772924591914e-06,9.376396447033785445e-07,-1.218039644931514752e-05,-2.888006796435819932e-05,-6.698811513333499776e-05,-1.118430040460460161e-04,-6.519922723282140984e-05,-3.197361972832888293e-05,3.734350692309217138e-05,6.639842528919224682e-05,7.223125706264159297e-05,5.489938639467568612e-05,7.257481650032694481e-05,8.715521240974101567e-05,9.348149834863709131e-05,9.460384049329433618e-05,9.271241197625497941e-05,8.925106247128703060e-05,8.268496259519837114e-05,6.335945901825626708e-05,4.707845316081869661e-05,3.360174739341106843e-05,2.048640565969374661e-05
4.209200081585442630e-05,4.696410052149063995e-05,5.194047584680251375e-05,5.694371704515578870e-05,6.192964148119270505e-05,6.655241282920771771e-05,6.773100081502666809e-05,6.822570662436631126e-05,6.780491161293557376e-05,6.627140808781395106e-05,6.338450693113410229e-05,5.889187479916170787e-05,5.258074982259699229e-05,4.427098319922148883e-05,3.380959528242012609e-05,3.533554720792608626e-05,3.709707705100673644e-05,3.648818648194016706e-05,3.364189514449833902e-05,2.890455617282459847e-05,2.288239871805974407e-05,1.624084785385449049e-05,9.724010256206840709e-06,3.722683960667169523e-06,-1.954410385800733871e-06,-8.526982695540376807e-06,-5.435994183920809405e-06,1.100043690138718944e-06,9.455973718008543945e-07,-1.218583416162587943e-05,-2.888253411561312586e-05,-6.699632615686480167e-05,-1.118455647815289283e-04,-6.521271967827119913e-05,-3.196900114202490208e-05,3.733873013277668780e-05,6.639880659860458235e-05,7.224044875662733020e-05,5.490486107633656425e-05,7.257372304390659215e-05,8.715273496507475702e-05,9.348414698344955579e-05,9.460685958401989805e-05,9.271016361508904551e-05,8.926698362629889659e-05,8.270240856954906496e-05,6.328836692309736892e-05,4.707856752592059861e-05,3.358434972970072741e-05,2.054339839764161783e-05
4.210777555684331035e-05,4.696867646439739137e-05,5.192668684850849264e-05,5.694457649434638978e-05,6.192164463702066275e-05,6.654463568393649802e-05,6.772993900634798016e-05,6.821241317840140840e-05,6.780195353340341018e-05,6.626619806993689526e-05,6.338945738435990487e-05,5.889918659431152135e-05,5.258308366376243583e-05,4.425711159522471952e-05,3.381058124957585828e-05,3.533712653984116370e-05,3.710030849452421772e-05,3.649239887248833137e-05,3.363975173289120743e-05,2.892127911590271618e-05,2.288064011746193671e-05,1.624059752037798453e-05,9.716377893027662411e-06,3.722428808964037451e-06,-1.964820910355607360e-06,-8.512447846072933921e-06,-5.451230682431494381e-06,1.092875356182669132e-06,9.448888090947026313e-07,-1.218642368226424469e-05,-2.888689420332756858e-05,-6.699001757867834787e-05,-1.118318375962731089e-04,-6.519790577230598794e-05,-3.198073812049550630e-05,3.736192764952864123e-05,6.639873562276926591e-05,7.222950586896667287e-05,5.490392363870130179e-05,7.258211357332868354e-05,8.715549104343424153e-05,9.348894564364739574e-05,9.460633736412900525e-05,9.270624387774424211e-05,8.925666241087448468e-05,8.268369467534240403e-05,6.331654930015835267e-05,4.707086128896765848e-05,3.361037514579431028e-05,2.049664840745683486e-05
4.209878980490145469e-05,4.696729861612352719e-05,5.193425332916331866e-05,5.694738457351355976e-05,6.192793352284960357e-05,6.654102937840283957e-05,6.773488467417340816e-05,6.821688440428858545e-05,6.779068223349787143e-05,6.625634034515632468e-05,6.337920083507662787e-05,5.890125704983437067e-05,5.258540042808355978e-05,4.425946432312072147e-05,3.382162920566521801e-05,3.533993614005088936e-05,3.708948449010283216e-05,3.647953667818475625e-05,3.363607058722009119e-05,2.891449130091586209e-05,2.287844533922399746e-05,1.623860525764205326e-05,9.715478451547443595e-06,3.716176172388534918e-06,-1.957263560649305217e-06,-8.530900922758477016e-06,-5.446682013032104834e-06,1.100268565947602096e-06,9.466192304773178375e-07,-1.218781638065116434e-05,-2.888504817572136582e-05,-6.699330935478392318e-05,-1.118455799222001429e-04,-6.521400373540321130e-05,-3.197295325928865557e-05,3.735367690569570701e-05,6.639823124247012898e-05,7.223025376118486721e-05,5.489986663970865651e-05,7.258245018515935070e-05,8.715403843206971407e-05,9.348066295079191206e-05,9.461058065953899623e-05,9.269804495167822955e-05,8.925717251816356237e-05,8.269139033120444975e-05,6.332748279417086497e-05,4.708309865521324709e-05,3.356999445603734382e-05,2.050647403480292680e-05
4.210634204156174704e-05,4.696621270371841207e-05,5.193269457600848793e-05,5.695413321103241192e-05,6.193023817393102884e-05,6.655032071881099721e-05,6.772778244949568193e-05,6.821532133961359255e-05,6.779685322053036016e-05,6.626918173278028516e-05,6.338036999267833373e-05,5.890344642065773237e-05,5.258378484530623924e-05,4.425796056310925773e-05,3.382712435820899239e-05,3.534069498787587358e-05,3.709141787192245661e-05,3.648344738593767289e-05,3.363933785341640726e-05,2.891351890500930603e-05,2.287852357862010623e-05,1.623378188645609510e-05,9.708576737713335038e-06,3.728942130869427792e-06,-1.966425994107039540e-06,-8.513546742571309573e-06,-5.439189632342501191e-06,1.102841278884566113e-06,9.325356396107333807e-07,-1.218474715289638653e-05,-2.888902862919324831e-05,-6.699256345186940234e-05,-1.118334635411481314e-04,-6.521965768137992405e-05,-3.196962366886776870e-05,3.734940338117424537e-05,6.639732199734379504e-05,7.223098213142305462e-05,5.488506233741887130e-05,7.257927192236229657e-05,8.714259956638677315e-05,9.347805894067393083e-05,9.460280346648916876e-05,9.270742397852766575e-05,8.925340512482620391e-05,8.268694208366781826e-05,6.329584223624564040e-05,4.705894961883390094e-05,3.360153669187000816e-05,2.051897421136276739e-05
4.210091932986456112e-05,4.695772643852549476e-05,5.194510287052561329e-05,5.693891069758870714e-05,6.193181597811800085e-05,6.653983088442336495e-05,6.773083818850431201e-05,6.820859126226498680e-05,6.780515412814887505e-05,6.626207316697224712e-05,6.337873183761892312e-05,5.889570907618351601e-05,5.259230703125980554e-05,4.426025591104993962e-05,3.381574180154141074e-05,3.533589491038415941e-05,3.708972349423850825e-05,3.648715102024331278e-05,3.363453265360058552e-05,2.891799360064488050e-05,2.286901360068297888e-05,1.624294458780795340e-05,9.705823668853580708e-06,3.715207492656148237e-06,-1.963050298997738969e-06,-8.514817492165751341e-06,-5.451864934377406873e-06,1.076548234240015085e-06,9.422179630634953880e-07,-1.218373446166719630e-05,-2.889486562156888492e-05,-6.701259349823166791e-05,-1.118263841757592892e-04,-6.520945095749769492e-05,-3.197666020788657006e-05,3.734580268989645295e-05,6.639606035189911631e-05,7.223015411458210333e-05,5.489643649978235483e-05,7.258033708569357266e-05,8.715915755562305886e-05,9.348490548840672281e-05,9.459559721586600564e-05,9.270291312673859083e-05,8.926356739550972907e-05,8.268679541150518951e-05,6.328212039008664785e-05,4.707583620445059147e-05,3.358017471298858372e-05,2.051307778421487875e-05
4.209555743644438478e-05,4.696720517707914962e-05,5.192238275036595611e-05,5.693844965943559096e-05,6.192204372678393389e-05,6.654080215481811094e-05,6.772839690014295926e-05,6.821592369123336084e-05,6.779620833640647543e-05,6.626011792716177541e-05,6.338373211165751128e-05,5.889138831679889812e-05,5.258262672455812047e-05,4.425600753915996790e-05,3.382091007208156265e-05,3.533533012561974543e-05,3.709298679016760766e-05,3.648231448665218140e-05,3.363011400989106807e-05,2.891645994039490538e-05,2.286791365337533080e-05,1.623731460913345036e-05,9.712662638124610809e-06,3.714525417375717506e-06,-1.965052554248227330e-06,-8.524732800301909927e-06,-5.457366717671002467e-06,1.101930970097293903e-06,9.354333288521499342e-07,-1.219821257960405344e-05,-2.889239607810622988e-05,-6.698493889484595162e-05,-1.118371256490828877e-04,-6.519980315885756010e-05,-3.198477600775104278e-05,3.733672569745459226e-05,6.639451268669436948e-05,7.223181749543670796e-05,5.488593709424005596e-05,7.257922904985743392e-05,8.716049123510707485e-05,9.349116632095340513e-05,9.459996850798956653e-05,9.269995053045312287e-05,8.925416383115695670e-05,8.267832472880849628e-05,6.332789169359495087e-05,4.705114917104990271e-05,3.360471321317929640e-05,2.047705928690221451e-05
4.210117504599161998e-05,4.696009452916691495e-05,5.192627000651053491e-05,5.694118127045513073e-05,6.193094941720000762e-05,6.654168016524206609e-05,6.773024812283189543e-05,6.821068345816836873e-05,6.779760001692343658e-05,6.625910532916038222e-05,6.337681741613427581e-05,5.889219580528910839e-05,5.259278049172054330e-05,4.425759019320885958e-05,3.382500761968850600e-05,3.532016614965124144e-05,3.708760961133073403e-05,3.647453979083440290e-05,3.362911789049534563e-05,2.889628344747539681e-05,2.287057742763441709e-05,1.623206741113344118e-05,9.710605977211655550e-06,3.715306426651151118e-06,-1.968825797689829120e-06,-8.533090293373246687e-06,-5.452677229921366646e-06,1.096927484067755643e-06,9.376777585575387212e-07,-1.219396760631736638e-05,-2.889172369892830752e-05,-6.699909349371807078e-05,-1.118365528721485799e-04,-6.520041727754006221e-05,-3.198124346961967292e-05,3.734374834392230975e-05,6.639275645671474278e-05,7.222475797668734786e-05,5.488679262371089722e-05,7.257234657192843216e-05,8.714488432329366098e-05,9.348002457776204588e-05,9.460229710717980086e-05,9.271368298792934668e-05,8.924770148239645658e-05,8.268229069273411755e-05,6.331385807224174144e-05,4.706465911859844775e-05,3.358299607220890405e-05,2.050960381981119465e-05
4.210523182711679315e-05,4.694955188198943576e-05,5.192419444490310374e-05,5.694221039415384519e-05,6.191600574634707776e-05,6.653275524890815110e-05,6.771342993766750603e-05,6.821416814239641708e-05,6.780141037917004172e-05,6.625845068722172916e-05,6.336781268512765397e-05,5.890067585664113503e-05,5.257860329248307190e-05,4.425857838921536271e-05,3.380786039791806993e-05,3.532367548089704714e-05,3.707556613685579928e-05,3.648422284220657278e-05,3.362264588615347091e-05,2.890611506128533956e-05,2.285691930021950497e-05,1.623156424755798990e-05,9.698782280908138211e-06,3.699316226664152270e-06,-1.968406526075096068e-06,-8.528835965325148313e-06,-5.456066770577599074e-06,1.100080939910336225e-06,9.303759807764753404e-07,-1.220662158516797849e-05,-2.889064316221164270e-05,-6.700977110059217325e-05,-1.118337898923426943e-04,-6.521663859854770636e-05,-3.198642942248882808e-05,3.732847742019944912e-05,6.639087576259511251e-05,7.222168592196023394e-05,5.489181215835270243e-05,7.257283984302716326e-05,8.714500049914241438e-05,9.347844732083361498e-05,9.459362989719440214e-05,9.270239307117635085e-05,8.924652966775181652e-05,8.268502437628972234e-05,6.331223320444587287e-05,4.704083635175238350e-05,3.362293215639330425e-05,2.047779199649622157e-05
4.210176450377453827e-05,4.695614750806975321e-05,5.191222747484106759e-05,5.693578857569300865e-05,6.192068360467875392e-05,6.654031296097173665e-05,6.772197325575887359e-05,6.820917530985506287e-05,6.778177768200777380e-05,6.626412237728613523e-05,6.337002979558717885e-05,5.889619828651165389e-05,5.258020747482559026e-05,4.426478412870868889e-05,3.380984337318152758e-05,3.532425646935102176e-05,3.708242458213282036e-05,3.647544424395286153e-05,3.362006517702895538e-05,2.890544336653030300e-05,2.285850252637103413e-05,1.623798693438413922e-05,9.713196477233556050e-06,3.707035132532841961e-06,-1.975896008454152308e-06,-8.540308667415176153e-06,-5.453753894640362863e-06,1.092152632873860612e-06,9.377298689953891443e-07,-1.220391398557092093e-05,-2.889788620741834318e-05,-6.700216893230266928e-05,-1.118370967485053186e-04,-6.520561942292859539e-05,-3.198064013397963241e-05,3.733979050103723100e-05,6.638894981403017665e-05,7.221623436026321208e-05,5.488672477387470804e-05,7.257360361507679720e-05,8.714364750647231111e-05,9.347462949239436090e-05,9.460280455868821318e-05,9.268938186005100540e-05,8.923967477960043169e-05,8.267371869329724339e-05,6.328387302089548134e-05,4.707483692039374283e-05,3.357391617518138663e-05,2.050141289972758459e-05
4.209549999163722717e-05,4.695444388030698644e-05,5.192115309904848035e-05,5.693728808951117063e-05,6.193234133011087973e-05,6.654100210292601344e-05,6.770928098455849490e-05,6.820413869032555386e-05,6.778958073240888202e-05,6.626440022104760177e-05,6.337625135923125128e-05,5.889414051542210158e-05,5.257666346142970872e-05,4.424700627505618374e-05,3.381850824498542512e-05,3.532379263152361516e-05,3.708461986071328757e-05,3.647533456986957665e-05,3.362572649857048090e-05,2.890871970881128371e-05,2.285959185753166231e-05,1.622711121236218752e-05,9.706389520111015563e-06,3.706995836887316111e-06,-1.969510574584949495e-06,-8.536145973758062412e-06,-5.467639004831953639e-06,1.090939982065135763e-06,9.350603713825285285e-07,-1.219689392871321620e-05,-2.890395264546183180e-05,-6.701379650147212201e-05,-1.118407508398459453e-04,-6.522294775500086985e-05,-3.199134979112929503e-05,3.732889128409748279e-05,6.638705785044370067e-05,7.221492024339268810e-05,5.488152353676837946e-05,7.257314703989443190e-05,8.714184678344978098e-05,9.347888742713855747e-05,9.459710745549632636e-05,9.270068524521758724e-05,8.924693545758519250e-05,8.266647216752992576e-05,6.328352615062560161e-05,4.706673967885788393e-05,3.356821665551708214e-05,2.046608979189425370e-05
4.209579975837055444e-05,4.694866023155716154e-05,5.191359373134698098e-05,5.693942242013048233e-05,6.191119946074389864e-05,6.653330929422014012e-05,6.771435981809000547e-05,6.819322887316207004e-05,6.778812663109949545e-05,6.625444482437357668e-05,6.337168484234272049e-05,5.889281538049371937e-05,5.256025261081457504e-05,4.424823559532399157e-05,3.380851528831318401e-05,3.532596374426775137e-05,3.708099956268424790e-05,3.647211421340525270e-05,3.362074810068463071e-05,2.889623650191751938e-05,2.286254883012706209e-05,1.623465746058915549e-05,9.710940587411136677e-06,3.706059218126315962e-06,-1.976976329445739107e-06,-8.545663683741839772e-06,-5.457994926796126797e-06,1.084445667979306146e-06,9.233287474671077580e-07,-1.219870069234687117e-05,-2.889079534378941709e-05,-6.701209204411035859e-05,-1.118436009063923463e-04,-6.522156689790689068e-05,-3.198709945931686461e-05,3.732110765965889501e-05,6.638582339558280442e-05,7.221796316481055229e-05,5.487472641072858284e-05,7.256971262949660770e-05,8.714644244048786077e-05,9.347302225812007480e-05,9.459069767504445973e-05,9.269757517516491246e-05,8.924311431392445513e-05,8.266359136041383487e-05,6.331908143615889062e-05,4.705827644055915335e-05,3.356209421844191495e-05,2.044562788308786018e-05
4.210162961608901054e-05,4.693943808868423828e-05,5.192435591447482589e-05,5.692327485928715570e-05,6.191131661974963506e-05,6.653262801080930984e-05,6.771399297747420572e-05,6.819686183099965462e-05,6.778355900264153712e-05,6.623797125931267808e-05,6.337722998261762592e-05,5.888018164043354818e-05,5.256913620667888823e-05,4.424363527426051351e-05,3.380044347592432664e-05,3.531055680378204905e-05,3.707293580113148423e-05,3.647754280341980275e-05,3.361964120455499200e-05,2.889265159141909644e-05,2.285337318517211206e-05,1.622727924457592071e-05,9.703864559938756704e-06,3.711568668552160046e-06,-1.974764950654544543e-06,-8.542237124662938511e-06,-5.469115001712900586e-06,1.075256322255889560e-06,9.281163098567352133e-07,-1.219591539123321614e-05,-2.890891181938856037e-05,-6.701408917357888661e-05,-1.118400380831565825e-04,-6.521690212148250319e-05,-3.199984430578797263e-05,3.732088357545988364e-05,6.638738795625104088e-05,7.221141567147246578e-05,5.487929678712713560e-05,7.256917201124407754e-05,8.713130283631147785e-05,9.346785844790831722e-05,9.460039843520863620e-05,9.268624550402963542e-05,8.924543178158532962e-05,8.266996982335415628e-05,6.330916965280253478e-05,4.707667769142295225e-05,3.360327331948546263e-05,2.046011713327202907e-05
4.209883555610765009e-05,4.695072153346208375e-05,5.192182701108509512e-05,5.693334586256763548e-05,6.191269463296764130e-05,6.652828987274639545e-05,6.771768500449030744e-05,6.819477390667532128e-05,6.779023049723803594e-05,6.625531273119876095e-05,6.336790717071131770e-05,5.888604114395162696e-05,5.258134985387957376e-05,4.426071924004732790e-05,3.379581407057098794e-05,3.532544200858615666e-05,3.707417867230311965e-05,3.647886596442278764e-05,3.362286858526582293e-05,2.890718497935799574e-05,2.285482884220271481e-05,1.621696667121836830e-05,9.715454210610915002e-06,3.699688403436381092e-06,-1.978704453377908577e-06,-8.532098775152183358e-06,-5.459714968659948449e-06,1.085156310825558457e-06,9.240155785776120276e-07,-1.219371760286575570e-05,-2.891092866468135780e-05,-6.703397071804014981e-05,-1.118427407037976719e-04,-6.521657176332416644e-05,-3.198416224227219271e-05,3.731592371850981504e-05,6.636407346804636099e-05,7.221981471693631079e-05,5.488584617318889792e-05,7.256931656380254505e-05,8.713422762810744005e-05,9.346380846875426013e-05,9.459528970775679224e-05,9.268856610489934443e-05,8.923909859799228285e-05,8.268318365367028223e-05,6.328267984302517256e-05,4.705350232280281777e-05,3.357971466911891271e-05,2.046658841718682208e-05
4.208876305464444821e-05,4.694611770223540339e-05,5.192058331028281791e-05,5.691979311748050611e-05,6.192200153964798782e-05,6.652249321143718387e-05,6.771686766773781581e-05,6.818797828576622763e-05,6.778342046660838739e-05,6.625379794174664433e-05,6.336518482239080451e-05,5.889276590047767411e-05,5.256596996874038710e-05,4.425094515338407006e-05,3.379461810231255324e-05,3.531243198009257608e-05,3.706843528391669045e-05,3.647804734916236362e-05,3.362823287297547786e-05,2.888076486009393226e-05,2.285379223889783931e-05,1.622130589287914122e-05,9.713175946452440331e-06,3.700636078797462028e-06,-1.986097097204972955e-06,-8.546454242725772628e-06,-5.462553740315403222e-06,1.071254571782136537e-06,9.240979432892960819e-07,-1.219633856111147804e-05,-2.890626671001662499e-05,-6.700618180080345800e-05,-1.118598590985768107e-04,-6.521533264466730943e-05,-3.199543052513657219e-05,3.733192254370443930e-05,6.637574383266314825e-05,7.221685004155637788e-05,5.488118585754238110e-05,7.256356486551588292e-05,8.714459149900696485e-05,9.345898137812738867e-05,9.458300570453073231e-05,9.269615566096646539e-05,8.924102644361953281e-05,8.269576813521870094e-05,6.328820819609006886e-05,4.704416629435619350e-05,3.355913958251744149e-05,2.045960673870501542e-05
4.210297348449613670e-05,4.695472229448018569e-05,5.193816575424823430e-05,5.692296763272915286e-05,6.192031511412956330e-05,6.653169374463780361e-05,6.770386212623144659e-05,6.819418004476954394e-05,6.777775732538508682e-05,6.625021601507084573e-05,6.336606913199613745e-05,5.886920351491042430e-05,5.256912566444783255e-05,4.424755934960127599e-05,3.379892869385552517e-05,3.532240399258105873e-05,3.707974372408009869e-05,3.645078174635653026e-05,3.361307538679950970e-05,2.889575009541187008e-05,2.285422421686100162e-05,1.623068980639944884e-05,9.700008492188799599e-06,3.698752962535883336e-06,-1.989968407741086770e-06,-8.556210089148066431e-06,-5.469252593222129908e-06,1.088010120867711005e-06,9.243022117601210785e-07,-1.220826819227251537e-05,-2.890392698881263621e-05,-6.701871268253772797e-05,-1.118621080631617386e-04,-6.522494742106996614e-05,-3.199345747289848116e-05,3.733249907212135826e-05,6.638457754966210051e-05,7.220372604657403106e-05,5.488754250714974293e-05,7.256005253544398200e-05,8.713745327110256642e-05,9.346771466706653821e-05,9.459555601514841759e-05,9.268560033749463905e-05,8.923222949296406316e-05,8.265845315400263758e-05,6.331012194511824410e-05,4.702629271186132767e-05,3.354767124109681335e-05,2.041600383645863256e-05
4.209228073108010204e-05,4.695290388140283092e-05,5.191279237512318439e-05,5.692575557245806259e-05,6.191418152713906806e-05,6.652184234245355594e-05,6.770671742787170012e-05,6.818981066340372215e-05,6.778036825498891282e-05,6.624481801797170368e-05,6.335664195366659719e-05,5.888258531488561957e-05,5.256383653599880839e-05,4.424342584083166218e-05,3.379157590567720740e-05,3.531356224257079792e-05,3.706713353403573322e-05,3.645497446304484971e-05,3.361513863685449468e-05,2.888768271817088613e-05,2.285800358849483435e-05,1.621922524112791558e-05,9.700822872146881763e-06,3.688187406848297098e-06,-1.981309226184110442e-06,-8.545028546637988107e-06,-5.467460115778215766e-06,1.079731490296743911e-06,9.164907435948831155e-07,-1.220270455101841382e-05,-2.890403648914130486e-05,-6.702410947668398515e-05,-1.118633216856551469e-04,-6.521499019783076969e-05,-3.199704458574496619e-05,3.732753389748494170e-05,6.637751312994622627e-05,7.221405300307069273e-05,5.487909353670189017e-05,7.255498394718578334e-05,8.713699423740802039e-05,9.346049324434883734e-05,9.458277723629784743e-05,9.268353948682471347e-05,8.923951750525267105e-05,8.267651036014309583e-05,6.327686403169366770e-05,4.704533721135255162e-05,3.355515839181440749e-05,2.044712334331893241e-05
4.210625963481634521e-05,4.694708724217128100e-05,5.190932946467387960e-05,5.693245983528040440e-05,6.190914868161893013e-05,6.652955234126601300e-05,6.771103717072266578e-05,6.818418440045796649e-05,6.777282951403687419e-05,6.624013378542909468e-05,6.336794833819419249e-05,5.888226963351905394e-05,5.256169660308511145e-05,4.423804153075171664e-05,3.378293620555824350e-05,3.531138662007045933e-05,3.707083665815150776e-05,3.646434389268103014e-05,3.361767401193272630e-05,2.889557898452749056e-05,2.285633042989461351e-05,1.621073491769034540e-05,9.700294968990002439e-06,3.696822134147126603e-06,-1.981669839193597408e-06,-8.537523393916467249e-06,-5.473555497036531918e-06,1.068170579214418448e-06,9.220038589079762694e-07,-1.220279422209907732e-05,-2.890175161085136680e-05,-6.701669984555512093e-05,-1.118746357544279230e-04,-6.523139572322550906e-05,-3.199697019089105504e-05,3.731222645900385688e-05,6.636899697132214726e-05,7.221496522439074036e-05,5.488405745466946547e-05,7.255622456696776516e-05,8.713954065882248813e-05,9.346494414605393912e-05,9.458712575992186597e-05,9.267822794780869585e-05,8.924028380109427143e-05,8.266020961294659984e-05,6.328532192669487075e-05,4.702941147081477727e-05,3.355124931012441584e-05,2.045270302965411838e-05
4.211340220473166600e-05,4.694909953933856426e-05,5.192156319033533685e-05,5.694422203686282260e-05,6.191930255525308273e-05,6.652414344781234644e-05,6.771682308014763114e-05,6.820125478159419843e-05,6.775835212313931915e-05,6.624970990233729532e-05,6.336785156476049780e-05,5.887766631746411402e-05,5.255298745966385630e-05,4.423834159351355865e-05,3.379970487643635288e-05,3.532018105006144536e-05,3.707164875564445913e-05,3.646066564481581051e-05,3.362300736524323496e-05,2.889115867815066839e-05,2.285350380097782674e-05,1.621873269919542359e-05,9.701735510118138296e-06,3.703107161697379374e-06,-1.991191016819710322e-06,-8.541340262152755200e-06,-5.467682166360177121e-06,1.071572232494685773e-06,9.247332332096291907e-07,-1.220798118754545988e-05,-2.891304725312744900e-05,-6.700807056371855727e-05,-1.118571496548077891e-04,-6.522761859661200807e-05,-3.199193695117110082e-05,3.731027850206131098e-05,6.636346544350521797e-05,7.221510759465849633e-05,5.487830022067016799e-05,7.256588146756883840e-05,8.712941635134323912e-05,9.346784393521357390e-05,9.458625021040615124e-05,9.269678034708613804e-05,8.925334913238655587e-05,8.265879894448104189e-05,6.332461615401866785e-05,4.702491543820459281e-05,3.353374407937730148e-05,2.045669712620458398e-05
4.208228819735909931e-05,4.695239190050071279e-05,5.192506937485314719e-05,5.691870121652095106e-05,6.190257312734411780e-05,6.652990012062755590e-05,6.771116469211744962e-05,6.818274680386534909e-05,6.778328581954787767e-05,6.625870650412878842e-05,6.335334743434258193e-05,5.888701661366673487e-05,5.256326956820555805e-05,4.423707518473706109e-05,3.379835049291990851e-05,3.530920674103628143e-05,3.708503488434154461e-05,3.646452832508640643e-05,3.361488994656054393e-05,2.889594796951348876e-05,2.286254182616668588e-05,1.621770612855480569e-05,9.690717460308918469e-06,3.688898437232362842e-06,-1.997491562274097350e-06,-8.539455225167663223e-06,-5.476694507769358430e-06,1.071590955507724624e-06,9.252063975321670481e-07,-1.220963710156079571e-05,-2.890860273359389560e-05,-6.701148750618356024e-05,-1.118686343306692972e-04,-6.522422629977194213e-05,-3.199667634286501095e-05,3.731442074990435454e-05,6.636967245909897173e-05,7.221211908259508188e-05,5.488446760993679978e-05,7.255337089216759951e-05,8.714431491611972940e-05,9.346067213096007694e-05,9.459011393010184426e-05,9.268743642517113701e-05,8.923732371915578333e-05,8.266542594554276188e-05,6.329513417639919491e-05,4.705305902399774411e-05,3.354040451926446732e-05,2.043849369861841438e-05
4.210213346323348420e-05,4.694669296991938991e-05,5.189227921799538127e-05,5.693835388150791493e-05,6.191165994701590999e-05,6.651705914305269243e-05,6.769359937420951594e-05,6.818735021364665980e-05,6.777341317713587304e-05,6.624900827836153929e-05,6.335637195616815797e-05,5.887920461394084525e-05,5.256719951144103232e-05,4.423917033973605127e-05,3.380213579991974337e-05,3.530398493130351218e-05,3.706741463497893518e-05,3.645571481308538012e-05,3.361524330372562570e-05,2.889108931594916281e-05,2.285808854777283012e-05,1.622467810015081467e-05,9.689960080214924030e-06,3.694062069321950308e-06,-1.984723126079547045e-06,-8.546239827271359885e-06,-5.468220071676426190e-06,1.081902447793344454e-06,9.203771899252986401e-07,-1.221865624115825242e-05,-2.891358931867679715e-05,-6.701766167982594691e-05,-1.118709959362847341e-04,-6.522641133230261217e-05,-3.200036966010896562e-05,3.732277995755366770e-05,6.636629658992083025e-05,7.222013499279399834e-05,5.488206722788474529e-05,7.255031031508829727e-05,8.713407547120419281e-05,9.346196812200788587e-05,9.458857196165194642e-05,9.268983598808785713e-05,8.924684648218305966e-05,8.265390258225696369e-05,6.326170089660537884e-05,4.704759685199549885e-05,3.351247493431260140e-05,2.044802588821364249e-05
4.207777395531965689e-05,4.693083130797388782e-05,5.189797228786612602e-05,5.691700387199340113e-05,6.190394671109994233e-05,6.652215553152218859e-05,6.770311333860561641e-05,6.818333604114249771e-05,6.777113661308949199e-05,6.624487936214319965e-05,6.335493846838311373e-05,5.889467308193353415e-05,5.256449192625198486e-05,4.424390098999746358e-05,3.379420617813428703e-05,3.532006106242545492e-05,3.706960710897455705e-05,3.644371301462930284e-05,3.359569876548393081e-05,2.887858923971311066e-05,2.284823438430647034e-05,1.622397615404486110e-05,9.695466148678716687e-06,3.694518354750919096e-06,-1.983611485638569244e-06,-8.540060604689933332e-06,-5.468880005884716230e-06,1.076261404504294764e-06,9.162186273690344976e-07,-1.220500774268004840e-05,-2.891018952289586746e-05,-6.703988517182209086e-05,-1.118566705223084746e-04,-6.521873922434694843e-05,-3.199487480309445121e-05,3.732251884064846328e-05,6.637551832833480292e-05,7.221147171797459477e-05,5.486941865427604750e-05,7.256638188296616351e-05,8.712853101380460671e-05,9.347562667946868946e-05,9.457955467844427898e-05,9.269607526853234128e-05,8.923769984173534405e-05,8.266780430412758542e-05,6.330781234186548252e-05,4.702596807041965532e-05,3.354510397649523824e-05,2.043275472484880657e-05
4.205741696098499300e-05,4.691608966635805441e-05,5.188634732581926673e-05,5.690721204563490535e-05,6.187881773475437401e-05,6.651567475924711635e-05,6.770438739597027056e-05,6.818587320497439058e-05,6.778069418516603382e-05,6.624159029268463753e-05,6.335356902898487579e-05,5.886879692892602072e-05,5.256057733452377352e-05,4.426358629343461786e-05,3.379527135688756653e-05,3.530754857573357124e-05,3.705457502400518567e-05,3.645990692141991881e-05,3.360816098497463282e-05,2.888483371285706551e-05,2.284899914250936132e-05,1.622888310696831121e-05,9.686322980061884909e-06,3.706481330167932581e-06,-1.999868774185591827e-06,-8.549875678755888971e-06,-5.459217792725183368e-06,1.107804443469604731e-06,9.159918063343526225e-07,-1.219359520361138678e-05,-2.891604269034692295e-05,-6.703360407130696619e-05,-1.118394148596158014e-04,-6.520918619384225067e-05,-3.200187343119910530e-05,3.732470210856711045e-05,6.637030813380646454e-05,7.221008682777745914e-05,5.485631832935422087e-05,7.256690822735578606e-05,8.712982828218014653e-05,9.345146539493668302e-05,9.457746159874144795e-05,9.267808864922524490e-05,8.922995642193098801e-05,8.263579370578722177e-05,6.326772241773357395e-05,4.702662668066680539e-05,3.355700672329554234e-05,2.044438998525446041e-05
4.209895375408632387e-05,4.692551798729617188e-05,5.189074096414514944e-05,5.691326876286838092e-05,6.190104154166227023e-05,6.652199734706136503e-05,6.769305797347045632e-05,6.819006712635560386e-05,6.777540452732970500e-05,6.624311606254055552e-05,6.336308231989345183e-05,5.889209049366908144e-05,5.256312736966910394e-05,4.424124976401393341e-05,3.379095797377290616e-05,3.528883405468288142e-05,3.705788373994749457e-05,3.644523149668589632e-05,3.361359005605890930e-05,2.888570861012954008e-05,2.284945732528458659e-05,1.621607256894803153e-05,9.684067534869655002e-06,3.689173094573677409e-06,-1.973501023081167185e-06,-8.551266146145601989e-06,-5.469146796848448973e-06,1.072872116419763480e-06,9.243727969792721440e-07,-1.222254096082473714e-05,-2.893398680280278359e-05,-6.705218576126809711e-05,-1.118403552095362772e-04,-6.523034299535095007e-05,-3.201487002065492754e-05,3.732306158411210622e-05,6.638132572018503620e-05,7.221059821185193625e-05,5.485942425394311789e-05,7.254684492222134647e-05,8.713249059728320819e-05,9.345815121187648776e-05,9.457719493925908377e-05,9.268181298180361110e-05,8.922439571128684276e-05,8.267258691800154202e-05,6.329162020086171055e-05,4.707765640987267481e-05,3.355624913240787494e-05,2.047122248785408928e-05
